1,0.868731,0.959754,0.875362,0.796078,0.785507,0.711917,0.655724,0.777363,0.765323,0.854674,0.85883,0.899334,0.903744,0.634494,0.812909,0.86237,0.755305,0.797312,0.877096,0.887753,0.678315,0.79037,0.957868,0.371754,0.73167,0.882658,0.78757,0.308414,0.372711,-0.0352666,0.603929,0.818801,0.78778,0.649622,0.419032,0.332706,0.472753,0.897112,0.867267,0.468067,0.785041,0.959901,0.864705,0.959069,0.912402,0.873099,0.764128,0.65057,0.615802,0.787225,0.639242,0.855966,0.725685,0.881324,0.921624,0.756765,0.82803,0.899875,0.697056,0.348145,0.719839,0.806859,0.852485,0.90314,0.669011,0.819805,0.931859,0.692746,0.692826,0.856486,0.799365,0.430369,0.47663,0.656922,0.811755,0.836832,0.1301,0.448872,0.384448,0.601287,0.852612,0.790728,0.751159,0.77891
0.868731,1,0.910308,0.832247,0.716716,0.80885,0.606233,0.595632,0.824688,0.735981,0.79436,0.838228,0.864815,0.847997,0.565654,0.817491,0.787875,0.681382,0.721067,0.846899,0.858724,0.644184,0.774662,0.875817,0.277559,0.601397,0.797106,0.724781,0.439265,0.417385,0.0454517,0.534578,0.724806,0.643565,0.589512,0.305579,0.423308,0.443444,0.817799,0.799661,0.536566,0.802841,0.9126,0.880246,0.91806,0.81018,0.806546,0.778173,0.566072,0.558632,0.687957,0.546248,0.838099,0.639479,0.833649,0.852285,0.75535,0.827884,0.888054,0.782617,0.395762,0.701364,0.69062,0.813234,0.840942,0.655336,0.773075,0.867564,0.619947,0.665587,0.882446,0.71907,0.357374,0.235781,0.684133,0.742532,0.827941,0.116975,0.361018,0.288168,0.502859,0.833967,0.773658,0.729537,0.641294
0.959754,0.910308,1,0.909503,0.798604,0.834985,0.709138,0.584644,0.787081,0.810813,0.882188,0.876785,0.905576,0.90384,0.642857,0.880191,0.880038,0.743166,0.801316,0.880198,0.901235,0.678503,0.784103,0.937361,0.287321,0.694603,0.877561,0.751384,0.329479,0.361957,0.00262636,0.633706,0.764003,0.761276,0.680745,0.405581,0.3856,0.427161,0.883881,0.870286,0.504154,0.755507,0.954318,0.875925,0.973671,0.913634,0.832212,0.764594,0.609774,0.589146,0.752645,0.589453,0.873657,0.71403,0.89461,0.887827,0.749635,0.876028,0.921605,0.738699,0.323887,0.688731,0.80738,0.884783,0.912496,0.727759,0.793943,0.918109,0.65,0.715993,0.901002,0.757343,0.394624,0.391019,0.698229,0.791672,0.830256,0.103973,0.394758,0.359603,0.557333,0.857157,0.789283,0.77849,0.729445
0.875362,0.832247,0.909503,1,0.785992,0.820175,0.590381,0.616115,0.802036,0.742627,0.833646,0.814833,0.819275,0.862086,0.567579,0.862541,0.838181,0.617548,0.764818,0.792859,0.829679,0.690744,0.730486,0.885011,0.396378,0.643148,0.772226,0.700867,0.265904,0.306232,0.0309285,0.717643,0.760917,0.716127,0.684791,0.383786,0.437768,0.420001,0.860511,0.833076,0.553115,0.786916,0.900852,0.850468,0.911996,0.860969,0.78917,0.762936,0.710711,0.698487,0.631794,0.605026,0.860839,0.64353,0.839327,0.833043,0.694898,0.860207,0.861805,0.666591,0.388194,0.617081,0.780208,0.808508,0.871748,0.649477,0.766315,0.875146,0.634205,0.665409,0.884817,0.772772,0.378181,0.430819,0.690734,0.713589,0.764229,0.0887635,0.450706,0.421875,0.633203,0.839238,0.777837,0.733219,0.744884
0.796078,0.716716,0.798604,0.785992,1,0.692478,0.566284,0.408429,0.721395,0.731216,0.784301,0.66107,0.722294,0.713816,0.403958,0.810752,0.745535,0.582585,0.680184,0.750863,0.806197,0.713817,0.615629,0.821471,0.285126,0.68265,0.684718,0.651848,0.197168,0.244708,-0.0146259,0.607146,0.699973,0.657668,0.488217,0.448045,0.175936,0.536397,0.798827,0.669282,0.382365,0.68728,0.767068,0.701739,0.792602,0.810667,0.681299,0.585938,0.536008,0.531339,0.648509,0.609655,0.729159,0.535753,0.745846,0.727093,0.647549,0.759043,0.752224,0.707602,0.458591,0.542519,0.64154,0.781381,0.779964,0.557431,0.623631,0.824217,0.723842,0.671415,0.782311,0.666334,0.434761,0.328022,0.56151,0.597969,0.595943,0.172842,0.315378,0.354069,0.525186,0.793044,0.724588,0.599205,0.708772
0.785507,0.80885,0.834985,0.820175,0.692478,1,0.514708,0.562607,0.79107,0.697708,0.822706,0.766372,0.793811,0.750112,0.563045,0.775958,0.74507,0.605029,0.60836,0.7101,0.715862,0.602833,0.715053,0.774808,0.250678,0.68311,0.7198,0.644126,0.261892,0.387662,0.128742,0.634598,0.686553,0.606665,0.672785,0.262265,0.315856,0.386914,0.756275,0.693394,0.381419,0.672556,0.799741,0.716769,0.844214,0.786974,0.696796,0.692145,0.444366,0.519048,0.562152,0.420234,0.703465,0.484546,0.740514,0.722806,0.687122,0.701413,0.711545,0.551457,0.384709,0.570757,0.736258,0.676329,0.738264,0.541331,0.664471,0.791642,0.526351,0.70531,0.76667,0.616884,0.266731,0.19048,0.60109,0.619897,0.72001,0.196518,0.411265,0.303357,0.538632,0.781425,0.658195,0.63446,0.568648
0.711917,0.606233,0.709138,0.590381,0.566284,0.514708,1,0.596352,0.467406,0.483746,0.662494,0.682228,0.727025,0.732525,0.59493,0.595489,0.723423,0.548014,0.627136,0.615082,0.675354,0.477708,0.634498,0.631636,0.000756601,0.519828,0.764201,0.569249,0.067527,0.293435,-0.145197,0.333793,0.552081,0.455835,0.591892,0.351294,0.109086,0.463257,0.630621,0.7225,0.388789,0.554601,0.673034,0.622525,0.711994,0.615148,0.573949,0.506722,0.449957,0.527073,0.486893,0.356989,0.540754,0.599592,0.653768,0.655038,0.571654,0.643374,0.714348,0.472299,0.13649,0.399514,0.55646,0.627517,0.730001,0.64972,0.62229,0.570657,0.599465,0.572305,0.575129,0.485084,0.11012,0.167678,0.562831,0.519995,0.53046,0.104569,0.123004,0.275176,0.518425,0.655862,0.593241,0.386933,0.463502
0.655724,0.595632,0.584644,0.616115,0.408429,0.562607,0.596352,1,0.561428,0.327837,0.477945,0.638564,0.658534,0.621857,0.546379,0.414813,0.59695,0.398878,0.498048,0.534118,0.522441,0.309665,0.602613,0.613919,0.278109,0.495142,0.555884,0.469353,0.068183,0.448869,-0.115453,0.278435,0.620353,0.355805,0.556058,0.139861,0.211646,0.41373,0.512449,0.635223,0.373365,0.566001,0.648545,0.515338,0.63864,0.520509,0.647838,0.559108,0.54692,0.615327,0.493696,0.254672,0.522229,0.560587,0.558583,0.652076,0.700922,0.434216,0.586653,0.389479,0.260016,0.511557,0.507206,0.343292,0.561448,0.466354,0.58923,0.562127,0.412031,0.442348,0.506505,0.503981,0.133515,0.201258,0.425291,0.498921,0.534103,-0.0636433,0.37003,0.327813,0.509684,0.563452,0.437812,0.385556,0.474447
0.777363,0.824688,0.787081,0.802036,0.721395,0.79107,0.467406,0.561428,1,0.598233,0.70437,0.732858,0.730355,0.738798,0.56211,0.839227,0.633288,0.697437,0.6097,0.712655,0.767198,0.586078,0.599119,0.817027,0.436529,0.661548,0.686804,0.651722,0.221819,0.371405,-0.0113285,0.489756,0.688548,0.679561,0.511706,0.310768,0.437566,0.48814,0.775518,0.757784,0.547667,0.72079,0.811073,0.791411,0.850027,0.711195,0.699688,0.700048,0.551146,0.55579,0.55535,0.531167,0.754906,0.477109,0.733917,0.760957,0.698932,0.78225,0.749509,0.5589,0.48012,0.611478,0.762483,0.708937,0.773168,0.557118,0.699254,0.81135,0.653465,0.501897,0.836005,0.640154,0.372657,0.303708,0.546292,0.717284,0.791446,0.200668,0.424117,0.229381,0.489398,0.75205,0.682812,0.590571,0.630193
0.765323,0.735981,0.810813,0.742627,0.731216,0.697708,0.483746,0.327837,0.598233,1,0.800444,0.648648,0.773587,0.702155,0.44217,0.715813,0.768791,0.625944,0.709582,0.783062,0.721021,0.584769,0.695827,0.74461,0.286824,0.454732,0.720553,0.617213,0.319122,0.260249,0.00833719,0.541761,0.651859,0.653288,0.513165,0.327256,0.241596,0.291737,0.729993,0.580109,0.30196,0.681381,0.762438,0.715857,0.746334,0.771825,0.629023,0.666152,0.396635,0.508313,0.559068,0.649374,0.752549,0.678071,0.793088,0.709849,0.552675,0.727101,0.738782,0.5848,0.241025,0.523432,0.62627,0.815338,0.727409,0.671174,0.66721,0.762616,0.527358,0.668893,0.73624,0.574565,0.296161,0.374835,0.711175,0.5785,0.59461,0.097743,0.280239,0.447967,0.549512,0.67617,0.700364,0.671766,0.591283
0.854674,0.79436,0.882188,0.833646,0.784301,0.822706,0.662494,0.477945,0.70437,0.800444,1,0.781606,0.861465,0.808326,0.516184,0.8342,0.839721,0.592453,0.752365,0.786496,0.779773,0.725239,0.728444,0.806073,0.241654,0.614646,0.768308,0.703808,0.263677,0.262435,-0.0454256,0.667795,0.762171,0.639731,0.624267,0.25368,0.26587,0.439323,0.815342,0.720554,0.302916,0.691214,0.831245,0.77853,0.873565,0.872109,0.70006,0.664003,0.532456,0.562663,0.682497,0.676716,0.810994,0.650598,0.806529,0.748766,0.648875,0.804195,0.818271,0.64326,0.41845,0.528606,0.668352,0.795902,0.810039,0.632224,0.716236,0.805602,0.596237,0.674689,0.788821,0.637332,0.298396,0.298052,0.597038,0.637639,0.746031,0.181157,0.369977,0.426743,0.605305,0.787876,0.770633,0.631716,0.650662
0.85883,0.838228,0.876785,0.814833,0.66107,0.766372,0.682228,0.638564,0.732858,0.648648,0.781606,1,0.908918,0.865798,0.610941,0.797749,0.82889,0.644766,0.718336,0.828077,0.874659,0.671494,0.777554,0.84508,0.295407,0.695677,0.866636,0.712142,0.321889,0.413321,0.00419968,0.538839,0.735927,0.717363,0.604054,0.385076,0.250485,0.467471,0.813823,0.847945,0.52694,0.771139,0.883629,0.848773,0.891941,0.797203,0.830297,0.773038,0.557227,0.53341,0.749973,0.568522,0.807346,0.705778,0.844101,0.837597,0.774848,0.83064,0.875882,0.698655,0.417433,0.62141,0.693385,0.82558,0.90385,0.628581,0.788078,0.831233,0.64145,0.65094,0.776155,0.706715,0.4063,0.414386,0.596213,0.698536,0.76069,0.0673986,0.290264,0.416377,0.609768,0.862597,0.797325,0.682059,0.664622
0.899334,0.864815,0.905576,0.819275,0.722294,0.793811,0.727025,0.658534,0.730355,0.773587,0.861465,0.908918,1,0.907142,0.638769,0.773664,0.912324,0.680785,0.729999,0.885381,0.838967,0.681946,0.825686,0.858205,0.213104,0.692235,0.865767,0.722165,0.245539,0.418411,-0.0705933,0.532178,0.744073,0.688932,0.597633,0.381843,0.306623,0.473399,0.825838,0.836982,0.51266,0.779381,0.922132,0.853946,0.906588,0.82385,0.834214,0.828282,0.498091,0.613691,0.739296,0.607373,0.784818,0.765042,0.90696,0.886217,0.797168,0.809541,0.911186,0.681863,0.385652,0.696727,0.704093,0.831012,0.872136,0.69223,0.797436,0.850939,0.714695,0.659177,0.822362,0.695785,0.40147,0.397616,0.67472,0.705617,0.780774,0.176322,0.401946,0.53053,0.623152,0.871685,0.805826,0.644568,0.708268
0.903744,0.847997,0.90384,0.862086,0.713816,0.750112,0.732525,0.621857,0.738798,0.702155,0.808326,0.865798,0.907142,1,0.678204,0.792864,0.834573,0.702113,0.681236,0.81973,0.798336,0.684418,0.742718,0.873875,0.299564,0.746931,0.874649,0.722025,0.221248,0.337026,0.00109784,0.586903,0.703833,0.715913,0.577084,0.512293,0.401242,0.431946,0.864767,0.843566,0.565911,0.820183,0.940131,0.922306,0.910983,0.861879,0.813923,0.819161,0.565608,0.608786,0.700483,0.635401,0.779605,0.647471,0.850292,0.904682,0.738411,0.850984,0.900712,0.652783,0.423589,0.667293,0.722529,0.81713,0.88496,0.689191,0.761425,0.847193,0.739523,0.700417,0.862214,0.791516,0.394253,0.439498,0.64117,0.712845,0.751996,0.214981,0.412724,0.474999,0.620958,0.831207,0.806736,0.673657,0.807642
0.634494,0.565654,0.642857,0.567579,0.403958,0.563045,0.59493,0.546379,0.56211,0.44217,0.516184,0.610941,0.638769,0.678204,1,0.515549,0.563187,0.426283,0.368133,0.555485,0.538148,0.377056,0.560352,0.601926,0.159022,0.556896,0.628009,0.517068,-0.0562402,0.250118,0.0365349,0.392017,0.458261,0.416275,0.425389,0.481426,0.365476,0.341189,0.557432,0.64613,0.568053,0.501714,0.647608,0.550624,0.635227,0.498206,0.555614,0.53896,0.264238,0.409799,0.376756,0.230073,0.493203,0.442426,0.57865,0.58209,0.520104,0.618593,0.595813,0.351332,0.165347,0.390869,0.519516,0.492867,0.629793,0.698242,0.58719,0.52649,0.47331,0.531563,0.592295,0.458779,0.302135,0.323787,0.377272,0.576474,0.575245,0.0333882,0.26384,0.293191,0.271969,0.523014,0.487556,0.547988,0.531713
0.812909,0.817491,0.880191,0.862541,0.810752,0.775958,0.595489,0.414813,0.839227,0.715813,0.8342,0.797749,0.773664,0.792864,0.515549,1,0.774487,0.644153,0.702696,0.758195,0.845749,0.650746,0.610144,0.801467,0.340306,0.601313,0.72726,0.620904,0.320819,0.197177,-0.0643132,0.600014,0.641659,0.658358,0.523147,0.346219,0.414183,0.501079,0.819586,0.76335,0.465985,0.691353,0.816376,0.84846,0.870184,0.8014,0.658871,0.648258,0.603346,0.503621,0.637848,0.577357,0.819025,0.621564,0.814708,0.748311,0.68603,0.921898,0.828302,0.689812,0.428377,0.519254,0.757173,0.83208,0.849656,0.671933,0.705645,0.81352,0.589968,0.615703,0.867213,0.650474,0.434972,0.326647,0.583488,0.61168,0.739282,0.0716697,0.264009,0.294937,0.546187,0.798189,0.749647,0.664969,0.643687
0.86237,0.787875,0.880038,0.838181,0.745535,0.74507,0.723423,0.59695,0.633288,0.768791,0.839721,0.82889,0.912324,0.834573,0.563187,0.774487,1,0.589998,0.730665,0.848819,0.810896,0.628817,0.821932,0.814754,0.180698,0.637522,0.79809,0.666263,0.155682,0.228197,-0.083099,0.654453,0.695372,0.603256,0.619877,0.361131,0.208639,0.446409,0.763955,0.821243,0.506411,0.73003,0.867383,0.784159,0.851933,0.825428,0.819916,0.720488,0.575684,0.637335,0.67923,0.52905,0.790228,0.790183,0.877002,0.800537,0.750881,0.794848,0.855905,0.672845,0.323261,0.56891,0.688877,0.808138,0.819887,0.698303,0.816176,0.820164,0.636829,0.665701,0.76648,0.632595,0.44728,0.360354,0.67787,0.59875,0.620163,-0.0135813,0.380396,0.58041,0.635754,0.843557,0.746108,0.647326,0.651593
0.755305,0.681382,0.743166,0.617548,0.582585,0.605029,0.548014,0.398878,0.697437,0.625944,0.592453,0.644766,0.680785,0.702113,0.426283,0.644153,0.589998,1,0.647539,0.744449,0.69905,0.463234,0.556076,0.755489,0.398639,0.559589,0.769831,0.605946,0.200158,0.373363,-0.0116806,0.417455,0.485172,0.754124,0.473028,0.483927,0.357027,0.274947,0.705238,0.7263,0.418826,0.624903,0.747879,0.711675,0.742326,0.646364,0.623576,0.645064,0.382255,0.435094,0.55192,0.500429,0.602679,0.536252,0.719575,0.792009,0.583127,0.613017,0.702488,0.436474,0.127516,0.611108,0.712436,0.752535,0.745222,0.555378,0.637027,0.746662,0.64981,0.521827,0.704645,0.616826,0.289941,0.302653,0.69583,0.672566,0.648582,0.198806,0.300281,0.16026,0.541193,0.663795,0.634253,0.546794,0.576761
0.797312,0.721067,0.801316,0.764818,0.680184,0.60836,0.627136,0.498048,0.6097,0.709582,0.752365,0.718336,0.729999,0.681236,0.368133,0.702696,0.730665,0.647539,1,0.770327,0.825911,0.630265,0.584683,0.813423,0.370319,0.46658,0.739278,0.600207,0.368891,0.243092,-0.0208955,0.542153,0.737996,0.700788,0.647693,0.273138,0.238183,0.466948,0.776744,0.759332,0.353814,0.633146,0.767509,0.689839,0.789488,0.71781,0.693185,0.6232,0.658752,0.676456,0.659572,0.601571,0.812318,0.631933,0.702705,0.778186,0.660601,0.70174,0.750195,0.651205,0.254367,0.51391,0.702215,0.801827,0.78888,0.576071,0.654095,0.788248,0.57784,0.489347,0.729844,0.571199,0.270292,0.335991,0.633089,0.699046,0.700128,0.0928386,0.335152,0.250213,0.545127,0.750005,0.677431,0.681205,0.521387
0.877096,0.846899,0.880198,0.792859,0.750863,0.7101,0.615082,0.534118,0.712655,0.783062,0.786496,0.828077,0.885381,0.81973,0.555485,0.758195,0.848819,0.744449,0.770327,1,0.902511,0.652102,0.792534,0.898277,0.331434,0.681839,0.851782,0.722036,0.283953,0.401068,-0.0147491,0.621764,0.719638,0.709558,0.592556,0.389796,0.371387,0.430368,0.825228,0.833448,0.560176,0.77632,0.888984,0.821368,0.864513,0.784887,0.867122,0.795576,0.566504,0.560784,0.718192,0.583197,0.790415,0.703307,0.870322,0.87603,0.745012,0.784188,0.86799,0.729225,0.299979,0.623834,0.766566,0.856854,0.852335,0.636773,0.813629,0.908174,0.664192,0.68999,0.847705,0.702897,0.491339,0.424104,0.751754,0.706275,0.743506,0.115914,0.339798,0.439328,0.572346,0.869298,0.848385,0.740499,0.729666
0.887753,0.858724,0.901235,0.829679,0.806197,0.715862,0.675354,0.522441,0.767198,0.721021,0.779773,0.874659,0.838967,0.798336,0.538148,0.845749,0.810896,0.69905,0.825911,0.902511,1,0.667755,0.735206,0.915395,0.316338,0.67912,0.851028,0.751022,0.394376,0.421083,0.0204025,0.577525,0.755031,0.79406,0.640485,0.395421,0.269277,0.482915,0.874567,0.839698,0.536278,0.778412,0.877708,0.815597,0.900862,0.800995,0.842678,0.697312,0.646819,0.563715,0.72981,0.587711,0.839611,0.720121,0.872189,0.860526,0.726026,0.851626,0.864355,0.785678,0.28897,0.612848,0.793058,0.895352,0.927567,0.617185,0.819601,0.912685,0.683618,0.672643,0.854317,0.735988,0.48715,0.43552,0.67722,0.775871,0.79732,0.118489,0.258641,0.243441,0.549674,0.884014,0.826616,0.740277,0.679793
0.678315,0.644184,0.678503,0.690744,0.713817,0.602833,0.477708,0.309665,0.586078,0.584769,0.725239,0.671494,0.681946,0.684418,0.377056,0.650746,0.628817,0.463234,0.630265,0.652102,0.667755,1,0.635066,0.669928,0.177655,0.556076,0.739099,0.645287,0.198319,0.197144,0.144581,0.599868,0.710484,0.574456,0.491292,0.499219,0.296349,0.545919,0.783122,0.667993,0.287132,0.64502,0.691917,0.695254,0.70933,0.692591,0.606288,0.682427,0.438272,0.568454,0.64529,0.594165,0.671464,0.37849,0.564108,0.623813,0.463112,0.723521,0.681155,0.643394,0.519167,0.532101,0.531435,0.71179,0.73204,0.430806,0.585392,0.678496,0.675713,0.615351,0.719925,0.570577,0.292076,0.295107,0.555504,0.60573,0.618175,0.337363,0.551469,0.466425,0.53374,0.772541,0.76157,0.600162,0.710132
0.79037,0.774662,0.784103,0.730486,0.615629,0.715053,0.634498,0.602613,0.599119,0.695827,0.728444,0.777554,0.825686,0.742718,0.560352,0.610144,0.821932,0.556076,0.584683,0.792534,0.735206,0.635066,1,0.726472,0.100299,0.583738,0.829837,0.752416,0.115895,0.438188,0.085393,0.57116,0.724679,0.535719,0.679906,0.291992,0.183848,0.436794,0.710518,0.746709,0.458624,0.793136,0.79291,0.707052,0.787338,0.738364,0.789828,0.769522,0.502816,0.606115,0.561296,0.450576,0.718164,0.627689,0.738761,0.731398,0.619661,0.668117,0.746804,0.595122,0.28796,0.614885,0.586447,0.701811,0.760873,0.650555,0.869089,0.738973,0.579783,0.752997,0.727675,0.575371,0.299172,0.283776,0.681762,0.650041,0.599334,0.0936256,0.413354,0.47088,0.626214,0.781135,0.697166,0.673164,0.623325
0.957868,0.875817,0.937361,0.885011,0.821471,0.774808,0.631636,0.613919,0.817027,0.74461,0.806073,0.84508,0.858205,0.873875,0.601926,0.801467,0.814754,0.755489,0.813423,0.898277,0.915395,0.669928,0.726472,1,0.456958,0.757621,0.847576,0.772527,0.309897,0.397312,0.0288055,0.63761,0.802984,0.816962,0.644737,0.456653,0.346684,0.460321,0.901246,0.878561,0.567361,0.777422,0.953243,0.855627,0.941245,0.881137,0.899035,0.759568,0.680268,0.607336,0.764608,0.644716,0.866267,0.642056,0.857953,0.92062,0.753857,0.817129,0.879448,0.704288,0.375429,0.680125,0.82444,0.856795,0.895889,0.610488,0.783038,0.968774,0.722685,0.670444,0.866955,0.819915,0.492927,0.485445,0.658181,0.821796,0.823548,0.121901,0.41905,0.338954,0.55999,0.859805,0.805521,0.775667,0.765642
0.371754,0.277559,0.287321,0.396378,0.285126,0.250678,0.000756601,0.278109,0.436529,0.286824,0.241654,0.295407,0.213104,0.299564,0.159022,0.340306,0.180698,0.398639,0.370319,0.331434,0.316338,0.177655,0.100299,0.456958,1,0.274317,0.234993,0.210625,0.0911616,-0.00880154,-0.0542768,0.382934,0.342672,0.414409,0.205759,0.273462,0.197773,0.0575984,0.449653,0.315335,0.190407,0.384279,0.366891,0.372754,0.300603,0.311647,0.308546,0.253543,0.524891,0.253276,0.31041,0.496533,0.421277,0.132615,0.252531,0.381389,0.272614,0.366674,0.220215,0.0925957,0.258402,0.0358397,0.394815,0.309745,0.355489,0.0672617,0.276558,0.458396,0.226997,0.18195,0.276182,0.43803,0.31913,0.327883,0.298366,0.326664,0.294894,-0.0958944,0.12039,0.067653,0.441076,0.335121,0.365059,0.426542,0.340073
0.73167,0.601397,0.694603,0.643148,0.68265,0.68311,0.519828,0.495142,0.661548,0.454732,0.614646,0.695677,0.692235,0.746931,0.556896,0.601313,0.637522,0.559589,0.46658,0.681839,0.67912,0.556076,0.583738,0.757621,0.274317,1,0.704717,0.604878,0.0442417,0.392038,0.225473,0.514533,0.601685,0.661091,0.53597,0.469857,0.059462,0.349304,0.699883,0.655688,0.493619,0.628864,0.721443,0.629598,0.722355,0.675443,0.738325,0.617391,0.382427,0.404873,0.651803,0.411528,0.541621,0.325448,0.609743,0.70975,0.628476,0.580462,0.610224,0.430663,0.375597,0.515969,0.645628,0.596097,0.671472,0.367987,0.550593,0.731722,0.676247,0.594095,0.635194,0.641813,0.497829,0.337727,0.414105,0.599861,0.564072,0.247617,0.374275,0.304772,0.382634,0.698623,0.57958,0.567372,0.758807
0.882658,0.797106,0.877561,0.772226,0.684718,0.7198,0.764201,0.555884,0.686804,0.720553,0.768308,0.866636,0.865767,0.874649,0.628009,0.72726,0.79809,0.769831,0.739278,0.851782,0.851028,0.739099,0.829837,0.847576,0.234993,0.704717,1,0.749104,0.197444,0.45752,0.0506828,0.555996,0.750832,0.76478,0.656069,0.493941,0.274066,0.487007,0.843575,0.867802,0.494639,0.77637,0.870983,0.835726,0.88115,0.811132,0.816975,0.80494,0.513886,0.559774,0.698144,0.600299,0.759984,0.626599,0.790059,0.857771,0.641041,0.793857,0.832166,0.621381,0.316914,0.645341,0.773527,0.829649,0.896658,0.657979,0.823586,0.829338,0.709724,0.767927,0.796749,0.701367,0.353392,0.395098,0.738121,0.775969,0.70532,0.238525,0.370757,0.391477,0.605886,0.838081,0.836382,0.725864,0.750236
0.78757,0.724781,0.751384,0.700867,0.651848,0.644126,0.569249,0.469353,0.651722,0.617213,0.703808,0.712142,0.722165,0.722025,0.517068,0.620904,0.666263,0.605946,0.600207,0.722036,0.751022,0.645287,0.752416,0.772527,0.210625,0.604878,0.749104,1,0.224126,0.236437,0.186268,0.514698,0.753035,0.600003,0.588451,0.341027,0.290077,0.312882,0.706376,0.696231,0.405288,0.755981,0.756345,0.676616,0.767547,0.680308,0.720104,0.605168,0.491751,0.459783,0.569247,0.489351,0.721878,0.584314,0.713475,0.676789,0.572845,0.638736,0.726463,0.60309,0.291987,0.626133,0.546531,0.673302,0.739519,0.497151,0.78545,0.770663,0.6217,0.668841,0.694879,0.675656,0.345587,0.374671,0.58211,0.690976,0.697888,0.148029,0.339764,0.181849,0.482721,0.659338,0.694786,0.611323,0.641789
0.308414,0.439265,0.329479,0.265904,0.197168,0.261892,0.067527,0.068183,0.221819,0.319122,0.263677,0.321889,0.245539,0.221248,-0.0562402,0.320819,0.155682,0.200158,0.368891,0.283953,0.394376,0.198319,0.115895,0.309897,0.0911616,0.0442417,0.197444,0.224126,1,0.193536,0.00270259,0.0192699,0.184988,0.323619,0.0606315,-0.0122836,0.166921,0.0959026,0.33576,0.123647,-0.045851,0.280602,0.309215,0.362426,0.332283,0.276636,0.257572,0.188827,0.193818,0.104602,0.362525,0.242851,0.323594,0.330721,0.33152,0.363614,0.22682,0.3057,0.356508,0.471315,0.065355,0.276315,0.251936,0.386695,0.330325,0.0344461,0.150947,0.336965,-0.00173095,0.160372,0.275844,0.319686,0.0499213,0.230106,0.118682,0.247274,0.472381,0.0341929,-0.0658391,-0.160331,0.0721764,0.290502,0.31546,0.316739,0.139592
0.372711,0.417385,0.361957,0.306232,0.244708,0.387662,0.293435,0.448869,0.371405,0.260249,0.262435,0.413321,0.418411,0.337026,0.250118,0.197177,0.228197,0.373363,0.243092,0.401068,0.421083,0.197144,0.438188,0.397312,-0.00880154,0.392038,0.45752,0.236437,0.193536,1,0.0300767,0.0919577,0.326778,0.462497,0.39423,0.0570325,0.0542615,0.131727,0.333101,0.311181,0.235071,0.298947,0.382575,0.329248,0.426734,0.319871,0.460871,0.433212,0.0996628,0.210649,0.253382,0.174191,0.226746,0.23089,0.387393,0.450289,0.190552,0.255378,0.385299,0.176225,0.0557232,0.411362,0.388744,0.304536,0.391919,0.199799,0.291721,0.384284,0.358733,0.337045,0.342007,0.399862,0.0652031,0.0982935,0.324275,0.370827,0.411958,0.272843,0.0857156,0.0902211,0.148664,0.385295,0.349308,0.177726,0.324408
-0.0352666,0.0454517,0.00262636,0.0309285,-0.0146259,0.128742,-0.145197,-0.115453,-0.0113285,0.00833719,-0.0454256,0.00419968,-0.0705933,0.00109784,0.0365349,-0.0643132,-0.083099,-0.0116806,-0.0208955,-0.0147491,0.0204025,0.144581,0.085393,0.0288055,-0.0542768,0.225473,0.0506828,0.186268,0.00270259,0.0300767,1,0.200046,0.0759756,0.0603,0.181818,0.103423,-0.0435724,-0.0801801,0.00265307,0.0273444,0.0381783,0.0914248,-0.0272467,-0.0985463,-0.0245692,-0.00890612,-0.0188979,-0.0112908,-0.0470519,0.0665623,-0.0263642,-0.208769,0.0215965,-0.267628,-0.17501,-0.0793615,-0.0335992,-0.111437,-0.149405,0.013114,-0.147287,0.138858,0.0309057,-0.0675632,-0.0443778,-0.0826447,0.0395014,-0.00531081,0.0710323,0.169427,0.0370734,-0.00173361,0.0854641,-0.172008,0.104466,0.0789537,0.0153491,0.00213303,0.278887,-0.184494,-0.0991913,-0.104128,-0.147155,0.321718,0.107459
0.603929,0.534578,0.633706,0.717643,0.607146,0.634598,0.333793,0.278435,0.489756,0.541761,0.667795,0.538839,0.532178,0.586903,0.392017,0.600014,0.654453,0.417455,0.542153,0.621764,0.577525,0.599868,0.57116,0.63761,0.382934,0.514533,0.555996,0.514698,0.0192699,0.0919577,0.200046,1,0.481564,0.42956,0.599566,0.308373,0.225129,0.300237,0.676426,0.624921,0.279436,0.559472,0.612571,0.552815,0.628648,0.715533,0.572839,0.480409,0.588302,0.4567,0.499959,0.44058,0.673249,0.31424,0.526893,0.519377,0.465637,0.596643,0.531337,0.458408,0.329652,0.320974,0.56165,0.562644,0.61703,0.425012,0.637368,0.690132,0.461168,0.625167,0.632356,0.544221,0.35884,0.175615,0.537227,0.41742,0.384744,-0.0366969,0.37437,0.337566,0.529723,0.654154,0.59207,0.707754,0.599582
0.818801,0.724806,0.764003,0.760917,0.699973,0.686553,0.552081,0.620353,0.688548,0.651859,0.762171,0.735927,0.744073,0.703833,0.458261,0.641659,0.695372,0.485172,0.737996,0.719638,0.755031,0.710484,0.724679,0.802984,0.342672,0.601685,0.750832,0.753035,0.184988,0.326778,0.0759756,0.481564,1,0.649652,0.668431,0.189371,0.18436,0.41184,0.753504,0.71017,0.355292,0.71262,0.767302,0.683269,0.790471,0.747656,0.753146,0.663068,0.615116,0.59852,0.578872,0.588186,0.778927,0.532209,0.645396,0.696643,0.617131,0.662757,0.692701,0.644445,0.473911,0.544085,0.671525,0.661346,0.730112,0.44707,0.682945,0.769285,0.554259,0.58236,0.682123,0.627943,0.236943,0.363816,0.537759,0.771344,0.71802,0.242589,0.453408,0.298852,0.539618,0.718211,0.713316,0.61847,0.614182
0.78778,0.643565,0.761276,0.716127,0.657668,0.606665,0.455835,0.355805,0.679561,0.653288,0.639731,0.717363,0.688932,0.715913,0.416275,0.658358,0.603256,0.754124,0.700788,0.709558,0.79406,0.574456,0.535719,0.816962,0.414409,0.661091,0.76478,0.600003,0.323619,0.462497,0.0603,0.42956,0.649652,1,0.493812,0.515773,0.21465,0.264164,0.78749,0.691362,0.407726,0.638873,0.785554,0.721961,0.764911,0.739577,0.748527,0.651015,0.478912,0.501644,0.586374,0.660235,0.697027,0.582305,0.745779,0.807374,0.465575,0.706142,0.710177,0.499172,0.204296,0.586761,0.748362,0.82616,0.789431,0.450054,0.614392,0.802143,0.683628,0.49992,0.709943,0.73188,0.422543,0.591206,0.540345,0.790501,0.734596,0.344749,0.36571,0.228934,0.48966,0.708261,0.698335,0.585506,0.654247
0.649622,0.589512,0.680745,0.684791,0.488217,0.672785,0.591892,0.556058,0.511706,0.513165,0.624267,0.604054,0.597633,0.577084,0.425389,0.523147,0.619877,0.473028,0.647693,0.592556,0.640485,0.491292,0.679906,0.644737,0.205759,0.53597,0.656069,0.588451,0.0606315,0.39423,0.181818,0.599566,0.668431,0.493812,1,0.1488,0.115748,0.227949,0.642892,0.648056,0.304234,0.523878,0.635627,0.519472,0.68677,0.599246,0.61486,0.552535,0.633611,0.590154,0.437782,0.249614,0.635662,0.380719,0.543622,0.552417,0.534159,0.523137,0.531895,0.394443,0.0621816,0.396564,0.643112,0.509998,0.598764,0.396073,0.602697,0.652311,0.354705,0.639123,0.625596,0.510119,0.0685368,0.0333884,0.631756,0.58489,0.523567,0.0444758,0.276319,0.116269,0.466186,0.633325,0.465212,0.560744,0.424582
0.419032,0.305579,0.405581,0.383786,0.448045,0.262265,0.351294,0.139861,0.310768,0.327256,0.25368,0.385076,0.381843,0.512293,0.481426,0.346219,0.361131,0.483927,0.273138,0.389796,0.395421,0.499219,0.291992,0.456653,0.273462,0.469857,0.493941,0.341027,-0.0122836,0.0570325,0.103423,0.308373,0.189371,0.515773,0.1488,1,0.1462,0.240163,0.53674,0.432547,0.378259,0.442924,0.485331,0.4717,0.382424,0.364823,0.418146,0.357451,0.137234,0.318783,0.29359,0.269306,0.276413,0.249645,0.394759,0.509334,0.226479,0.486978,0.404398,0.23069,0.232815,0.223239,0.30368,0.518902,0.525792,0.332128,0.324498,0.429284,0.565677,0.505765,0.405036,0.485026,0.329355,0.365012,0.318075,0.415283,0.278976,0.190752,0.203155,0.275666,0.398387,0.478926,0.479677,0.363004,0.565626
0.332706,0.423308,0.3856,0.437768,0.175936,0.315856,0.109086,0.211646,0.437566,0.241596,0.26587,0.250485,0.306623,0.401242,0.365476,0.414183,0.208639,0.357027,0.238183,0.371387,0.269277,0.296349,0.183848,0.346684,0.197773,0.059462,0.274066,0.290077,0.166921,0.0542615,-0.0435724,0.225129,0.18436,0.21465,0.115748,0.1462,1,0.16621,0.305123,0.413764,0.383759,0.249511,0.393571,0.429249,0.376664,0.248613,0.238908,0.474919,0.316013,0.30681,0.202709,0.165986,0.323959,0.209699,0.343137,0.343244,0.227178,0.441648,0.425782,0.306342,0.0144358,0.393512,0.404255,0.269633,0.291802,0.363519,0.276403,0.356079,0.206366,0.173549,0.551149,0.35729,0.22103,0.257582,0.394843,0.297595,0.512789,0.0566442,0.388349,0.214361,0.0829374,0.274386,0.346057,0.311883,0.33847
0.472753,0.443444,0.427161,0.420001,0.536397,0.386914,0.463257,0.41373,0.48814,0.291737,0.439323,0.467471,0.473399,0.431946,0.341189,0.501079,0.446409,0.274947,0.466948,0.430368,0.482915,0.545919,0.436794,0.460321,0.0575984,0.349304,0.487007,0.312882,0.0959026,0.131727,-0.0801801,0.300237,0.41184,0.264164,0.227949,0.240163,0.16621,1,0.483926,0.559278,0.262554,0.386776,0.458476,0.476666,0.482612,0.446043,0.463683,0.505587,0.482962,0.467786,0.504898,0.429236,0.441412,0.288778,0.40283,0.493246,0.547872,0.466462,0.458887,0.395285,0.402624,0.41581,0.370719,0.390647,0.474067,0.459611,0.50115,0.462279,0.517666,0.399996,0.497183,0.37167,0.333386,0.202318,0.219905,0.301342,0.344885,-0.0271542,0.33603,0.405767,0.414899,0.503574,0.452011,0.399902,0.440992
0.897112,0.817799,0.883881,0.860511,0.798827,0.756275,0.630621,0.512449,0.775518,0.729993,0.815342,0.813823,0.825838,0.864767,0.557432,0.819586,0.763955,0.705238,0.776744,0.825228,0.874567,0.783122,0.710518,0.901246,0.449653,0.699883,0.843575,0.706376,0.33576,0.333101,0.00265307,0.676426,0.753504,0.78749,0.642892,0.53674,0.305123,0.483926,1,0.829175,0.409986,0.806216,0.905428,0.876272,0.89985,0.870385,0.777705,0.729376,0.665552,0.654147,0.710123,0.676655,0.80741,0.581863,0.812115,0.889238,0.680516,0.858327,0.825016,0.693018,0.445235,0.578671,0.791497,0.880393,0.928488,0.569406,0.761737,0.905668,0.729756,0.701609,0.866424,0.784182,0.3781,0.448388,0.639704,0.789333,0.794078,0.291961,0.431414,0.309603,0.710298,0.91688,0.858729,0.745223,0.767543
0.867267,0.799661,0.870286,0.833076,0.669282,0.693394,0.7225,0.635223,0.757784,0.580109,0.720554,0.847945,0.836982,0.843566,0.64613,0.76335,0.821243,0.7263,0.759332,0.833448,0.839698,0.667993,0.746709,0.878561,0.315335,0.655688,0.867802,0.696231,0.123647,0.311181,0.0273444,0.624921,0.71017,0.691362,0.648056,0.432547,0.413764,0.559278,0.829175,1,0.636883,0.701024,0.879451,0.818693,0.881091,0.780636,0.815912,0.775434,0.691819,0.682037,0.669409,0.505805,0.801018,0.614232,0.785857,0.848582,0.734646,0.792968,0.851068,0.642472,0.301794,0.639788,0.812155,0.781553,0.864795,0.669838,0.82982,0.845849,0.729684,0.595409,0.829124,0.683549,0.437698,0.40412,0.670991,0.764205,0.741472,0.0852379,0.471042,0.381039,0.593608,0.839615,0.758269,0.729006,0.669314
0.468067,0.536566,0.504154,0.553115,0.382365,0.381419,0.388789,0.373365,0.547667,0.30196,0.302916,0.52694,0.51266,0.565911,0.568053,0.465985,0.506411,0.418826,0.353814,0.560176,0.536278,0.287132,0.458624,0.567361,0.190407,0.493619,0.494639,0.405288,-0.045851,0.235071,0.0381783,0.279436,0.355292,0.407726,0.304234,0.378259,0.383759,0.262554,0.409986,0.636883,1,0.536451,0.544188,0.528131,0.506161,0.322892,0.561735,0.631264,0.338625,0.409712,0.26876,0.250312,0.442067,0.325139,0.549755,0.551468,0.447179,0.521914,0.568452,0.396006,0.129519,0.395651,0.477901,0.505598,0.524507,0.52341,0.523307,0.510839,0.534917,0.292887,0.568868,0.438324,0.474201,0.363851,0.429087,0.503369,0.43794,0.0376901,0.217529,0.323285,0.219863,0.510092,0.457905,0.440445,0.413908
0.785041,0.802841,0.755507,0.786916,0.68728,0.672556,0.554601,0.566001,0.72079,0.681381,0.691214,0.771139,0.779381,0.820183,0.501714,0.691353,0.73003,0.624903,0.633146,0.77632,0.778412,0.64502,0.793136,0.777422,0.384279,0.628864,0.77637,0.755981,0.280602,0.298947,0.0914248,0.559472,0.71262,0.638873,0.523878,0.442924,0.249511,0.386776,0.806216,0.701024,0.536451,1,0.811143,0.783632,0.774523,0.72695,0.740105,0.757048,0.543766,0.642715,0.548497,0.60827,0.740326,0.604346,0.752896,0.808469,0.694602,0.731054,0.750108,0.683156,0.419313,0.582608,0.592227,0.757256,0.826851,0.572958,0.826754,0.78183,0.690774,0.674295,0.769366,0.668044,0.319322,0.368721,0.663449,0.709961,0.649835,0.238621,0.377447,0.328898,0.683508,0.803346,0.766938,0.665596,0.712785
0.959901,0.9126,0.954318,0.900852,0.767068,0.799741,0.673034,0.648545,0.811073,0.762438,0.831245,0.883629,0.922132,0.940131,0.647608,0.816376,0.867383,0.747879,0.767509,0.888984,0.877708,0.691917,0.79291,0.953243,0.366891,0.721443,0.870983,0.756345,0.309215,0.382575,-0.0272467,0.612571,0.767302,0.785554,0.635627,0.485331,0.393571,0.458476,0.905428,0.879451,0.544188,0.811143,1,0.930742,0.966689,0.895911,0.903842,0.814944,0.642458,0.632197,0.752274,0.632511,0.853193,0.708741,0.900473,0.948181,0.776242,0.862546,0.92734,0.695255,0.413382,0.718885,0.786434,0.870515,0.910151,0.662993,0.813872,0.934404,0.704611,0.706117,0.898169,0.820056,0.450297,0.46111,0.677793,0.786748,0.841076,0.135084,0.455687,0.452601,0.623898,0.881753,0.82439,0.740114,0.78603
0.864705,0.880246,0.875925,0.850468,0.701739,0.716769,0.622525,0.515338,0.791411,0.715857,0.77853,0.848773,0.853946,0.922306,0.550624,0.84846,0.784159,0.711675,0.689839,0.821368,0.815597,0.695254,0.707052,0.855627,0.372754,0.629598,0.835726,0.676616,0.362426,0.329248,-0.0985463,0.552815,0.683269,0.721961,0.519472,0.4717,0.429249,0.476666,0.876272,0.818693,0.528131,0.783632,0.930742,1,0.903547,0.828161,0.81878,0.804143,0.607357,0.527206,0.680115,0.678137,0.811725,0.63944,0.85436,0.895293,0.688022,0.898732,0.906871,0.656981,0.52332,0.629227,0.71979,0.857707,0.879349,0.630623,0.748217,0.857267,0.657351,0.667776,0.87147,0.806753,0.418951,0.425819,0.624548,0.675861,0.775042,0.165862,0.318048,0.431546,0.631593,0.843453,0.869111,0.668199,0.762255
0.959069,0.91806,0.973671,0.911996,0.792602,0.844214,0.711994,0.63864,0.850027,0.746334,0.873565,0.891941,0.906588,0.910983,0.635227,0.870184,0.851933,0.742326,0.789488,0.864513,0.900862,0.70933,0.787338,0.941245,0.300603,0.722355,0.88115,0.767547,0.332283,0.426734,-0.0245692,0.628648,0.790471,0.764911,0.68677,0.382424,0.376664,0.482612,0.89985,0.881091,0.506161,0.774523,0.966689,0.903547,1,0.908297,0.863603,0.783224,0.632846,0.598247,0.762315,0.607046,0.878128,0.68008,0.883936,0.906486,0.756054,0.874529,0.932132,0.705531,0.417671,0.724758,0.817249,0.867975,0.927497,0.675379,0.806192,0.928398,0.685409,0.697056,0.907507,0.784366,0.367959,0.383359,0.666149,0.79829,0.866293,0.147334,0.422179,0.364082,0.58232,0.881269,0.81493,0.736793,0.761058
0.912402,0.81018,0.913634,0.860969,0.810667,0.786974,0.615148,0.520509,0.711195,0.771825,0.872109,0.797203,0.82385,0.861879,0.498206,0.8014,0.825428,0.646364,0.71781,0.784887,0.800995,0.692591,0.738364,0.881137,0.311647,0.675443,0.811132,0.680308,0.276636,0.319871,-0.00890612,0.715533,0.747656,0.739577,0.599246,0.364823,0.248613,0.446043,0.870385,0.780636,0.322892,0.72695,0.895911,0.828161,0.908297,1,0.796603,0.694235,0.637323,0.548119,0.740542,0.681025,0.84813,0.627597,0.803258,0.832835,0.663042,0.786986,0.833736,0.662568,0.431657,0.654134,0.734823,0.814973,0.838486,0.614568,0.751634,0.884611,0.64139,0.703318,0.81982,0.763769,0.335001,0.422766,0.584463,0.72348,0.702928,0.17194,0.451451,0.423001,0.628818,0.807911,0.753338,0.719785,0.752117
0.873099,0.806546,0.832212,0.78917,0.681299,0.696796,0.573949,0.647838,0.699688,0.629023,0.70006,0.830297,0.834214,0.813923,0.555614,0.658871,0.819916,0.623576,0.693185,0.867122,0.842678,0.606288,0.789828,0.899035,0.308546,0.738325,0.816975,0.720104,0.257572,0.460871,-0.0188979,0.572839,0.753146,0.748527,0.61486,0.418146,0.238908,0.463683,0.777705,0.815912,0.561735,0.740105,0.903842,0.81878,0.863603,0.796603,1,0.77602,0.629344,0.525409,0.712269,0.555669,0.805855,0.667636,0.818344,0.875952,0.695259,0.725981,0.831135,0.608733,0.406708,0.658429,0.708986,0.757818,0.801678,0.531481,0.797265,0.900323,0.630779,0.671134,0.769102,0.787979,0.511513,0.485064,0.568432,0.731614,0.71084,0.0692316,0.382685,0.448024,0.524185,0.822843,0.784422,0.675608,0.748863
0.764128,0.778173,0.764594,0.762936,0.585938,0.692145,0.506722,0.559108,0.700048,0.666152,0.664003,0.773038,0.828282,0.819161,0.53896,0.648258,0.720488,0.645064,0.6232,0.795576,0.697312,0.682427,0.769522,0.759568,0.253543,0.617391,0.80494,0.605168,0.188827,0.433212,-0.0112908,0.480409,0.663068,0.651015,0.552535,0.357451,0.474919,0.505587,0.729376,0.775434,0.631264,0.757048,0.814944,0.804143,0.783224,0.694235,0.77602,1,0.501048,0.62874,0.612418,0.608471,0.718598,0.531183,0.763578,0.812307,0.652634,0.715348,0.810536,0.562572,0.303967,0.709422,0.647849,0.729584,0.738713,0.634653,0.715984,0.776937,0.683787,0.584081,0.829381,0.674279,0.339003,0.41962,0.68752,0.67566,0.676399,0.245697,0.508383,0.56636,0.538288,0.786264,0.733345,0.631657,0.686064
0.65057,0.566072,0.609774,0.710711,0.536008,0.444366,0.449957,0.54692,0.551146,0.396635,0.532456,0.557227,0.498091,0.565608,0.264238,0.603346,0.575684,0.382255,0.658752,0.566504,0.646819,0.438272,0.502816,0.680268,0.524891,0.382427,0.513886,0.491751,0.193818,0.0996628,-0.0470519,0.588302,0.615116,0.478912,0.633611,0.137234,0.316013,0.482962,0.665552,0.691819,0.338625,0.543766,0.642458,0.607357,0.632846,0.637323,0.629344,0.501048,1,0.631162,0.516412,0.493279,0.701717,0.436009,0.530989,0.611067,0.571947,0.599393,0.542777,0.468382,0.213342,0.368632,0.626787,0.492473,0.589307,0.319691,0.645024,0.704818,0.382714,0.465931,0.620919,0.652295,0.383722,0.359994,0.44586,0.516809,0.494601,-0.180556,0.335506,0.224953,0.575596,0.597165,0.52703,0.598899,0.503589
0.615802,0.558632,0.589146,0.698487,0.531339,0.519048,0.527073,0.615327,0.55579,0.508313,0.562663,0.53341,0.613691,0.608786,0.409799,0.503621,0.637335,0.435094,0.676456,0.560784,0.563715,0.568454,0.606115,0.607336,0.253276,0.404873,0.559774,0.459783,0.104602,0.210649,0.0665623,0.4567,0.59852,0.501644,0.590154,0.318783,0.30681,0.467786,0.654147,0.682037,0.409712,0.642715,0.632197,0.527206,0.598247,0.548119,0.525409,0.62874,0.631162,1,0.375673,0.381664,0.574838,0.482431,0.538866,0.636976,0.571187,0.561922,0.558961,0.510453,0.146257,0.417894,0.592924,0.556575,0.599269,0.508018,0.598858,0.575306,0.596104,0.40466,0.649703,0.405475,0.168471,0.289876,0.547729,0.549135,0.527723,0.175616,0.585767,0.400953,0.595319,0.652581,0.466585,0.469407,0.436418
0.787225,0.687957,0.752645,0.631794,0.648509,0.562152,0.486893,0.493696,0.55535,0.559068,0.682497,0.749973,0.739296,0.700483,0.376756,0.637848,0.67923,0.55192,0.659572,0.718192,0.72981,0.64529,0.561296,0.764608,0.31041,0.651803,0.698144,0.569247,0.362525,0.253382,-0.0263642,0.499959,0.578872,0.586374,0.437782,0.29359,0.202709,0.504898,0.710123,0.669409,0.26876,0.548497,0.752274,0.680115,0.762315,0.740542,0.712269,0.612418,0.516412,0.375673,1,0.61315,0.712719,0.573933,0.676494,0.729374,0.693194,0.630981,0.726311,0.635281,0.339903,0.680776,0.560665,0.669191,0.705065,0.455899,0.598271,0.760046,0.514148,0.50196,0.674722,0.631957,0.501834,0.366869,0.481372,0.564934,0.651698,-0.0373562,0.370552,0.413976,0.394656,0.705271,0.618708,0.674092,0.713991
0.639242,0.546248,0.589453,0.605026,0.609655,0.420234,0.356989,0.254672,0.531167,0.649374,0.676716,0.568522,0.607373,0.635401,0.230073,0.577357,0.52905,0.500429,0.601571,0.583197,0.587711,0.594165,0.450576,0.644716,0.496533,0.411528,0.600299,0.489351,0.242851,0.174191,-0.208769,0.44058,0.588186,0.660235,0.249614,0.269306,0.165986,0.429236,0.676655,0.505805,0.250312,0.60827,0.632511,0.678137,0.607046,0.681025,0.555669,0.608471,0.493279,0.381664,0.61315,1,0.65893,0.478471,0.627658,0.648265,0.399641,0.64491,0.625784,0.444202,0.415385,0.406019,0.437405,0.693324,0.654882,0.429187,0.541984,0.663665,0.601218,0.393661,0.578057,0.647643,0.374312,0.549229,0.441263,0.532995,0.501698,0.240123,0.280919,0.454024,0.607095,0.593135,0.731865,0.49336,0.607883
0.855966,0.838099,0.873657,0.860839,0.729159,0.703465,0.540754,0.522229,0.754906,0.752549,0.810994,0.807346,0.784818,0.779605,0.493203,0.819025,0.790228,0.602679,0.812318,0.790415,0.839611,0.671464,0.718164,0.866267,0.421277,0.541621,0.759984,0.721878,0.323594,0.226746,0.0215965,0.673249,0.778927,0.697027,0.635662,0.276413,0.323959,0.441412,0.80741,0.801018,0.442067,0.740326,0.853193,0.811725,0.878128,0.84813,0.805855,0.718598,0.701717,0.574838,0.712719,0.65893,1,0.681595,0.775745,0.764663,0.657115,0.832033,0.846936,0.687899,0.405251,0.631928,0.695252,0.815887,0.825798,0.673502,0.800407,0.871224,0.574066,0.590167,0.845751,0.665946,0.345485,0.374628,0.623897,0.746388,0.747907,0.00416006,0.370686,0.322611,0.532323,0.773551,0.734608,0.780821,0.651711
0.725685,0.639479,0.71403,0.64353,0.535753,0.484546,0.599592,0.560587,0.477109,0.678071,0.650598,0.705778,0.765042,0.647471,0.442426,0.621564,0.790183,0.536252,0.631933,0.703307,0.720121,0.37849,0.627689,0.642056,0.132615,0.325448,0.626599,0.584314,0.330721,0.23089,-0.267628,0.31424,0.532209,0.582305,0.380719,0.249645,0.209699,0.288778,0.581863,0.614232,0.325139,0.604346,0.708741,0.63944,0.68008,0.627597,0.667636,0.531183,0.436009,0.482431,0.573933,0.478471,0.681595,1,0.856919,0.694733,0.611911,0.646784,0.779667,0.600173,0.0936389,0.569509,0.496106,0.70303,0.706363,0.668853,0.737653,0.64993,0.457437,0.473629,0.610246,0.538302,0.338076,0.462196,0.551644,0.505717,0.604314,-0.0798379,0.177246,0.401226,0.530158,0.619221,0.61969,0.43464,0.470733
0.881324,0.833649,0.89461,0.839327,0.745846,0.740514,0.653768,0.558583,0.733917,0.793088,0.806529,0.844101,0.90696,0.850292,0.57865,0.814708,0.877002,0.719575,0.702705,0.870322,0.872189,0.564108,0.738761,0.857953,0.252531,0.609743,0.790059,0.713475,0.33152,0.387393,-0.17501,0.526893,0.645396,0.745779,0.543622,0.394759,0.343137,0.40283,0.812115,0.785857,0.549755,0.752896,0.900473,0.85436,0.883936,0.803258,0.818344,0.763578,0.530989,0.538866,0.676494,0.627658,0.775745,0.856919,1,0.876958,0.727773,0.827927,0.925751,0.677965,0.252309,0.674385,0.698438,0.875995,0.874336,0.713086,0.809175,0.879229,0.683536,0.652837,0.838741,0.783736,0.464501,0.487851,0.678146,0.657492,0.762632,0.0873571,0.277374,0.455628,0.620904,0.833879,0.814673,0.593719,0.669558
0.921624,0.852285,0.887827,0.833043,0.727093,0.722806,0.655038,0.652076,0.760957,0.709849,0.748766,0.837597,0.886217,0.904682,0.58209,0.748311,0.800537,0.792009,0.778186,0.87603,0.860526,0.623813,0.731398,0.92062,0.381389,0.70975,0.857771,0.676789,0.363614,0.450289,-0.0793615,0.519377,0.696643,0.807374,0.552417,0.509334,0.343244,0.493246,0.889238,0.848582,0.551468,0.808469,0.948181,0.895293,0.906486,0.832835,0.875952,0.812307,0.611067,0.636976,0.729374,0.648265,0.764663,0.694733,0.876958,1,0.771456,0.780358,0.884602,0.65358,0.370583,0.709974,0.777445,0.850894,0.899236,0.618581,0.778249,0.902116,0.729993,0.652142,0.843419,0.812849,0.447636,0.529374,0.624673,0.783923,0.796114,0.209907,0.411936,0.399068,0.651169,0.865571,0.812275,0.699866,0.781964
0.756765,0.75535,0.749635,0.694898,0.647549,0.687122,0.571654,0.700922,0.698932,0.552675,0.648875,0.774848,0.797168,0.738411,0.520104,0.68603,0.750881,0.583127,0.660601,0.745012,0.726026,0.463112,0.619661,0.753857,0.272614,0.628476,0.641041,0.572845,0.22682,0.190552,-0.0335992,0.465637,0.617131,0.465575,0.534159,0.226479,0.227178,0.547872,0.680516,0.734646,0.447179,0.694602,0.776242,0.688022,0.756054,0.663042,0.695259,0.652634,0.571947,0.571187,0.693194,0.399641,0.657115,0.611911,0.727773,0.771456,1,0.59523,0.707496,0.683263,0.37013,0.624135,0.600326,0.599788,0.70149,0.558865,0.675814,0.73503,0.52982,0.51607,0.712006,0.552341,0.375266,0.215794,0.500279,0.557991,0.612113,-0.0639443,0.323377,0.310643,0.507528,0.723538,0.552499,0.598413,0.560121
0.82803,0.827884,0.876028,0.860207,0.759043,0.701413,0.643374,0.434216,0.78225,0.727101,0.804195,0.83064,0.809541,0.850984,0.618593,0.921898,0.794848,0.613017,0.70174,0.784188,0.851626,0.723521,0.668117,0.817129,0.366674,0.580462,0.793857,0.638736,0.3057,0.255378,-0.111437,0.596643,0.662757,0.706142,0.523137,0.486978,0.441648,0.466462,0.858327,0.792968,0.521914,0.731054,0.862546,0.898732,0.874529,0.786986,0.725981,0.715348,0.599393,0.561922,0.630981,0.64491,0.832033,0.646784,0.827927,0.780358,0.59523,1,0.875873,0.69195,0.430071,0.47942,0.725447,0.884165,0.897568,0.693725,0.733131,0.823033,0.656691,0.642712,0.865606,0.709143,0.453175,0.422027,0.619494,0.655126,0.750142,0.099407,0.275075,0.413005,0.565043,0.848046,0.846966,0.677903,0.69638
0.899875,0.888054,0.921605,0.861805,0.752224,0.711545,0.714348,0.586653,0.749509,0.738782,0.818271,0.875882,0.911186,0.900712,0.595813,0.828302,0.855905,0.702488,0.750195,0.86799,0.864355,0.681155,0.746804,0.879448,0.220215,0.610224,0.832166,0.726463,0.356508,0.385299,-0.149405,0.531337,0.692701,0.710177,0.531895,0.404398,0.425782,0.458887,0.825016,0.851068,0.568452,0.750108,0.92734,0.906871,0.932132,0.833736,0.831135,0.810536,0.542777,0.558961,0.726311,0.625784,0.846936,0.779667,0.925751,0.884602,0.707496,0.875873,1,0.729678,0.36939,0.720919,0.684859,0.889425,0.903512,0.742942,0.771851,0.87079,0.723709,0.620016,0.878048,0.765523,0.369214,0.444509,0.673027,0.702945,0.815712,0.123397,0.324657,0.466694,0.550107,0.857248,0.838717,0.641058,0.716724
0.697056,0.782617,0.738699,0.666591,0.707602,0.551457,0.472299,0.389479,0.5589,0.5848,0.64326,0.698655,0.681863,0.652783,0.351332,0.689812,0.672845,0.436474,0.651205,0.729225,0.785678,0.643394,0.595122,0.704288,0.0925957,0.430663,0.621381,0.60309,0.471315,0.176225,0.013114,0.458408,0.644445,0.499172,0.394443,0.23069,0.306342,0.395285,0.693018,0.642472,0.396006,0.683156,0.695255,0.656981,0.705531,0.662568,0.608733,0.562572,0.468382,0.510453,0.635281,0.444202,0.687899,0.600173,0.677965,0.65358,0.683263,0.69195,0.729678,1,0.361238,0.554848,0.522615,0.72522,0.719459,0.534999,0.608823,0.689457,0.497388,0.499816,0.73935,0.506859,0.321922,0.222894,0.500064,0.610133,0.652014,0.135377,0.287583,0.182899,0.355636,0.7376,0.673683,0.617146,0.495727
0.348145,0.395762,0.323887,0.388194,0.458591,0.384709,0.13649,0.260016,0.48012,0.241025,0.41845,0.417433,0.385652,0.423589,0.165347,0.428377,0.323261,0.127516,0.254367,0.299979,0.28897,0.519167,0.28796,0.375429,0.258402,0.375597,0.316914,0.291987,0.065355,0.0557232,-0.147287,0.329652,0.473911,0.204296,0.0621816,0.232815,0.0144358,0.402624,0.445235,0.301794,0.129519,0.419313,0.413382,0.52332,0.417671,0.431657,0.406708,0.303967,0.213342,0.146257,0.339903,0.415385,0.405251,0.0936389,0.252309,0.370583,0.37013,0.430071,0.36939,0.361238,1,0.198064,0.208882,0.330573,0.394978,0.134951,0.253508,0.377766,0.335907,0.288044,0.32737,0.329515,0.161978,0.103793,-0.0192412,0.25424,0.288506,0.207477,0.194111,0.286987,0.353378,0.446161,0.518652,0.250682,0.463119
0.719839,0.701364,0.688731,0.617081,0.542519,0.570757,0.399514,0.511557,0.611478,0.523432,0.528606,0.62141,0.696727,0.667293,0.390869,0.519254,0.56891,0.611108,0.51391,0.623834,0.612848,0.532101,0.614885,0.680125,0.0358397,0.515969,0.645341,0.626133,0.276315,0.411362,0.138858,0.320974,0.544085,0.586761,0.396564,0.223239,0.393512,0.41581,0.578671,0.639788,0.395651,0.582608,0.718885,0.629227,0.724758,0.654134,0.658429,0.709422,0.368632,0.417894,0.680776,0.406019,0.631928,0.569509,0.674385,0.709974,0.624135,0.47942,0.720919,0.554848,0.198064,1,0.518032,0.570073,0.604783,0.523798,0.629259,0.671589,0.593727,0.430551,0.721813,0.618502,0.308456,0.303418,0.528269,0.645471,0.705725,0.140127,0.573749,0.321864,0.293571,0.554604,0.477438,0.547189,0.662825
0.806859,0.69062,0.80738,0.780208,0.64154,0.736258,0.55646,0.507206,0.762483,0.62627,0.668352,0.693385,0.704093,0.722529,0.519516,0.757173,0.688877,0.712436,0.702215,0.766566,0.793058,0.531435,0.586447,0.82444,0.394815,0.645628,0.773527,0.546531,0.251936,0.388744,0.0309057,0.56165,0.671525,0.748362,0.643112,0.30368,0.404255,0.370719,0.791497,0.812155,0.477901,0.592227,0.786434,0.71979,0.817249,0.734823,0.708986,0.647849,0.626787,0.592924,0.560665,0.437405,0.695252,0.496106,0.698438,0.777445,0.600326,0.725447,0.684859,0.522615,0.208882,0.518032,1,0.718522,0.769534,0.469498,0.673489,0.80814,0.530641,0.551943,0.76924,0.592781,0.390762,0.432294,0.635759,0.7073,0.732407,0.199615,0.421738,0.232052,0.49141,0.747736,0.663569,0.674192,0.604658
0.852485,0.813234,0.884783,0.808508,0.781381,0.676329,0.627517,0.343292,0.708937,0.815338,0.795902,0.82558,0.831012,0.81713,0.492867,0.83208,0.808138,0.752535,0.801827,0.856854,0.895352,0.71179,0.701811,0.856795,0.309745,0.596097,0.829649,0.673302,0.386695,0.304536,-0.0675632,0.562644,0.661346,0.82616,0.509998,0.518902,0.269633,0.390647,0.880393,0.781553,0.505598,0.757256,0.870515,0.857707,0.867975,0.814973,0.757818,0.729584,0.492473,0.556575,0.669191,0.693324,0.815887,0.70303,0.875995,0.850894,0.599788,0.884165,0.889425,0.72522,0.330573,0.570073,0.718522,1,0.923999,0.689384,0.735655,0.859416,0.727959,0.599305,0.842587,0.688927,0.393581,0.487918,0.678008,0.739085,0.755934,0.236714,0.292982,0.377534,0.618938,0.877343,0.845166,0.683941,0.652212
0.90314,0.840942,0.912496,0.871748,0.779964,0.738264,0.730001,0.561448,0.773168,0.727409,0.810039,0.90385,0.872136,0.88496,0.629793,0.849656,0.819887,0.745222,0.78888,0.852335,0.927567,0.73204,0.760873,0.895889,0.355489,0.671472,0.896658,0.739519,0.330325,0.391919,-0.0443778,0.61703,0.730112,0.789431,0.598764,0.525792,0.291802,0.474067,0.928488,0.864795,0.524507,0.826851,0.910151,0.879349,0.927497,0.838486,0.801678,0.738713,0.589307,0.599269,0.705065,0.654882,0.825798,0.706363,0.874336,0.899236,0.70149,0.897568,0.903512,0.719459,0.394978,0.604783,0.769534,0.923999,1,0.688668,0.823494,0.88171,0.75104,0.690911,0.850412,0.760564,0.388627,0.48402,0.672553,0.783783,0.79331,0.182228,0.315756,0.332727,0.684908,0.913686,0.881452,0.737043,0.745871
0.669011,0.655336,0.727759,0.649477,0.557431,0.541331,0.64972,0.466354,0.557118,0.671174,0.632224,0.628581,0.69223,0.689191,0.698242,0.671933,0.698303,0.555378,0.576071,0.636773,0.617185,0.430806,0.650555,0.610488,0.0672617,0.367987,0.657979,0.497151,0.0344461,0.199799,-0.0826447,0.425012,0.44707,0.450054,0.396073,0.332128,0.363519,0.459611,0.569406,0.669838,0.52341,0.572958,0.662993,0.630623,0.675379,0.614568,0.531481,0.634653,0.319691,0.508018,0.455899,0.429187,0.673502,0.668853,0.713086,0.618581,0.558865,0.693725,0.742942,0.534999,0.134951,0.523798,0.469498,0.689384,0.688668,1,0.68385,0.566166,0.555997,0.474531,0.731144,0.39997,0.223718,0.257316,0.567081,0.521052,0.531132,-0.0167818,0.276953,0.405955,0.434031,0.576694,0.528382,0.561408,0.456153
0.819805,0.773075,0.793943,0.766315,0.623631,0.664471,0.62229,0.58923,0.699254,0.66721,0.716236,0.788078,0.797436,0.761425,0.58719,0.705645,0.816176,0.637027,0.654095,0.813629,0.819601,0.585392,0.869089,0.783038,0.276558,0.550593,0.823586,0.78545,0.150947,0.291721,0.0395014,0.637368,0.682945,0.614392,0.602697,0.324498,0.276403,0.50115,0.761737,0.82982,0.523307,0.826754,0.813872,0.748217,0.806192,0.751634,0.797265,0.715984,0.645024,0.598858,0.598271,0.541984,0.800407,0.737653,0.809175,0.778249,0.675814,0.733131,0.771851,0.608823,0.253508,0.629259,0.673489,0.735655,0.823494,0.68385,1,0.810689,0.640115,0.692632,0.770184,0.651532,0.446298,0.421591,0.665446,0.698768,0.646622,-0.00150737,0.414362,0.379552,0.679109,0.765681,0.745628,0.73692,0.657746
0.931859,0.867564,0.918109,0.875146,0.824217,0.791642,0.570657,0.562127,0.81135,0.762616,0.805602,0.831233,0.850939,0.847193,0.52649,0.81352,0.820164,0.746662,0.788248,0.908174,0.912685,0.678496,0.738973,0.968774,0.458396,0.731722,0.829338,0.770663,0.336965,0.384284,-0.00531081,0.690132,0.769285,0.802143,0.652311,0.429284,0.356079,0.462279,0.905668,0.845849,0.510839,0.78183,0.934404,0.857267,0.928398,0.884611,0.900323,0.776937,0.704818,0.575306,0.760046,0.663665,0.871224,0.64993,0.879229,0.902116,0.73503,0.823033,0.87079,0.689457,0.377766,0.671589,0.80814,0.859416,0.88171,0.566166,0.810689,1,0.71235,0.711441,0.872761,0.855024,0.499486,0.482235,0.670012,0.778962,0.781702,0.116697,0.403919,0.355482,0.611894,0.884464,0.841671,0.770263,0.76887
0.692746,0.619947,0.65,0.634205,0.723842,0.526351,0.599465,0.412031,0.653465,0.527358,0.596237,0.64145,0.714695,0.739523,0.47331,0.589968,0.636829,0.64981,0.57784,0.664192,0.683618,0.675713,0.579783,0.722685,0.226997,0.676247,0.709724,0.6217,-0.00173095,0.358733,0.0710323,0.461168,0.554259,0.683628,0.354705,0.565677,0.206366,0.517666,0.729756,0.729684,0.534917,0.690774,0.704611,0.657351,0.685409,0.64139,0.630779,0.683787,0.382714,0.596104,0.514148,0.601218,0.574066,0.457437,0.683536,0.729993,0.52982,0.656691,0.723709,0.497388,0.335907,0.593727,0.530641,0.727959,0.75104,0.555997,0.640115,0.71235,1,0.478709,0.678134,0.654678,0.411721,0.398771,0.539676,0.614935,0.560818,0.351069,0.470763,0.415717,0.560076,0.730178,0.690622,0.459286,0.67067
0.692826,0.665587,0.715993,0.665409,0.671415,0.70531,0.572305,0.442348,0.501897,0.668893,0.674689,0.65094,0.659177,0.700417,0.531563,0.615703,0.665701,0.521827,0.489347,0.68999,0.672643,0.615351,0.752997,0.670444,0.18195,0.594095,0.767927,0.668841,0.160372,0.337045,0.169427,0.625167,0.58236,0.49992,0.639123,0.505765,0.173549,0.399996,0.701609,0.595409,0.292887,0.674295,0.706117,0.667776,0.697056,0.703318,0.671134,0.584081,0.465931,0.40466,0.50196,0.393661,0.590167,0.473629,0.652837,0.652142,0.51607,0.642712,0.620016,0.499816,0.288044,0.430551,0.551943,0.599305,0.690911,0.474531,0.692632,0.711441,0.478709,1,0.658646,0.679677,0.318681,0.18281,0.618922,0.471774,0.447511,0.0393878,0.180474,0.330204,0.57327,0.67775,0.701118,0.637844,0.669797
0.856486,0.882446,0.901002,0.884817,0.782311,0.76667,0.575129,0.506505,0.836005,0.73624,0.788821,0.776155,0.822362,0.862214,0.592295,0.867213,0.76648,0.704645,0.729844,0.847705,0.854317,0.719925,0.727675,0.866955,0.276182,0.635194,0.796749,0.694879,0.275844,0.342007,0.0370734,0.632356,0.682123,0.709943,0.625596,0.405036,0.551149,0.497183,0.866424,0.829124,0.568868,0.769366,0.898169,0.87147,0.907507,0.81982,0.769102,0.829381,0.620919,0.649703,0.674722,0.578057,0.845751,0.610246,0.838741,0.843419,0.712006,0.865606,0.878048,0.73935,0.32737,0.721813,0.76924,0.842587,0.850412,0.731144,0.770184,0.872761,0.678134,0.658646,1,0.707742,0.389987,0.34036,0.718839,0.744521,0.819959,0.208835,0.473006,0.367836,0.524968,0.844007,0.760711,0.722954,0.734971
0.799365,0.71907,0.757343,0.772772,0.666334,0.616884,0.485084,0.503981,0.640154,0.574565,0.637332,0.706715,0.695785,0.791516,0.458779,0.650474,0.632595,0.616826,0.571199,0.702897,0.735988,0.570577,0.575371,0.819915,0.43803,0.641813,0.701367,0.675656,0.319686,0.399862,-0.00173361,0.544221,0.627943,0.73188,0.510119,0.485026,0.35729,0.37167,0.784182,0.683549,0.438324,0.668044,0.820056,0.806753,0.784366,0.763769,0.787979,0.674279,0.652295,0.405475,0.631957,0.647643,0.665946,0.538302,0.783736,0.812849,0.552341,0.709143,0.765523,0.506859,0.329515,0.618502,0.592781,0.688927,0.760564,0.39997,0.651532,0.855024,0.654678,0.679677,0.707742,1,0.463579,0.521449,0.511469,0.639046,0.659385,0.0697796,0.309679,0.328423,0.57669,0.705423,0.780024,0.604169,0.789514
0.430369,0.357374,0.394624,0.378181,0.434761,0.266731,0.11012,0.133515,0.372657,0.296161,0.298396,0.4063,0.40147,0.394253,0.302135,0.434972,0.44728,0.289941,0.270292,0.491339,0.48715,0.292076,0.299172,0.492927,0.31913,0.497829,0.353392,0.345587,0.0499213,0.0652031,0.0854641,0.35884,0.236943,0.422543,0.0685368,0.329355,0.22103,0.333386,0.3781,0.437698,0.474201,0.319322,0.450297,0.418951,0.367959,0.335001,0.511513,0.339003,0.383722,0.168471,0.501834,0.374312,0.345485,0.338076,0.464501,0.447636,0.375266,0.453175,0.369214,0.321922,0.161978,0.308456,0.390762,0.393581,0.388627,0.223718,0.446298,0.499486,0.411721,0.318681,0.389987,0.463579,1,0.49644,0.205776,0.216303,0.295379,-0.206121,0.232375,0.393369,0.168548,0.38607,0.401072,0.477532,0.509745
0.47663,0.235781,0.391019,0.430819,0.328022,0.19048,0.167678,0.201258,0.303708,0.374835,0.298052,0.414386,0.397616,0.439498,0.323787,0.326647,0.360354,0.302653,0.335991,0.424104,0.43552,0.295107,0.283776,0.485445,0.327883,0.337727,0.395098,0.374671,0.230106,0.0982935,-0.172008,0.175615,0.363816,0.591206,0.0333884,0.365012,0.257582,0.202318,0.448388,0.40412,0.363851,0.368721,0.46111,0.425819,0.383359,0.422766,0.485064,0.41962,0.359994,0.289876,0.366869,0.549229,0.374628,0.462196,0.487851,0.529374,0.215794,0.422027,0.444509,0.222894,0.103793,0.303418,0.432294,0.487918,0.48402,0.257316,0.421591,0.482235,0.398771,0.18281,0.34036,0.521449,0.49644,1,0.137315,0.450482,0.398361,0.128901,0.2657,0.397659,0.361151,0.378789,0.47786,0.386551,0.494186
0.656922,0.684133,0.698229,0.690734,0.56151,0.60109,0.562831,0.425291,0.546292,0.711175,0.597038,0.596213,0.67472,0.64117,0.377272,0.583488,0.67787,0.69583,0.633089,0.751754,0.67722,0.555504,0.681762,0.658181,0.298366,0.414105,0.738121,0.58211,0.118682,0.324275,0.104466,0.537227,0.537759,0.540345,0.631756,0.318075,0.394843,0.219905,0.639704,0.670991,0.429087,0.663449,0.677793,0.624548,0.666149,0.584463,0.568432,0.68752,0.44586,0.547729,0.481372,0.441263,0.623897,0.551644,0.678146,0.624673,0.500279,0.619494,0.673027,0.500064,-0.0192412,0.528269,0.635759,0.678008,0.672553,0.567081,0.665446,0.670012,0.539676,0.618922,0.718839,0.511469,0.205776,0.137315,1,0.527771,0.538203,0.122963,0.31205,0.354931,0.542692,0.693349,0.645221,0.572818,0.505927
0.811755,0.742532,0.791672,0.713589,0.597969,0.619897,0.519995,0.498921,0.717284,0.5785,0.637639,0.698536,0.705617,0.712845,0.576474,0.61168,0.59875,0.672566,0.699046,0.706275,0.775871,0.60573,0.650041,0.821796,0.326664,0.599861,0.775969,0.690976,0.247274,0.370827,0.0789537,0.41742,0.771344,0.790501,0.58489,0.415283,0.297595,0.301342,0.789333,0.764205,0.503369,0.709961,0.786748,0.675861,0.79829,0.72348,0.731614,0.67566,0.516809,0.549135,0.564934,0.532995,0.746388,0.505717,0.657492,0.783923,0.557991,0.655126,0.702945,0.610133,0.25424,0.645471,0.7073,0.739085,0.783783,0.521052,0.698768,0.778962,0.614935,0.471774,0.744521,0.639046,0.216303,0.450482,0.527771,1,0.804384,0.371644,0.482391,0.0814278,0.436529,0.715771,0.65705,0.693419,0.62586
0.836832,0.827941,0.830256,0.764229,0.595943,0.72001,0.53046,0.534103,0.791446,0.59461,0.746031,0.76069,0.780774,0.751996,0.575245,0.739282,0.620163,0.648582,0.700128,0.743506,0.79732,0.618175,0.599334,0.823548,0.294894,0.564072,0.70532,0.697888,0.472381,0.411958,0.0153491,0.384744,0.71802,0.734596,0.523567,0.278976,0.512789,0.344885,0.794078,0.741472,0.43794,0.649835,0.841076,0.775042,0.866293,0.702928,0.71084,0.676399,0.494601,0.527723,0.651698,0.501698,0.747907,0.604314,0.762632,0.796114,0.612113,0.750142,0.815712,0.652014,0.288506,0.705725,0.732407,0.755934,0.79331,0.531132,0.646622,0.781702,0.560818,0.447511,0.819959,0.659385,0.295379,0.398361,0.538203,0.804384,1,0.275008,0.447572,0.177179,0.393075,0.733353,0.687765,0.608282,0.610312
0.1301,0.116975,0.103973,0.0887635,0.172842,0.196518,0.104569,-0.0636433,0.200668,0.097743,0.181157,0.0673986,0.176322,0.214981,0.0333882,0.0716697,-0.0135813,0.198806,0.0928386,0.115914,0.118489,0.337363,0.0936256,0.121901,-0.0958944,0.247617,0.238525,0.148029,0.0341929,0.272843,0.00213303,-0.0366969,0.242589,0.344749,0.0444758,0.190752,0.0566442,-0.0271542,0.291961,0.0852379,0.0376901,0.238621,0.135084,0.165862,0.147334,0.17194,0.0692316,0.245697,-0.180556,0.175616,-0.0373562,0.240123,0.00416006,-0.0798379,0.0873571,0.209907,-0.0639443,0.099407,0.123397,0.135377,0.207477,0.140127,0.199615,0.236714,0.182228,-0.0167818,-0.00150737,0.116697,0.351069,0.0393878,0.208835,0.0697796,-0.206121,0.128901,0.122963,0.371644,0.275008,1,0.232239,-0.0768322,0.135432,0.268029,0.264821,-0.0791744,0.139267
0.448872,0.361018,0.394758,0.450706,0.315378,0.411265,0.123004,0.37003,0.424117,0.280239,0.369977,0.290264,0.401946,0.412724,0.26384,0.264009,0.380396,0.300281,0.335152,0.339798,0.258641,0.551469,0.413354,0.41905,0.12039,0.374275,0.370757,0.339764,-0.0658391,0.0857156,0.278887,0.37437,0.453408,0.36571,0.276319,0.203155,0.388349,0.33603,0.431414,0.471042,0.217529,0.377447,0.455687,0.318048,0.422179,0.451451,0.382685,0.508383,0.335506,0.585767,0.370552,0.280919,0.370686,0.177246,0.277374,0.411936,0.323377,0.275075,0.324657,0.287583,0.194111,0.573749,0.421738,0.292982,0.315756,0.276953,0.414362,0.403919,0.470763,0.180474,0.473006,0.309679,0.232375,0.2657,0.31205,0.482391,0.447572,0.232239,1,0.445354,0.357464,0.365525,0.258276,0.409836,0.47239
0.384448,0.288168,0.359603,0.421875,0.354069,0.303357,0.275176,0.327813,0.229381,0.447967,0.426743,0.416377,0.53053,0.474999,0.293191,0.294937,0.58041,0.16026,0.250213,0.439328,0.243441,0.466425,0.47088,0.338954,0.067653,0.304772,0.391477,0.181849,-0.160331,0.0902211,-0.184494,0.337566,0.298852,0.228934,0.116269,0.275666,0.214361,0.405767,0.309603,0.381039,0.323285,0.328898,0.452601,0.431546,0.364082,0.423001,0.448024,0.56636,0.224953,0.400953,0.413976,0.454024,0.322611,0.401226,0.455628,0.399068,0.310643,0.413005,0.466694,0.182899,0.286987,0.321864,0.232052,0.377534,0.332727,0.405955,0.379552,0.355482,0.415717,0.330204,0.367836,0.328423,0.393369,0.397659,0.354931,0.0814278,0.177179,-0.0768322,0.445354,1,0.443824,0.418225,0.424595,0.220401,0.489653
0.601287,0.502859,0.557333,0.633203,0.525186,0.538632,0.518425,0.509684,0.489398,0.549512,0.605305,0.609768,0.623152,0.620958,0.271969,0.546187,0.635754,0.541193,0.545127,0.572346,0.549674,0.53374,0.626214,0.55999,0.441076,0.382634,0.605886,0.482721,0.0721764,0.148664,-0.0991913,0.529723,0.539618,0.48966,0.466186,0.398387,0.0829374,0.414899,0.710298,0.593608,0.219863,0.683508,0.623898,0.631593,0.58232,0.628818,0.524185,0.538288,0.575596,0.595319,0.394656,0.607095,0.532323,0.530158,0.620904,0.651169,0.507528,0.565043,0.550107,0.355636,0.353378,0.293571,0.49141,0.618938,0.684908,0.434031,0.679109,0.611894,0.560076,0.57327,0.524968,0.57669,0.168548,0.361151,0.542692,0.436529,0.393075,0.135432,0.357464,0.443824,1,0.684675,0.682508,0.431647,0.49919
0.852612,0.833967,0.857157,0.839238,0.793044,0.781425,0.655862,0.563452,0.75205,0.67617,0.787876,0.862597,0.871685,0.831207,0.523014,0.798189,0.843557,0.663795,0.750005,0.869298,0.884014,0.772541,0.781135,0.859805,0.335121,0.698623,0.838081,0.659338,0.290502,0.385295,-0.104128,0.654154,0.718211,0.708261,0.633325,0.478926,0.274386,0.503574,0.91688,0.839615,0.510092,0.803346,0.881753,0.843453,0.881269,0.807911,0.822843,0.786264,0.597165,0.652581,0.705271,0.593135,0.773551,0.619221,0.833879,0.865571,0.723538,0.848046,0.857248,0.7376,0.446161,0.554604,0.747736,0.877343,0.913686,0.576694,0.765681,0.884464,0.730178,0.67775,0.844007,0.705423,0.38607,0.378789,0.693349,0.715771,0.733353,0.268029,0.365525,0.418225,0.684675,1,0.87291,0.665652,0.687948
0.790728,0.773658,0.789283,0.777837,0.724588,0.658195,0.593241,0.437812,0.682812,0.700364,0.770633,0.797325,0.805826,0.806736,0.487556,0.749647,0.746108,0.634253,0.677431,0.848385,0.826616,0.76157,0.697166,0.805521,0.365059,0.57958,0.836382,0.694786,0.31546,0.349308,-0.147155,0.59207,0.713316,0.698335,0.465212,0.479677,0.346057,0.452011,0.858729,0.758269,0.457905,0.766938,0.82439,0.869111,0.81493,0.753338,0.784422,0.733345,0.52703,0.466585,0.618708,0.731865,0.734608,0.61969,0.814673,0.812275,0.552499,0.846966,0.838717,0.673683,0.518652,0.477438,0.663569,0.845166,0.881452,0.528382,0.745628,0.841671,0.690622,0.701118,0.760711,0.780024,0.401072,0.47786,0.645221,0.65705,0.687765,0.264821,0.258276,0.424595,0.682508,0.87291,1,0.626284,0.738246
0.751159,0.729537,0.77849,0.733219,0.599205,0.63446,0.386933,0.385556,0.590571,0.671766,0.631716,0.682059,0.644568,0.673657,0.547988,0.664969,0.647326,0.546794,0.681205,0.740499,0.740277,0.600162,0.673164,0.775667,0.426542,0.567372,0.725864,0.611323,0.316739,0.177726,0.321718,0.707754,0.61847,0.585506,0.560744,0.363004,0.311883,0.399902,0.745223,0.729006,0.440445,0.665596,0.740114,0.668199,0.736793,0.719785,0.675608,0.631657,0.598899,0.469407,0.674092,0.49336,0.780821,0.43464,0.593719,0.699866,0.598413,0.677903,0.641058,0.617146,0.250682,0.547189,0.674192,0.683941,0.737043,0.561408,0.73692,0.770263,0.459286,0.637844,0.722954,0.604169,0.477532,0.386551,0.572818,0.693419,0.608282,-0.0791744,0.409836,0.220401,0.431647,0.665652,0.626284,1,0.671952
0.77891,0.641294,0.729445,0.744884,0.708772,0.568648,0.463502,0.474447,0.630193,0.591283,0.650662,0.664622,0.708268,0.807642,0.531713,0.643687,0.651593,0.576761,0.521387,0.729666,0.679793,0.710132,0.623325,0.765642,0.340073,0.758807,0.750236,0.641789,0.139592,0.324408,0.107459,0.599582,0.614182,0.654247,0.424582,0.565626,0.33847,0.440992,0.767543,0.669314,0.413908,0.712785,0.78603,0.762255,0.761058,0.752117,0.748863,0.686064,0.503589,0.436418,0.713991,0.607883,0.651711,0.470733,0.669558,0.781964,0.560121,0.69638,0.716724,0.495727,0.463119,0.662825,0.604658,0.652212,0.745871,0.456153,0.657746,0.76887,0.67067,0.669797,0.734971,0.789514,0.509745,0.494186,0.505927,0.62586,0.610312,0.139267,0.47239,0.489653,0.49919,0.687948,0.738246,0.671952,1