1,0.632076,0.688482,0.513936,0.530323,0.43835,0.0777948,0.409256,0.00760896,0.441684,0.490988,0.375443,0.537903,0.625353,0.41322,0.31546,0.472901,0.283437,0.560744,0.566896,0.537025,0.0838154,0.466478,0.300834,0.0315076,0.258666,0.611614,0.405533,0.0647587,0.0009999,0.0791358,0.288789,0.321223,0.429937,0.272043,0.313181,0.279362,0.329268,0.596882,0.510638,0.140266,0.264218,0.725181,0.658213,0.574219,0.563492,0.584032,0.516903,0.345616,0.41716,0.453749,0.299125,0.453317,0.302472,0.546909,0.535594,0.547747,0.579419,0.470802,0.260313,0.39986,0.393421,0.489028,0.621448,0.605181,0.338897,0.408204,0.395099,0.368148,0.39429,0.482472,0.317259,0.0624979,0.0876598,0.327124,0.377421,0.526583,0.260455,0.0907358,-0.0610579,0.351387,0.660116,0.640492,0.208382,0.415262
0.632076,1,0.455196,0.0831511,0.301745,0.424063,0.196354,0.358286,0.0725968,0.132799,0.142609,0.404408,0.416986,0.740985,0.350884,0.566251,0.620617,0.330563,0.370996,0.393948,0.464682,-0.0599304,0.276366,0.215849,-0.00503221,0.164318,0.497792,0.316894,-0.0541761,-0.156656,0.182599,0.172758,0.310182,0.245455,0.262532,0.121653,0.314492,0.25509,0.39532,0.501993,0.317063,-0.0237461,0.54807,0.797889,0.290734,0.446341,0.358785,0.54452,0.331837,0.423641,0.340596,0.187496,0.188532,0.00754148,0.298396,0.487334,0.521718,0.604613,0.474911,0.301828,0.403997,0.528533,0.244078,0.326909,0.378279,0.206859,0.217017,0.313306,0.203659,0.098124,0.379518,0.194831,0.241431,0.0578611,0.0444571,0.418419,0.301436,0.136066,0.127026,0.0114671,0.275076,0.385817,0.487622,0.229529,0.342516
0.688482,0.455196,1,0.654965,0.57195,0.589032,0.317987,0.552536,0.0760099,0.646207,0.625887,0.271502,0.458972,0.508809,0.489551,-0.0122605,0.457158,0.233368,0.60733,0.689932,0.694958,0.215179,0.566638,0.608336,0.197978,0.392606,0.682565,0.702299,0.252627,0.0695441,0.354146,0.27865,0.439724,0.519694,0.600116,0.285739,0.233459,0.444118,0.684847,0.513794,0.0775964,0.407989,0.656822,0.597045,0.805121,0.755134,0.585723,0.382537,0.599253,0.456418,0.517428,0.322143,0.565368,0.226438,0.537987,0.395691,0.413623,0.393626,0.647226,0.218479,0.245259,0.369755,0.478026,0.72878,0.750561,0.473701,0.331765,0.647889,0.521587,0.416612,0.527566,0.481504,0.104639,0.0264942,0.578486,0.653016,0.730477,0.317711,0.339725,0.00702143,0.472645,0.733102,0.715248,0.245825,0.584744
0.513936,0.0831511,0.654965,1,0.534312,0.506607,0.116723,0.345854,-0.011494,0.602485,0.677439,0.0721058,0.254784,0.19326,0.0807797,-0.194306,0.297727,0.12408,0.50689,0.3785,0.468728,0.2145,0.288757,0.465012,0.208089,0.186956,0.378853,0.572739,0.141543,-0.175243,0.0569481,-0.0470968,0.275686,0.582258,0.282185,0.0498955,0.14282,0.363838,0.422624,0.210498,-0.0391173,0.251107,0.519172,0.185135,0.610454,0.583634,0.50717,0.252146,0.253206,0.458918,0.269465,0.307511,0.606715,0.300221,0.370983,0.219589,0.154119,0.0694832,0.213844,0.129216,0.192204,0.225463,0.23474,0.423896,0.536622,0.134114,0.24395,0.49815,0.561713,0.411078,0.199469,0.135424,0.00018927,0.0475915,0.441279,0.402902,0.544895,0.193203,0.147181,0.116751,0.339429,0.50474,0.470221,0.235844,0.406021
0.530323,0.301745,0.57195,0.534312,1,0.505542,0.176874,0.435662,0.175568,0.312533,0.604544,0.398454,0.490746,0.419737,0.225255,0.182362,0.387722,0.397522,0.612769,0.413403,0.4323,0.152896,0.367422,0.275541,0.240073,0.206083,0.529687,0.45499,-0.0147968,0.06054,0.202079,0.261935,0.457551,0.512758,0.335229,0.35114,0.204807,0.41118,0.587222,0.656341,-0.0218646,0.258649,0.630196,0.425901,0.460303,0.388607,0.551097,0.546722,0.287096,0.314316,0.352697,0.30348,0.29717,0.226727,0.300938,0.527772,0.496633,0.372938,0.339583,0.156911,0.150746,0.484339,0.31229,0.456865,0.616134,0.28523,0.316849,0.374854,0.389825,0.421842,0.386651,0.0316353,0.0858263,0.0347405,0.53781,0.465906,0.490199,0.182246,0.1258,-0.139963,0.384452,0.615891,0.731584,0.130167,0.41083
0.43835,0.424063,0.589032,0.506607,0.505542,1,0.365704,0.412615,0.392393,0.393859,0.486232,0.44017,0.536442,0.445055,0.322693,0.0393554,0.571682,0.331971,0.56639,0.52843,0.550047,0.117794,0.452088,0.448837,0.0927165,0.0905683,0.518921,0.588915,0.0358976,0.00709919,0.058324,0.197564,0.30196,0.494775,0.33648,-0.0972326,0.0551923,0.383186,0.353818,0.298272,0.29185,0.211783,0.402694,0.465438,0.372507,0.445,0.44709,0.370229,0.332501,0.526125,0.335138,0.177155,0.363535,0.259159,0.393582,0.301151,0.310006,0.141009,0.39676,-0.0543044,0.0412221,0.314937,0.335108,0.516412,0.680907,0.457355,0.333622,0.547734,0.273052,0.449802,0.380406,0.159452,0.0593608,0.115215,0.316439,0.540894,0.547136,0.147796,-0.0360271,0.124957,0.322622,0.348124,0.47924,0.31393,0.304832
0.0777948,0.196354,0.317987,0.116723,0.176874,0.365704,1,0.294836,0.328946,0.0744959,0.0638343,0.0788854,0.145558,0.253171,0.201175,-0.367344,0.0440647,0.270105,0.323947,0.167645,0.37299,0.24775,0.380252,0.566052,0.189687,0.281522,0.299861,0.465901,0.105403,-0.0970656,0.00755185,0.198587,0.365327,0.307001,0.252129,-0.0754277,0.0977183,0.128995,0.189662,-0.0519015,0.0555734,0.383157,0.0874398,0.224937,0.0523086,0.0929289,-0.21295,-0.0734324,0.375775,0.303851,0.289402,-0.354961,-0.160265,0.241341,0.139576,0.196579,-0.0468234,-0.193427,-0.00358174,-0.122598,0.218419,0.451326,0.0263653,0.222199,0.356128,0.234343,0.233632,0.56857,0.281208,0.362373,0.325024,0.339094,0.197615,0.198568,0.245947,0.105215,0.177347,0.147842,0.246794,0.0604977,0.0592135,0.222169,0.00449993,0.0902578,0.406501
0.409256,0.358286,0.552536,0.345854,0.435662,0.412615,0.294836,1,0.201684,0.561566,0.479817,0.110275,0.257742,0.459159,0.294227,-0.0410422,0.219236,0.166379,0.261559,0.542521,0.549602,0.0881981,0.378868,0.618025,0.157066,0.123173,0.564561,0.39875,-0.138027,0.180352,0.151392,0.158947,0.418849,0.617017,0.254564,0.166124,0.212326,0.116092,0.551862,0.332675,0.305525,0.307942,0.427305,0.459949,0.539073,0.513787,0.313346,0.133905,0.397928,0.459084,0.406321,0.255672,0.432125,0.14039,0.356949,0.466509,0.289946,0.221106,0.418981,0.0154775,0.474088,0.442701,0.315409,0.489925,0.518381,0.276506,0.351449,0.61453,0.529598,0.497499,0.401519,0.452852,0.0976687,0.273087,0.251766,0.328349,0.532059,0.501942,0.32319,0.178129,0.369131,0.52346,0.438025,0.393371,0.581912
0.00760896,0.0725968,0.0760099,-0.011494,0.175568,0.392393,0.328946,0.201684,1,-0.114953,0.0275661,0.265745,0.210163,0.292747,0.265788,-0.211848,0.248632,0.5135,0.19683,0.260549,0.303532,0.00225753,0.273592,0.285948,0.256835,-0.0316983,0.259929,0.206096,-0.100326,0.224458,-0.00740851,0.254926,0.0215835,0.0742512,0.189051,-0.178746,0.0254409,0.287839,0.102472,0.0478823,0.404081,0.0840952,-0.181132,0.223893,-0.232536,-0.199022,-0.102971,-0.0685839,0.265505,0.090524,0.00367779,-0.258981,-0.123228,0.134324,0.0772291,0.225427,-0.166554,-0.214093,0.13089,-0.560824,-0.360868,0.204416,0.0386477,0.308441,0.329466,0.34013,0.100265,0.281913,0.0245341,0.406948,0.233211,0.0384732,-0.0262906,0.00258516,0.0682864,0.00892369,0.241198,-0.100123,-0.195174,0.00604491,-0.172247,0.031367,-0.12777,0.226681,0.125908
0.441684,0.132799,0.646207,0.602485,0.312533,0.393859,0.0744959,0.561566,-0.114953,1,0.72232,0.0758595,0.229888,0.298416,0.239977,-0.198201,0.323017,-0.130816,0.405156,0.520483,0.471551,0.175892,0.411926,0.608503,0.0195792,0.440355,0.526231,0.425476,0.228296,0.196047,0.0461074,0.127922,0.452953,0.644599,0.341948,0.298804,0.180044,0.304598,0.541418,0.289711,0.149551,0.503268,0.576626,0.19366,0.837435,0.678,0.48588,0.0860046,0.406049,0.301515,0.428144,0.609315,0.835793,0.243285,0.496153,0.308805,0.250784,0.175373,0.565222,0.2255,0.417997,0.177325,0.433402,0.619356,0.557485,0.382624,0.485708,0.615171,0.52473,0.33802,0.510947,0.297645,-0.043553,0.102374,0.402859,0.484276,0.703294,0.457049,0.255969,0.242601,0.5617,0.498154,0.482538,0.352084,0.389376
0.490988,0.142609,0.625887,0.677439,0.604544,0.486232,0.0638343,0.479817,0.0275661,0.72232,1,0.242375,0.472834,0.367969,0.217121,-0.0355991,0.4473,0.181813,0.494151,0.531833,0.501932,0.209702,0.449324,0.505408,0.0802592,0.20595,0.538345,0.494221,0.204203,0.188061,0.0392582,0.234203,0.399427,0.68073,0.432735,0.302188,0.272759,0.391013,0.551807,0.422336,0.0924474,0.450515,0.574816,0.23389,0.692934,0.478099,0.579975,0.211494,0.439743,0.307918,0.406698,0.609496,0.728864,0.366064,0.511834,0.540173,0.37235,0.34095,0.527927,0.091332,0.265226,0.253552,0.441637,0.626304,0.632923,0.518136,0.610533,0.553816,0.534165,0.374316,0.39038,0.133349,0.097572,0.0875662,0.536516,0.524989,0.671776,0.495859,0.155127,-0.12322,0.540746,0.469076,0.628872,0.374902,0.413935
0.375443,0.404408,0.271502,0.0721058,0.398454,0.44017,0.0788854,0.110275,0.265745,0.0758595,0.242375,1,0.752078,0.468745,0.390012,0.298967,0.592221,0.599249,0.406845,0.38932,0.348444,-0.0460029,0.370757,0.16034,0.031868,0.287451,0.307547,0.0742718,0.2956,0.0912121,-0.0134818,0.229543,0.108583,0.282051,0.116325,0.201573,0.0115349,0.367157,0.209706,0.297004,0.102956,0.0698885,0.293225,0.437021,0.0924372,0.190052,0.17916,0.254727,0.212446,0.00714122,0.171282,0.17069,0.0284801,0.53145,0.482473,0.392243,0.400799,0.33679,0.381662,-0.170565,-0.0245721,0.375778,0.459195,0.395165,0.468067,0.430921,0.363695,0.274172,0.247638,0.26835,0.420247,-0.0764553,0.0338899,0.0267988,0.0910415,0.318889,0.320783,-0.00739357,0.0302095,-0.303997,0.247021,0.232298,0.291298,0.154586,0.124104
0.537903,0.416986,0.458972,0.254784,0.490746,0.536442,0.145558,0.257742,0.210163,0.229888,0.472834,0.752078,1,0.558522,0.558534,0.287442,0.649142,0.596483,0.459584,0.58762,0.510991,0.0878435,0.503008,0.322846,0.0832679,0.260576,0.485608,0.225262,0.391745,0.12301,0.208391,0.334765,0.215908,0.484958,0.340265,0.225443,0.0149724,0.23937,0.398784,0.330275,0.269728,0.0843423,0.298589,0.450905,0.288087,0.274428,0.329246,0.313533,0.427286,0.147331,0.221323,0.256853,0.223387,0.48972,0.625815,0.437922,0.367168,0.366844,0.555937,-0.136263,0.0946772,0.330395,0.612094,0.580218,0.632912,0.483063,0.546226,0.395966,0.276215,0.298124,0.500696,0.119708,0.112367,0.101095,0.199745,0.421189,0.527288,0.217588,0.0151406,-0.264519,0.389805,0.395678,0.476846,0.172089,0.18843
0.625353,0.740985,0.508809,0.19326,0.419737,0.445055,0.253171,0.459159,0.292747,0.298416,0.367969,0.468745,0.558522,1,0.381849,0.265083,0.581222,0.52429,0.53634,0.499164,0.588682,0.121696,0.501134,0.452898,0.230561,0.437426,0.716625,0.417883,0.0722987,0.125068,0.145282,0.477042,0.430789,0.455739,0.365705,0.173848,0.194518,0.394384,0.588694,0.554041,0.493714,0.173872,0.507614,0.668935,0.399149,0.391997,0.372773,0.564602,0.492887,0.355092,0.371628,0.249029,0.30734,0.117069,0.487484,0.716361,0.432749,0.441558,0.563485,-0.0129291,0.346901,0.635378,0.527977,0.562522,0.605259,0.541793,0.552484,0.591536,0.435808,0.370099,0.677662,0.187823,0.164948,0.0235114,0.212163,0.352947,0.564031,0.12409,0.115878,-0.0195354,0.441695,0.573919,0.494207,0.320123,0.419875
0.41322,0.350884,0.489551,0.0807797,0.225255,0.322693,0.201175,0.294227,0.265788,0.239977,0.217121,0.390012,0.558534,0.381849,1,0.114361,0.387219,0.316312,0.281118,0.504265,0.259793,0.116201,0.328875,0.308726,0.210751,0.120536,0.394894,0.33852,0.27894,0.156872,0.252601,0.323738,0.186121,0.235747,0.24245,0.229592,0.155037,0.0300012,0.371304,0.283685,0.115277,0.170352,0.190959,0.517463,0.252919,0.428141,0.0905305,0.0752541,0.354025,0.149705,0.249708,0.0284909,0.197657,0.00570478,0.264059,0.283421,0.326604,0.258401,0.44272,-0.0986782,0.057222,0.173674,0.199122,0.479755,0.393177,0.406009,0.15741,0.270913,0.20526,0.2382,0.387152,0.314088,-0.120173,-0.0417077,0.0796307,0.258294,0.401902,0.182165,0.238705,-0.175376,0.210896,0.27039,0.279232,0.131283,0.217563
0.31546,0.566251,-0.0122605,-0.194306,0.182362,0.0393554,-0.367344,-0.0410422,-0.211848,-0.198201,-0.0355991,0.298967,0.287442,0.265083,0.114361,1,0.310953,0.196612,-0.0295392,0.0204951,-0.0528,-0.196584,-0.264889,-0.433879,-0.123737,-0.190953,-0.085486,-0.14798,-0.0806223,-0.112518,0.202524,0.0452959,-0.011322,-0.172908,-0.0308053,0.12155,0.207967,-0.0316314,0.0979286,0.467375,-0.0676913,-0.28862,0.341182,0.494266,-0.0413735,0.141809,0.230547,0.541605,-0.144529,0.0518158,0.0971357,0.180004,-0.00859591,-0.14853,0.0432635,0.116776,0.469684,0.794806,0.232631,0.344833,0.115303,0.130068,0.0902707,-0.10086,-0.0481766,-0.102075,-0.128543,-0.396469,-0.0704158,-0.164855,-0.136837,-0.130244,0.0714522,-0.234497,-0.178502,0.194139,-0.0439646,-0.0140609,0.014371,-0.167,0.164251,0.0795305,0.321018,-0.0839354,-0.0328342
0.472901,0.620617,0.457158,0.297727,0.387722,0.571682,0.0440647,0.219236,0.248632,0.323017,0.4473,0.592221,0.649142,0.581222,0.387219,0.310953,1,0.460897,0.431483,0.581899,0.457997,-0.164455,0.341894,0.305426,0.00881849,0.181055,0.539467,0.356529,0.328993,-0.00568423,0.12585,0.0526635,0.322373,0.416363,0.361633,0.154224,0.195872,0.407252,0.357843,0.410677,0.332989,-0.0169178,0.389474,0.545449,0.277078,0.34863,0.363336,0.358856,0.426704,0.278677,0.30327,0.364837,0.412751,0.1964,0.437171,0.448833,0.306196,0.324094,0.584212,0.108032,0.0756428,0.312501,0.274646,0.479626,0.454552,0.436234,0.443855,0.378053,0.230107,0.0452861,0.490568,0.0654931,0.206856,0.0482265,0.110842,0.567543,0.476669,0.0471135,-0.103729,0.0473257,0.321011,0.233204,0.371692,0.305852,0.116175
0.283437,0.330563,0.233368,0.12408,0.397522,0.331971,0.270105,0.166379,0.5135,-0.130816,0.181813,0.599249,0.596483,0.52429,0.316312,0.196612,0.460897,1,0.238271,0.328894,0.332521,-0.0500174,0.277709,0.120307,0.178133,0.0658908,0.294137,0.165923,0.20858,0.142845,0.106551,0.190044,0.203954,0.188042,0.199922,-0.128823,0.0464376,0.253705,0.300522,0.260298,0.128793,-0.105868,0.153395,0.391452,-0.0817219,0.0704726,-0.00360535,0.207524,0.221972,-0.0270723,0.124572,-0.0516097,-0.0421625,0.298689,0.387389,0.352341,0.150297,0.223342,0.325883,-0.249026,-0.101671,0.408176,0.229291,0.337243,0.446303,0.338377,0.282505,0.222762,0.358628,0.403262,0.33933,0.11999,-0.0382582,0.0260426,-0.0282673,0.0745695,0.355622,-0.0172666,0.133474,-0.331781,0.226563,0.355832,0.157237,0.0781563,0.153992
0.560744,0.370996,0.60733,0.50689,0.612769,0.56639,0.323947,0.261559,0.19683,0.405156,0.494151,0.406845,0.459584,0.53634,0.281118,-0.0295392,0.431483,0.238271,1,0.477568,0.635654,0.152411,0.543199,0.427529,0.339264,0.539983,0.59749,0.578111,0.129245,0.0218083,0.00354384,0.367474,0.35285,0.511708,0.333764,0.19519,0.233463,0.486536,0.614093,0.488484,0.205397,0.510756,0.458039,0.430018,0.455937,0.375891,0.561657,0.493535,0.563064,0.483701,0.376023,0.19137,0.256531,0.256317,0.420431,0.403378,0.37047,0.205909,0.298399,0.1066,0.130898,0.550497,0.529234,0.594174,0.734619,0.371262,0.486544,0.548203,0.289287,0.365559,0.602402,0.0476036,0.246914,-0.132981,0.481897,0.489412,0.599439,0.0682093,-0.138689,-0.0780212,0.326535,0.536462,0.578371,0.14493,0.36503
0.566896,0.393948,0.689932,0.3785,0.413403,0.52843,0.167645,0.542521,0.260549,0.520483,0.531833,0.38932,0.58762,0.499164,0.504265,0.0204951,0.581899,0.328894,0.477568,1,0.728886,-0.0595556,0.545653,0.594996,0.222622,0.26827,0.659459,0.429772,0.236694,0.31643,0.393748,0.249639,0.352606,0.585003,0.621228,0.334186,0.154706,0.399031,0.613124,0.444597,0.367191,0.362436,0.36299,0.498137,0.543732,0.522776,0.413928,0.199737,0.570001,0.272089,0.470806,0.282855,0.528749,0.196244,0.454699,0.522853,0.236132,0.246998,0.642515,-0.140047,0.239957,0.362627,0.536107,0.772687,0.704329,0.566221,0.531949,0.62157,0.359144,0.36447,0.618178,0.379571,0.0784551,0.260086,0.452129,0.393114,0.595113,0.433012,0.0756072,0.101297,0.318881,0.51087,0.481411,0.344112,0.457065
0.537025,0.464682,0.694958,0.468728,0.4323,0.550047,0.37299,0.549602,0.303532,0.471551,0.501932,0.348444,0.510991,0.588682,0.259793,-0.0528,0.457997,0.332521,0.635654,0.728886,1,0.237231,0.66267,0.708374,0.36089,0.565031,0.766335,0.583139,0.126448,0.152217,0.29517,0.347087,0.421602,0.520277,0.687164,0.203483,0.0310225,0.381243,0.6894,0.461185,0.421445,0.35665,0.418122,0.501266,0.537557,0.450801,0.471803,0.281263,0.72781,0.417224,0.414921,0.11426,0.350595,0.417436,0.527431,0.490089,0.130043,0.265072,0.572807,-0.184076,0.269207,0.45407,0.65109,0.778335,0.85557,0.460301,0.520512,0.743662,0.399486,0.47097,0.628009,0.374807,0.200457,0.15455,0.480216,0.527713,0.691895,0.296078,0.103996,0.0491357,0.394287,0.641526,0.578259,0.213105,0.677614
0.0838154,-0.0599304,0.215179,0.2145,0.152896,0.117794,0.24775,0.0881981,0.00225753,0.175892,0.209702,-0.0460029,0.0878435,0.121696,0.116201,-0.196584,-0.164455,-0.0500174,0.152411,-0.0595556,0.237231,1,0.22683,0.314222,0.0904884,0.365746,0.181179,0.39113,-0.140293,-0.195543,-0.100869,0.456762,0.373825,0.0344689,0.259546,0.175872,0.11454,0.0609803,0.28756,-0.0228101,-0.0531049,0.0966942,0.125251,0.100263,0.245223,0.0968285,-0.0608936,-0.0267414,0.0567444,0.127034,0.265804,0.0454167,0.139106,0.28819,0.231926,0.130231,-0.12869,0.0923802,0.185533,-0.150181,0.0722452,0.176126,0.289607,0.189749,0.271745,0.0966229,0.00563349,0.29881,0.0859627,0.0375635,0.0310184,0.262295,0.189277,-0.0656979,0.387,0.0622383,0.314463,-0.0799405,0.352985,-0.259255,0.0372987,0.22416,0.230152,0.0529272,0.348579
0.466478,0.276366,0.566638,0.288757,0.367422,0.452088,0.380252,0.378868,0.273592,0.411926,0.449324,0.370757,0.503008,0.501134,0.328875,-0.264889,0.341894,0.277709,0.543199,0.545653,0.66267,0.22683,1,0.663097,0.137534,0.586224,0.677474,0.457313,0.233968,0.353128,0.116192,0.362785,0.408553,0.484543,0.454425,0.385725,-0.0761032,0.377432,0.481014,0.199056,0.309019,0.416633,0.262727,0.284587,0.452615,0.28569,0.385528,0.110071,0.585402,0.213061,0.383863,0.0969925,0.199113,0.498232,0.55335,0.465266,0.289258,0.0382282,0.53142,-0.248303,0.0783703,0.282312,0.566045,0.764032,0.751797,0.510141,0.623606,0.698655,0.276178,0.434095,0.680657,0.47317,0.099172,0.263473,0.37065,0.461695,0.559553,0.232478,0.167231,-0.0810112,0.318366,0.416787,0.424183,0.180828,0.40837
0.300834,0.215849,0.608336,0.465012,0.275541,0.448837,0.566052,0.618025,0.285948,0.608503,0.505408,0.16034,0.322846,0.452898,0.308726,-0.433879,0.305426,0.120307,0.427529,0.594996,0.708374,0.314222,0.663097,1,0.369329,0.495769,0.658344,0.594513,0.237639,0.0967885,0.191137,0.268737,0.481244,0.629232,0.542747,0.315038,0.0818522,0.394606,0.459009,0.0972268,0.343965,0.495658,0.269593,0.258184,0.541949,0.440164,0.224444,-0.0288494,0.617677,0.377698,0.406781,0.103127,0.425861,0.32589,0.329845,0.481922,0.0541104,-0.111348,0.395463,-0.258507,0.309808,0.444727,0.384763,0.598419,0.612774,0.497771,0.517696,0.942106,0.549573,0.486706,0.527819,0.446171,0.280296,0.23599,0.490904,0.401353,0.564532,0.408196,0.269884,0.27599,0.203059,0.412362,0.269363,0.429048,0.674582
0.0315076,-0.00503221,0.197978,0.208089,0.240073,0.0927165,0.189687,0.157066,0.256835,0.0195792,0.0802592,0.031868,0.0832679,0.230561,0.210751,-0.123737,0.00881849,0.178133,0.339264,0.222622,0.36089,0.0904884,0.137534,0.369329,1,0.203769,0.379326,0.42033,0.0734302,0.207823,0.31509,0.348184,0.189902,0.109274,0.322861,0.130307,-0.140104,0.180778,0.35502,0.350466,0.0867129,0.325699,0.0468253,0.121294,0.0626484,0.131796,0.215299,0.166206,0.334612,0.234401,-0.0167777,-0.290121,-0.0620029,-0.12147,-0.169153,0.229501,-0.0167216,-0.0409452,-0.0043637,-0.338963,-0.120121,0.230468,0.0353625,0.143482,0.287637,0.211791,0.0907163,0.301991,0.235202,0.322275,0.170565,-0.0153063,0.117413,-0.146611,0.292064,0.201276,0.205653,0.119648,0.0625954,0.0592191,0.0756924,0.275131,0.18052,-0.14719,0.477006
0.258666,0.164318,0.392606,0.186956,0.206083,0.0905683,0.281522,0.123173,-0.0316983,0.440355,0.20595,0.287451,0.260576,0.437426,0.120536,-0.190953,0.181055,0.0658908,0.539983,0.26827,0.565031,0.365746,0.586224,0.495769,0.203769,1,0.479784,0.29943,0.341642,0.0926842,0.118688,0.376894,0.461872,0.33989,0.409905,0.406812,-0.107276,0.299148,0.508543,0.269514,0.184599,0.344524,0.297451,0.173089,0.458225,0.296385,0.181369,0.186132,0.508897,0.0353278,0.286429,0.166036,0.164293,0.350437,0.422197,0.26838,0.0371318,0.0810148,0.423611,-0.0896309,0.221933,0.366607,0.58492,0.541459,0.559705,0.285892,0.438032,0.541319,0.317168,0.151058,0.671612,0.223404,0.0788848,-0.0357958,0.308521,0.34619,0.536288,-0.0148372,0.205007,-0.0244768,0.366611,0.484806,0.327178,-0.0166915,0.365777
0.611614,0.497792,0.682565,0.378853,0.529687,0.518921,0.299861,0.564561,0.259929,0.526231,0.538345,0.307547,0.485608,0.716625,0.394894,-0.085486,0.539467,0.294137,0.59749,0.659459,0.766335,0.181179,0.677474,0.658344,0.379326,0.479784,1,0.641881,0.148266,0.327454,0.206034,0.431859,0.549404,0.515614,0.583914,0.332774,-0.0154818,0.350275,0.756464,0.605267,0.464054,0.407091,0.547398,0.490676,0.615594,0.462226,0.585488,0.332295,0.701982,0.433802,0.463387,0.254681,0.440141,0.215073,0.448729,0.664758,0.355683,0.258759,0.605784,-0.0541474,0.290782,0.44419,0.530718,0.729198,0.753218,0.631081,0.623059,0.73512,0.33881,0.46641,0.746985,0.437284,0.207518,0.144203,0.45632,0.526228,0.676554,0.335469,0.0723439,0.0956469,0.434593,0.670864,0.632094,0.253316,0.601993
0.405533,0.316894,0.702299,0.572739,0.45499,0.588915,0.465901,0.39875,0.206096,0.425476,0.494221,0.0742718,0.225262,0.417883,0.33852,-0.14798,0.356529,0.165923,0.578111,0.429772,0.583139,0.39113,0.457313,0.594513,0.42033,0.29943,0.641881,1,0.145932,0.0203897,0.260592,0.373298,0.513185,0.420665,0.502207,0.119962,0.218131,0.41642,0.61041,0.408524,0.0242512,0.409269,0.390857,0.509094,0.470291,0.462943,0.409271,0.307854,0.470883,0.604601,0.565313,0.031144,0.373269,0.12063,0.278327,0.39742,0.20999,0.138721,0.396308,0.0687938,0.149009,0.379188,0.209187,0.506737,0.595165,0.356999,0.233994,0.639905,0.399498,0.388968,0.375212,0.41656,0.266309,-0.0481945,0.545441,0.5611,0.598551,0.0890363,0.217051,0.112368,0.271551,0.471354,0.440074,0.285021,0.558816
0.0647587,-0.0541761,0.252627,0.141543,-0.0147968,0.0358976,0.105403,-0.138027,-0.100326,0.228296,0.204203,0.2956,0.391745,0.0722987,0.27894,-0.0806223,0.328993,0.20858,0.129245,0.236694,0.126448,-0.140293,0.233968,0.237639,0.0734302,0.341642,0.148266,0.145932,1,0.158711,0.288882,0.057163,0.0852551,0.194604,0.302,0.254259,-0.192226,0.207386,0.127604,0.0709383,-0.120468,0.222432,0.0616864,0.00508884,0.226944,0.0832315,0.0478208,0.0182648,0.418876,-0.186881,0.124711,0.144866,0.132512,0.244822,0.258666,0.00852598,0.0565601,0.00158486,0.293111,-0.0192582,0.0199528,0.0542457,0.235275,0.209438,0.193243,0.267446,0.278396,0.238859,0.280647,0.0736266,0.321021,0.167481,0.0148307,-0.039245,0.192003,0.312377,0.33198,0.166218,0.0946244,-0.134321,0.190423,0.1868,0.016003,0.121468,0.0368811
0.0009999,-0.156656,0.0695441,-0.175243,0.06054,0.00709919,-0.0970656,0.180352,0.224458,0.196047,0.188061,0.0912121,0.12301,0.125068,0.156872,-0.112518,-0.00568423,0.142845,0.0218083,0.31643,0.152217,-0.195543,0.353128,0.0967885,0.207823,0.0926842,0.327454,0.0203897,0.158711,1,0.124247,0.374685,-0.0592274,0.0428156,0.216038,0.139992,-0.243462,0.110886,0.319936,0.32757,0.179371,0.315492,-0.0194717,0.0284811,0.110124,-0.0406432,0.184226,-0.148895,0.261406,-0.149627,0.168739,0.0831335,0.0475205,0.0868038,0.266524,0.300466,0.238697,0.0660093,0.339212,-0.247115,-0.0604139,-0.156573,0.267823,0.42067,0.282779,0.299919,0.368755,0.117681,0.0124101,0.266598,0.411246,0.157525,-0.356548,-0.0284176,0.11275,0.076394,0.237024,0.280908,-0.00643996,-0.0357004,0.241405,0.119515,0.0930092,-0.101985,0.0289363
0.0791358,0.182599,0.354146,0.0569481,0.202079,0.058324,0.00755185,0.151392,-0.00740851,0.0461074,0.0392582,-0.0134818,0.208391,0.145282,0.252601,0.202524,0.12585,0.106551,0.00354384,0.393748,0.29517,-0.100869,0.116192,0.191137,0.31509,0.118688,0.206034,0.260592,0.288882,0.124247,1,0.0621379,0.0688569,0.174191,0.578705,0.268858,-0.069953,0.165178,0.208885,0.346075,-0.0511802,-0.0229372,0.0871987,0.246121,0.227244,0.24995,0.219209,0.233246,0.30219,-0.0504682,0.0587435,-0.045026,0.0921297,-0.193772,-0.0701986,0.107582,0.0483768,0.162707,0.421674,0.00140125,0.0688837,-0.0134577,0.108339,0.201737,0.207548,0.0246136,-0.146002,0.163191,0.110602,0.083052,0.101397,0.219599,0.0294519,0.0143837,0.224044,0.37179,0.199998,0.229561,0.255305,0.142153,0.132184,0.297223,0.282599,0.0748779,0.256807
0.288789,0.172758,0.27865,-0.0470968,0.261935,0.197564,0.198587,0.158947,0.254926,0.127922,0.234203,0.229543,0.334765,0.477042,0.323738,0.0452959,0.0526635,0.190044,0.367474,0.249639,0.347087,0.456762,0.362785,0.268737,0.348184,0.376894,0.431859,0.373298,0.057163,0.374685,0.0621379,1,0.254921,0.0385848,0.299791,0.163584,0.0898786,0.322884,0.511993,0.355711,0.194694,0.300209,0.144273,0.441977,0.166649,0.0304209,0.140273,0.218008,0.282722,0.0753842,0.356804,0.0190512,0.0135489,0.24358,0.376104,0.501448,0.189545,0.331883,0.333492,-0.198081,0.0544157,0.292697,0.424515,0.482277,0.406696,0.387929,0.311588,0.333722,0.107246,0.160154,0.3895,0.0880899,0.0585036,-0.163198,0.4212,0.171377,0.421207,0.0372185,0.113599,-0.265851,0.110496,0.326813,0.328473,-0.0644412,0.259404
0.321223,0.310182,0.439724,0.275686,0.457551,0.30196,0.365327,0.418849,0.0215835,0.452953,0.399427,0.108583,0.215908,0.430789,0.186121,-0.011322,0.322373,0.203954,0.35285,0.352606,0.421602,0.373825,0.408553,0.481244,0.189902,0.461872,0.549404,0.513185,0.0852551,-0.0592274,0.0688569,0.254921,1,0.41464,0.407624,0.452037,0.244129,0.295145,0.634281,0.365916,0.198356,0.322704,0.495354,0.351831,0.455467,0.384527,0.163959,0.220553,0.368166,0.229267,0.575923,0.28619,0.384451,0.14461,0.236081,0.421968,0.130044,0.199765,0.434909,0.0784549,0.338625,0.478387,0.180762,0.428825,0.442104,0.408158,0.463638,0.505579,0.39473,0.188784,0.521451,0.340625,0.283456,0.221275,0.392827,0.37436,0.50695,0.149421,0.314682,0.0131199,0.431834,0.565052,0.456246,0.212428,0.518534
0.429937,0.245455,0.519694,0.582258,0.512758,0.494775,0.307001,0.617017,0.0742512,0.644599,0.68073,0.282051,0.484958,0.455739,0.235747,-0.172908,0.416363,0.188042,0.511708,0.585003,0.520277,0.0344689,0.484543,0.629232,0.109274,0.33989,0.515614,0.420665,0.194604,0.0428156,0.174191,0.0385848,0.41464,1,0.33107,0.270158,0.224441,0.286645,0.445797,0.256231,0.21945,0.397751,0.401205,0.214076,0.568633,0.435944,0.364985,0.203584,0.477456,0.449813,0.309675,0.421939,0.541033,0.281739,0.42243,0.474071,0.221973,0.0117065,0.399585,0.0268739,0.504697,0.467724,0.374804,0.534922,0.609239,0.310646,0.614844,0.711974,0.572326,0.41689,0.536732,0.144887,0.0921914,0.352484,0.348486,0.407714,0.560265,0.439,0.141045,0.1307,0.466425,0.458202,0.429473,0.432434,0.357821
0.272043,0.262532,0.600116,0.282185,0.335229,0.33648,0.252129,0.254564,0.189051,0.341948,0.432735,0.116325,0.340265,0.365705,0.24245,-0.0308053,0.361633,0.199922,0.333764,0.621228,0.687164,0.259546,0.454425,0.542747,0.322861,0.409905,0.583914,0.502207,0.302,0.216038,0.578705,0.299791,0.407624,0.33107,1,0.433046,0.104401,0.320512,0.513658,0.472733,0.24798,0.356302,0.323246,0.341017,0.482435,0.280857,0.325232,0.159679,0.711734,0.241904,0.291014,0.143532,0.30166,0.12598,0.217068,0.366964,-0.0176636,0.229123,0.593532,-0.16047,0.160712,0.212158,0.356596,0.532066,0.582213,0.440967,0.284575,0.527656,0.148747,0.156755,0.434781,0.309348,0.218362,0.188738,0.605707,0.549283,0.517647,0.330425,0.123944,-0.105408,0.253166,0.491708,0.491909,0.145925,0.598076
0.313181,0.121653,0.285739,0.0498955,0.35114,-0.0972326,-0.0754277,0.166124,-0.178746,0.298804,0.302188,0.201573,0.225443,0.173848,0.229592,0.12155,0.154224,-0.128823,0.19519,0.334186,0.203483,0.175872,0.385725,0.315038,0.130307,0.406812,0.332774,0.119962,0.254259,0.139992,0.268858,0.163584,0.452037,0.270158,0.433046,1,0.201041,0.218477,0.365129,0.377953,-0.0473076,0.414188,0.364145,0.149606,0.436489,0.204097,0.278176,0.109811,0.352321,0.0142348,0.353648,0.329293,0.236703,0.115201,0.0273783,0.386034,0.316441,0.266108,0.337484,0.0165638,0.222286,0.249141,0.271025,0.28678,0.231136,0.255565,0.328431,0.253991,0.108959,0.00641479,0.293304,0.217612,0.261693,0.144241,0.494312,0.339613,0.215095,0.313524,0.183357,-0.0973948,0.104982,0.318618,0.405796,0.170664,0.415584
0.279362,0.314492,0.233459,0.14282,0.204807,0.0551923,0.0977183,0.212326,0.0254409,0.180044,0.272759,0.0115349,0.0149724,0.194518,0.155037,0.207967,0.195872,0.0464376,0.233463,0.154706,0.0310225,0.11454,-0.0761032,0.0818522,-0.140104,-0.107276,-0.0154818,0.218131,-0.192226,-0.243462,-0.069953,0.0898786,0.244129,0.224441,0.104401,0.201041,1,0.210791,0.178859,0.136317,-0.106319,0.262484,0.183683,0.419537,0.115023,0.0920318,0.00307415,0.0610471,0.0976477,0.378916,0.352361,0.224604,0.251987,-0.0376178,0.115574,0.258509,0.131758,0.263468,0.109002,0.389952,0.319021,0.354535,-0.140786,0.0726903,0.00461959,-0.0783871,0.0801618,0.111637,0.0568857,-0.138853,-0.0337026,-0.0593275,0.37398,0.0175426,0.254133,0.103661,0.0963431,0.0619131,0.0195176,-0.112597,-0.0304463,0.0633316,0.116552,0.306129,0.0500496
0.329268,0.25509,0.444118,0.363838,0.41118,0.383186,0.128995,0.116092,0.287839,0.304598,0.391013,0.367157,0.23937,0.394384,0.0300012,-0.0316314,0.407252,0.253705,0.486536,0.399031,0.381243,0.0609803,0.377432,0.394606,0.180778,0.299148,0.350275,0.41642,0.207386,0.110886,0.165178,0.322884,0.295145,0.286645,0.320512,0.218477,0.210791,1,0.377462,0.282621,0.147242,0.208816,0.365729,0.391793,0.313997,0.235118,0.333653,0.336207,0.321211,0.0150126,0.502195,0.264639,0.321147,0.300595,0.355096,0.517466,0.311004,0.13744,0.388105,0.0175626,-0.00756656,0.388567,0.28474,0.443242,0.383911,0.31793,0.303745,0.49403,0.352627,0.229171,0.401785,-0.0378576,0.15988,-0.162383,0.465477,0.389685,0.436999,0.0314908,0.0261274,0.059743,0.0756012,0.354269,0.269833,0.333453,0.26907
0.596882,0.39532,0.684847,0.422624,0.587222,0.353818,0.189662,0.551862,0.102472,0.541418,0.551807,0.209706,0.398784,0.588694,0.371304,0.0979286,0.357843,0.300522,0.614093,0.613124,0.6894,0.28756,0.481014,0.459009,0.35502,0.508543,0.756464,0.61041,0.127604,0.319936,0.208885,0.511993,0.634281,0.445797,0.513658,0.365129,0.178859,0.377462,1,0.714905,0.248837,0.375982,0.601114,0.589923,0.628231,0.535141,0.502243,0.382139,0.611346,0.318073,0.656303,0.382706,0.437495,0.169216,0.492519,0.581586,0.41767,0.47636,0.606278,0.0764109,0.322664,0.50389,0.571188,0.731886,0.743179,0.423194,0.5082,0.538646,0.482783,0.374179,0.677572,0.400772,0.108924,-0.137374,0.462896,0.452125,0.765572,0.280784,0.236508,-0.0634791,0.507886,0.818722,0.692669,0.153119,0.590221
0.510638,0.501993,0.513794,0.210498,0.656341,0.298272,-0.0519015,0.332675,0.0478823,0.289711,0.422336,0.297004,0.330275,0.554041,0.283685,0.467375,0.410677,0.260298,0.488484,0.444597,0.461185,-0.0228101,0.199056,0.0972268,0.350466,0.269514,0.605267,0.408524,0.0709383,0.32757,0.346075,0.355711,0.365916,0.256231,0.472733,0.377953,0.136317,0.282621,0.714905,1,0.0742275,0.306546,0.674905,0.56266,0.499655,0.422974,0.617978,0.630107,0.440538,0.280593,0.390323,0.343641,0.311649,-0.0832948,0.198205,0.549201,0.584177,0.668448,0.501031,0.242681,0.247133,0.410135,0.362303,0.439227,0.52821,0.35252,0.270037,0.203642,0.242862,0.264007,0.462841,0.0568567,-0.00965031,-0.166213,0.438992,0.516492,0.46835,0.255617,0.123192,-0.112615,0.511387,0.6424,0.750666,0.0648844,0.444434
0.140266,0.317063,0.0775964,-0.0391173,-0.0218646,0.29185,0.0555734,0.305525,0.404081,0.149551,0.0924474,0.102956,0.269728,0.493714,0.115277,-0.0676913,0.332989,0.128793,0.205397,0.367191,0.421445,-0.0531049,0.309019,0.343965,0.0867129,0.184599,0.464054,0.0242512,-0.120468,0.179371,-0.0511802,0.194694,0.198356,0.21945,0.24798,-0.0473076,-0.106319,0.147242,0.248837,0.0742275,1,-0.0164027,0.0155539,0.213949,0.0991197,0.0724306,0.110448,0.0437113,0.398399,0.163699,0.0163988,0.181669,0.158573,-0.0280407,0.186846,0.335978,-0.0716312,-0.0742476,0.273615,-0.402282,0.0971129,0.18314,0.289147,0.371348,0.27966,0.373987,0.469938,0.35109,-0.0162277,0.0644992,0.484269,0.0133311,0.147536,0.155293,-0.0912267,0.0561486,0.286983,0.136266,-0.387326,0.163561,0.117162,0.178864,0.0920016,0.193812,0.175262
0.264218,-0.0237461,0.407989,0.251107,0.258649,0.211783,0.383157,0.307942,0.0840952,0.503268,0.450515,0.0698885,0.0843423,0.173872,0.170352,-0.28862,-0.0169178,-0.105868,0.510756,0.362436,0.35665,0.0966942,0.416633,0.495658,0.325699,0.344524,0.407091,0.409269,0.222432,0.315492,-0.0229372,0.300209,0.322704,0.397751,0.356302,0.414188,0.262484,0.208816,0.375982,0.306546,-0.0164027,1,0.302586,0.0814088,0.459237,0.178528,0.289222,-0.0112577,0.488178,0.369227,0.332792,0.101572,0.272011,0.19769,0.144742,0.28437,0.193058,0.0309855,0.129394,-0.00227941,0.225672,0.340158,0.279327,0.363772,0.44447,0.436724,0.468788,0.494876,0.199513,0.42271,0.37742,0.172842,0.231964,0.1431,0.621498,0.261331,0.33365,0.492086,0.0248742,-0.0268372,0.218263,0.324623,0.274211,0.210727,0.453763
0.725181,0.54807,0.656822,0.519172,0.630196,0.402694,0.0874398,0.427305,-0.181132,0.576626,0.574816,0.293225,0.298589,0.507614,0.190959,0.341182,0.389474,0.153395,0.458039,0.36299,0.418122,0.125251,0.262727,0.269593,0.0468253,0.297451,0.547398,0.390857,0.0616864,-0.0194717,0.0871987,0.144273,0.495354,0.401205,0.323246,0.364145,0.183683,0.365729,0.601114,0.674905,0.0155539,0.302586,1,0.515721,0.727007,0.710898,0.600621,0.550287,0.266973,0.300305,0.422403,0.525436,0.572137,0.162321,0.344406,0.48671,0.624943,0.677207,0.465416,0.407672,0.455396,0.389841,0.352911,0.44758,0.520353,0.354354,0.307781,0.354673,0.501936,0.37883,0.410247,0.192118,0.00246367,-0.015138,0.39196,0.484817,0.511285,0.378797,0.316698,-0.0303918,0.566276,0.741748,0.76956,0.155356,0.571307
0.658213,0.797889,0.597045,0.185135,0.425901,0.465438,0.224937,0.459949,0.223893,0.19366,0.23389,0.437021,0.450905,0.668935,0.517463,0.494266,0.545449,0.391452,0.430018,0.498137,0.501266,0.100263,0.284587,0.258184,0.121294,0.173089,0.490676,0.509094,0.00508884,0.0284811,0.246121,0.441977,0.351831,0.214076,0.341017,0.149606,0.419537,0.391793,0.589923,0.56266,0.213949,0.0814088,0.515721,1,0.282269,0.460354,0.261663,0.469544,0.353424,0.400451,0.565601,0.0899263,0.164191,0.136922,0.461071,0.543471,0.485515,0.63735,0.540615,0.200974,0.333746,0.490146,0.275914,0.499123,0.455727,0.230028,0.141401,0.333846,0.278363,0.169322,0.443554,0.246774,0.120543,-0.0735904,0.213436,0.454578,0.455285,0.035826,0.192107,-0.0772967,0.265058,0.493392,0.468593,0.225669,0.407185
0.574219,0.290734,0.805121,0.610454,0.460303,0.372507,0.0523086,0.539073,-0.232536,0.837435,0.692934,0.0924372,0.288087,0.399149,0.252919,-0.0413735,0.277078,-0.0817219,0.455937,0.543732,0.537557,0.245223,0.452615,0.541949,0.0626484,0.458225,0.615594,0.470291,0.226944,0.110124,0.227244,0.166649,0.455467,0.568633,0.482435,0.436489,0.115023,0.313997,0.628231,0.499655,0.0991197,0.459237,0.727007,0.282269,1,0.771305,0.678452,0.321868,0.478488,0.320395,0.456131,0.649766,0.78751,0.147292,0.446518,0.375278,0.437865,0.375912,0.630023,0.298158,0.423159,0.320425,0.543415,0.594898,0.610372,0.401201,0.415691,0.585292,0.499276,0.315208,0.466095,0.402443,0.0572494,0.0849698,0.574051,0.521685,0.698627,0.528784,0.360896,0.0663136,0.557978,0.690392,0.7412,0.307971,0.536172
0.563492,0.446341,0.755134,0.583634,0.388607,0.445,0.0929289,0.513787,-0.199022,0.678,0.478099,0.190052,0.274428,0.391997,0.428141,0.141809,0.34863,0.0704726,0.375891,0.522776,0.450801,0.0968285,0.28569,0.440164,0.131796,0.296385,0.462226,0.462943,0.0832315,-0.0406432,0.24995,0.0304209,0.384527,0.435944,0.280857,0.204097,0.0920318,0.235118,0.535141,0.422974,0.0724306,0.178528,0.710898,0.460354,0.771305,1,0.494279,0.323094,0.232756,0.304056,0.384878,0.448616,0.66797,-0.0284513,0.29481,0.286817,0.487319,0.409546,0.508004,0.263381,0.330048,0.254049,0.321556,0.516826,0.519202,0.296085,0.191095,0.444446,0.597529,0.31227,0.359734,0.338377,-0.117049,-0.0601382,0.208679,0.445202,0.566623,0.373455,0.447717,0.228444,0.537257,0.583237,0.61806,0.178576,0.486842
0.584032,0.358785,0.585723,0.50717,0.551097,0.44709,-0.21295,0.313346,-0.102971,0.48588,0.579975,0.17916,0.329246,0.372773,0.0905305,0.230547,0.363336,-0.00360535,0.561657,0.413928,0.471803,-0.0608936,0.385528,0.224444,0.215299,0.181369,0.585488,0.409271,0.0478208,0.184226,0.219209,0.140273,0.163959,0.364985,0.325232,0.278176,0.00307415,0.333653,0.502243,0.617978,0.110448,0.289222,0.600621,0.261663,0.678452,0.494279,1,0.583947,0.368874,0.395552,0.222668,0.49347,0.503499,0.052068,0.263451,0.340943,0.595761,0.434049,0.447943,0.301201,0.123295,0.171535,0.45731,0.440196,0.546075,0.324496,0.31995,0.308536,0.238434,0.325923,0.291604,0.142479,0.123078,-0.0741964,0.420829,0.580279,0.499893,0.337173,-0.0424118,0.0385377,0.407516,0.506242,0.76311,0.195416,0.35174
0.516903,0.54452,0.382537,0.252146,0.546722,0.370229,-0.0734324,0.133905,-0.0685839,0.0860046,0.211494,0.254727,0.313533,0.564602,0.0752541,0.541605,0.358856,0.207524,0.493535,0.199737,0.281263,-0.0267414,0.110071,-0.0288494,0.166206,0.186132,0.332295,0.307854,0.0182648,-0.148895,0.233246,0.218008,0.220553,0.203584,0.159679,0.109811,0.0610471,0.336207,0.382139,0.630107,0.0437113,-0.0112577,0.550287,0.469544,0.321868,0.323094,0.583947,1,0.163472,0.314484,0.198788,0.208888,0.173715,-0.172737,0.151145,0.268347,0.50608,0.523136,0.256067,0.345623,0.133026,0.41523,0.354487,0.171123,0.374338,0.190674,0.114273,0.119162,0.260936,0.233948,0.278514,-0.0989137,0.0716035,-0.181543,0.258193,0.380489,0.316473,-0.0980206,-0.0294118,-0.00523896,0.364935,0.486486,0.586962,0.0540735,0.202
0.345616,0.331837,0.599253,0.253206,0.287096,0.332501,0.375775,0.397928,0.265505,0.406049,0.439743,0.212446,0.427286,0.492887,0.354025,-0.144529,0.426704,0.221972,0.563064,0.570001,0.72781,0.0567444,0.585402,0.617677,0.334612,0.508897,0.701982,0.470883,0.418876,0.261406,0.30219,0.282722,0.368166,0.477456,0.711734,0.352321,0.0976477,0.321211,0.611346,0.440538,0.398399,0.488178,0.266973,0.353424,0.478488,0.232756,0.368874,0.163472,1,0.353713,0.380526,0.13448,0.21087,0.215423,0.374799,0.404365,0.171352,0.126781,0.486468,-0.0842004,0.197954,0.394722,0.466271,0.58229,0.640751,0.463831,0.55012,0.636162,0.224195,0.27175,0.637752,0.306224,0.289299,0.0400709,0.429678,0.597448,0.603676,0.365394,-0.0284671,-0.0636811,0.306073,0.522646,0.449799,0.190905,0.501361
0.41716,0.423641,0.456418,0.458918,0.314316,0.526125,0.303851,0.459084,0.090524,0.301515,0.307918,0.00714122,0.147331,0.355092,0.149705,0.0518158,0.278677,-0.0270723,0.483701,0.272089,0.417224,0.127034,0.213061,0.377698,0.234401,0.0353278,0.433802,0.604601,-0.186881,-0.149627,-0.0504682,0.0753842,0.229267,0.449813,0.241904,0.0142348,0.378916,0.0150126,0.318073,0.280593,0.163699,0.369227,0.300305,0.400451,0.320395,0.304056,0.395552,0.314484,0.353713,1,0.243437,0.00510846,0.243282,-0.0163138,0.157816,0.183958,0.17323,0.13791,0.0790091,0.171015,0.288942,0.398402,0.0703923,0.172128,0.387507,0.0592224,0.199041,0.38838,0.136662,0.227327,0.12914,0.211207,0.381557,0.15337,0.288805,0.418758,0.285405,0.0985297,-0.130057,0.144426,0.148499,0.239106,0.342672,0.117518,0.379226
0.453749,0.340596,0.517428,0.269465,0.352697,0.335138,0.289402,0.406321,0.00367779,0.428144,0.406698,0.171282,0.221323,0.371628,0.249708,0.0971357,0.30327,0.124572,0.376023,0.470806,0.414921,0.265804,0.383863,0.406781,-0.0167777,0.286429,0.463387,0.565313,0.124711,0.168739,0.0587435,0.356804,0.575923,0.309675,0.291014,0.353648,0.352361,0.502195,0.656303,0.390323,0.0163988,0.332792,0.422403,0.565601,0.456131,0.384878,0.222668,0.198788,0.380526,0.243437,1,0.213698,0.377007,0.289295,0.482138,0.540589,0.439846,0.34289,0.433673,0.227586,0.356435,0.500432,0.348843,0.502731,0.406829,0.257455,0.387123,0.47788,0.306785,0.204729,0.444657,0.427826,0.189538,-0.0776686,0.452805,0.342259,0.461432,0.158669,0.27595,0.0977296,0.209451,0.424625,0.369518,0.343346,0.387986
0.299125,0.187496,0.322143,0.307511,0.30348,0.177155,-0.354961,0.255672,-0.258981,0.609315,0.609496,0.17069,0.256853,0.249029,0.0284909,0.180004,0.364837,-0.0516097,0.19137,0.282855,0.11426,0.0454167,0.0969925,0.103127,-0.290121,0.166036,0.254681,0.031144,0.144866,0.0831335,-0.045026,0.0190512,0.28619,0.421939,0.143532,0.329293,0.224604,0.264639,0.382706,0.343641,0.181669,0.101572,0.525436,0.0899263,0.649766,0.448616,0.49347,0.208888,0.13448,0.00510846,0.213698,1,0.730293,0.015567,0.301339,0.289913,0.403612,0.375493,0.535008,0.300538,0.276223,0.14691,0.374835,0.339704,0.266297,0.274957,0.414494,0.195059,0.342753,-0.0529136,0.263509,-0.0169486,0.0502849,-0.0610439,0.209988,0.269953,0.489395,0.390072,0.0948383,-0.0531539,0.455062,0.357135,0.503317,0.359045,0.0519794
0.453317,0.188532,0.565368,0.606715,0.29717,0.363535,-0.160265,0.432125,-0.123228,0.835793,0.728864,0.0284801,0.223387,0.30734,0.197657,-0.00859591,0.412751,-0.0421625,0.256531,0.528749,0.350595,0.139106,0.199113,0.425861,-0.0620029,0.164293,0.440141,0.373269,0.132512,0.0475205,0.0921297,0.0135489,0.384451,0.541033,0.30166,0.236703,0.251987,0.321147,0.437495,0.311649,0.158573,0.272011,0.572137,0.164191,0.78751,0.66797,0.503499,0.173715,0.21087,0.243282,0.377007,0.730293,1,0.0524119,0.365306,0.336593,0.232118,0.269108,0.567925,0.247355,0.335949,0.172419,0.344933,0.50068,0.410943,0.37041,0.405231,0.449245,0.466379,0.233821,0.289467,0.243173,0.0241911,0.0804106,0.383598,0.332239,0.612893,0.440835,0.19184,0.232389,0.460874,0.424573,0.476618,0.442507,0.299262
0.302472,0.00754148,0.226438,0.300221,0.226727,0.259159,0.241341,0.14039,0.134324,0.243285,0.366064,0.53145,0.48972,0.117069,0.00570478,-0.14853,0.1964,0.298689,0.256317,0.196244,0.417436,0.28819,0.498232,0.32589,-0.12147,0.350437,0.215073,0.12063,0.244822,0.0868038,-0.193772,0.24358,0.14461,0.281739,0.12598,0.115201,-0.0376178,0.300595,0.169216,-0.0832948,-0.0280407,0.19769,0.162321,0.136922,0.147292,-0.0284513,0.052068,-0.172737,0.215423,-0.0163138,0.289295,0.015567,0.0524119,1,0.69374,0.276153,0.0421448,0.105448,0.226872,-0.160053,0.124,0.157809,0.427056,0.43652,0.406993,0.171107,0.382508,0.367001,0.192242,0.276619,0.271023,0.15659,0.0479329,0.217724,0.260197,0.246011,0.300402,0.0605471,0.133028,-0.297081,0.121069,0.19584,0.150198,0.0987384,0.213614
0.546909,0.298396,0.537987,0.370983,0.300938,0.393582,0.139576,0.356949,0.0772291,0.496153,0.511834,0.482473,0.625815,0.487484,0.264059,0.0432635,0.437171,0.387389,0.420431,0.454699,0.527431,0.231926,0.55335,0.329845,-0.169153,0.422197,0.448729,0.278327,0.258666,0.266524,-0.0701986,0.376104,0.236081,0.42243,0.217068,0.0273783,0.115574,0.355096,0.492519,0.198205,0.186846,0.144742,0.344406,0.461071,0.446518,0.29481,0.263451,0.151145,0.374799,0.157816,0.482138,0.301339,0.365306,0.69374,1,0.371513,0.259436,0.345836,0.635864,0.0980659,0.250547,0.257961,0.656606,0.691192,0.60348,0.279373,0.53781,0.443211,0.328277,0.258909,0.590227,0.303245,-0.0554575,0.0762222,0.220653,0.365593,0.633753,0.0617934,0.152265,-0.212301,0.48525,0.442736,0.367046,0.121407,0.140043
0.535594,0.487334,0.395691,0.219589,0.527772,0.301151,0.196579,0.466509,0.225427,0.308805,0.540173,0.392243,0.437922,0.716361,0.283421,0.116776,0.448833,0.352341,0.403378,0.522853,0.490089,0.130231,0.465266,0.481922,0.229501,0.26838,0.664758,0.39742,0.00852598,0.300466,0.107582,0.501448,0.421968,0.474071,0.366964,0.386034,0.258509,0.517466,0.581586,0.549201,0.335978,0.28437,0.48671,0.543471,0.375278,0.286817,0.340943,0.268347,0.404365,0.183958,0.540589,0.289913,0.336593,0.276153,0.371513,1,0.513472,0.373874,0.424609,-0.0619209,0.464208,0.532068,0.340805,0.546715,0.446515,0.476225,0.596561,0.595135,0.404981,0.303968,0.542725,0.0870993,0.125602,0.13782,0.416108,0.254499,0.400445,0.342758,0.147693,-0.0453071,0.251512,0.430959,0.461985,0.392368,0.467459
0.547747,0.521718,0.413623,0.154119,0.496633,0.310006,-0.0468234,0.289946,-0.166554,0.250784,0.37235,0.400799,0.367168,0.432749,0.326604,0.469684,0.306196,0.150297,0.37047,0.236132,0.130043,-0.12869,0.289258,0.0541104,-0.0167216,0.0371318,0.355683,0.20999,0.0565601,0.238697,0.0483768,0.189545,0.130044,0.221973,-0.0176636,0.316441,0.131758,0.311004,0.41767,0.584177,-0.0716312,0.193058,0.624943,0.485515,0.437865,0.487319,0.595761,0.50608,0.171352,0.17323,0.439846,0.403612,0.232118,0.0421448,0.259436,0.513472,1,0.607083,0.322592,0.402975,0.254439,0.314795,0.313296,0.283444,0.321525,0.24921,0.277662,0.169546,0.312668,0.286243,0.276481,0.0777127,-0.0326344,-0.239806,0.165277,0.371532,0.256767,0.320952,0.218034,-0.0573783,0.355605,0.362783,0.596106,0.188479,0.209147
0.579419,0.604613,0.393626,0.0694832,0.372938,0.141009,-0.193427,0.221106,-0.214093,0.175373,0.34095,0.33679,0.366844,0.441558,0.258401,0.794806,0.324094,0.223342,0.205909,0.246998,0.265072,0.0923802,0.0382282,-0.111348,-0.0409452,0.0810148,0.258759,0.138721,0.00158486,0.0660093,0.162707,0.331883,0.199765,0.0117065,0.229123,0.266108,0.263468,0.13744,0.47636,0.668448,-0.0742476,0.0309855,0.677207,0.63735,0.375912,0.409546,0.434049,0.523136,0.126781,0.13791,0.34289,0.375493,0.269108,0.105448,0.345836,0.373874,0.607083,1,0.491794,0.377166,0.293034,0.256613,0.369252,0.29415,0.295782,0.192839,0.0973679,-0.0617707,0.208793,0.0681391,0.125458,0.142985,0.0508017,-0.234041,0.165745,0.364065,0.305119,0.221614,0.291433,-0.32341,0.383112,0.455364,0.640294,-0.0200621,0.325027
0.470802,0.474911,0.647226,0.213844,0.339583,0.39676,-0.00358174,0.418981,0.13089,0.565222,0.527927,0.381662,0.555937,0.563485,0.44272,0.232631,0.584212,0.325883,0.298399,0.642515,0.572807,0.185533,0.53142,0.395463,-0.0043637,0.423611,0.605784,0.396308,0.293111,0.339212,0.421674,0.333492,0.434909,0.399585,0.593532,0.337484,0.109002,0.388105,0.606278,0.501031,0.273615,0.129394,0.465416,0.540615,0.630023,0.508004,0.447943,0.256067,0.486468,0.0790091,0.433673,0.535008,0.567925,0.226872,0.635864,0.424609,0.322592,0.491794,1,0.0582176,0.191463,0.209111,0.578742,0.727342,0.636633,0.468949,0.397875,0.451982,0.322463,0.163857,0.594959,0.441723,0.0183402,0.0548503,0.294589,0.561596,0.75041,0.293082,0.315043,-0.108741,0.559928,0.519218,0.556633,0.2883,0.31885
0.260313,0.301828,0.218479,0.129216,0.156911,-0.0543044,-0.122598,0.0154775,-0.560824,0.2255,0.091332,-0.170565,-0.136263,-0.0129291,-0.0986782,0.344833,0.108032,-0.249026,0.1066,-0.140047,-0.184076,-0.150181,-0.248303,-0.258507,-0.338963,-0.0896309,-0.0541474,0.0687938,-0.0192582,-0.247115,0.00140125,-0.198081,0.0784549,0.0268739,-0.16047,0.0165638,0.389952,0.0175626,0.0764109,0.242681,-0.402282,-0.00227941,0.407672,0.200974,0.298158,0.263381,0.301201,0.345623,-0.0842004,0.171015,0.227586,0.300538,0.247355,-0.160053,0.0980659,-0.0619209,0.402975,0.377166,0.0582176,1,0.384835,0.0611039,-0.1078,-0.133413,-0.168653,-0.278266,-0.147963,-0.16731,0.0100378,-0.198449,-0.0665139,-0.0161057,0.0638401,-0.15061,0.0838359,0.234556,-0.0198453,-0.0138867,0.131767,0.129401,0.192726,0.147216,0.292588,0.0523097,-0.129815
0.39986,0.403997,0.245259,0.192204,0.150746,0.0412221,0.218419,0.474088,-0.360868,0.417997,0.265226,-0.0245721,0.0946772,0.346901,0.057222,0.115303,0.0756428,-0.101671,0.130898,0.239957,0.269207,0.0722452,0.0783703,0.309808,-0.120121,0.221933,0.290782,0.149009,0.0199528,-0.0604139,0.0688837,0.0544157,0.338625,0.504697,0.160712,0.222286,0.319021,-0.00756656,0.322664,0.247133,0.0971129,0.225672,0.455396,0.333746,0.423159,0.330048,0.123295,0.133026,0.197954,0.288942,0.356435,0.276223,0.335949,0.124,0.250547,0.464208,0.254439,0.293034,0.191463,0.384835,1,0.411936,0.13303,0.187941,0.125873,-0.0363014,0.300646,0.387918,0.350813,0.0949618,0.309029,0.181749,0.0143722,0.382123,0.20916,0.0571094,0.156827,0.402194,0.306733,0.0994683,0.315959,0.384275,0.27895,0.332783,0.368967
0.393421,0.528533,0.369755,0.225463,0.484339,0.314937,0.451326,0.442701,0.204416,0.177325,0.253552,0.375778,0.330395,0.635378,0.173674,0.130068,0.312501,0.408176,0.550497,0.362627,0.45407,0.176126,0.282312,0.444727,0.230468,0.366607,0.44419,0.379188,0.0542457,-0.156573,-0.0134577,0.292697,0.478387,0.467724,0.212158,0.249141,0.354535,0.388567,0.50389,0.410135,0.18314,0.340158,0.389841,0.490146,0.320425,0.254049,0.171535,0.41523,0.394722,0.398402,0.500432,0.14691,0.172419,0.157809,0.257961,0.532068,0.314795,0.256613,0.209111,0.0611039,0.411936,1,0.349812,0.252636,0.433603,0.234841,0.370393,0.54922,0.398662,0.303308,0.411291,0.194853,0.399814,0.0733457,0.399145,0.142685,0.361095,0.194702,0.20919,-0.0889904,0.113213,0.485553,0.334623,0.382881,0.502938
0.489028,0.244078,0.478026,0.23474,0.31229,0.335108,0.0263653,0.315409,0.0386477,0.433402,0.441637,0.459195,0.612094,0.527977,0.199122,0.0902707,0.274646,0.229291,0.529234,0.536107,0.65109,0.289607,0.566045,0.384763,0.0353625,0.58492,0.530718,0.209187,0.235275,0.267823,0.108339,0.424515,0.180762,0.374804,0.356596,0.271025,-0.140786,0.28474,0.571188,0.362303,0.289147,0.279327,0.352911,0.275914,0.543415,0.321556,0.45731,0.354487,0.466271,0.0703923,0.348843,0.374835,0.344933,0.427056,0.656606,0.340805,0.313296,0.369252,0.578742,-0.1078,0.13303,0.349812,1,0.659518,0.732355,0.488576,0.552201,0.48615,0.304562,0.391885,0.582593,0.284269,0.0932131,-0.0834883,0.360719,0.285946,0.635622,0.232418,0.0631868,-0.0905166,0.426532,0.551795,0.51423,0.202453,0.331233
0.621448,0.326909,0.72878,0.423896,0.456865,0.516412,0.222199,0.489925,0.308441,0.619356,0.626304,0.395165,0.580218,0.562522,0.479755,-0.10086,0.479626,0.337243,0.594174,0.772687,0.778335,0.189749,0.764032,0.598419,0.143482,0.541459,0.729198,0.506737,0.209438,0.42067,0.201737,0.482277,0.428825,0.534922,0.532066,0.28678,0.0726903,0.443242,0.731886,0.439227,0.371348,0.363772,0.44758,0.499123,0.594898,0.516826,0.440196,0.171123,0.58229,0.172128,0.502731,0.339704,0.50068,0.43652,0.691192,0.546715,0.283444,0.29415,0.727342,-0.133413,0.187941,0.252636,0.659518,1,0.844833,0.58795,0.629575,0.650223,0.439567,0.447739,0.773941,0.389013,-0.0946814,0.068158,0.418892,0.472344,0.780493,0.27045,0.160601,-0.00800831,0.498089,0.627968,0.569581,0.217457,0.428691
0.605181,0.378279,0.750561,0.536622,0.616134,0.680907,0.356128,0.518381,0.329466,0.557485,0.632923,0.468067,0.632912,0.605259,0.393177,-0.0481766,0.454552,0.446303,0.734619,0.704329,0.85557,0.271745,0.751797,0.612774,0.287637,0.559705,0.753218,0.595165,0.193243,0.282779,0.207548,0.406696,0.442104,0.609239,0.582213,0.231136,0.00461959,0.383911,0.743179,0.52821,0.27966,0.44447,0.520353,0.455727,0.610372,0.519202,0.546075,0.374338,0.640751,0.387507,0.406829,0.266297,0.410943,0.406993,0.60348,0.446515,0.321525,0.295782,0.636633,-0.168653,0.125873,0.433603,0.732355,0.844833,1,0.563462,0.586086,0.696746,0.482388,0.614762,0.698878,0.364708,0.034498,0.06409,0.478723,0.551021,0.826786,0.309729,0.149077,-0.080259,0.551539,0.7078,0.683321,0.172398,0.546821
0.338897,0.206859,0.473701,0.134114,0.28523,0.457355,0.234343,0.276506,0.34013,0.382624,0.518136,0.430921,0.483063,0.541793,0.406009,-0.102075,0.436234,0.338377,0.371262,0.566221,0.460301,0.0966229,0.510141,0.497771,0.211791,0.285892,0.631081,0.356999,0.267446,0.299919,0.0246136,0.387929,0.408158,0.310646,0.440967,0.255565,-0.0783871,0.31793,0.423194,0.35252,0.373987,0.436724,0.354354,0.230028,0.401201,0.296085,0.324496,0.190674,0.463831,0.0592224,0.257455,0.274957,0.37041,0.171107,0.279373,0.476225,0.24921,0.192839,0.468949,-0.278266,-0.0363014,0.234841,0.488576,0.58795,0.563462,1,0.592754,0.538232,0.368504,0.460979,0.586563,0.214261,0.0972639,0.0839797,0.378893,0.311789,0.479364,0.268655,0.0416668,-0.0656093,0.397964,0.408957,0.375851,0.357305,0.429602
0.408204,0.217017,0.331765,0.24395,0.316849,0.333622,0.233632,0.351449,0.100265,0.485708,0.610533,0.363695,0.546226,0.552484,0.15741,-0.128543,0.443855,0.282505,0.486544,0.531949,0.520512,0.00563349,0.623606,0.517696,0.0907163,0.438032,0.623059,0.233994,0.278396,0.368755,-0.146002,0.311588,0.463638,0.614844,0.284575,0.328431,0.0801618,0.303745,0.5082,0.270037,0.469938,0.468788,0.307781,0.141401,0.415691,0.191095,0.31995,0.114273,0.55012,0.199041,0.387123,0.414494,0.405231,0.382508,0.53781,0.596561,0.277662,0.0973679,0.397875,-0.147963,0.300646,0.370393,0.552201,0.629575,0.586086,0.592754,1,0.606397,0.383067,0.33141,0.696086,0.116355,0.179223,0.229682,0.294593,0.254323,0.514983,0.389318,-0.13193,0.00825821,0.484705,0.391009,0.357793,0.202024,0.243815
0.395099,0.313306,0.647889,0.49815,0.374854,0.547734,0.56857,0.61453,0.281913,0.615171,0.553816,0.274172,0.395966,0.591536,0.270913,-0.396469,0.378053,0.222762,0.548203,0.62157,0.743662,0.29881,0.698655,0.942106,0.301991,0.541319,0.73512,0.639905,0.238859,0.117681,0.163191,0.333722,0.505579,0.711974,0.527656,0.253991,0.111637,0.49403,0.538646,0.203642,0.35109,0.494876,0.354673,0.333846,0.585292,0.444446,0.308536,0.119162,0.636162,0.38838,0.47788,0.195059,0.449245,0.367001,0.443211,0.595135,0.169546,-0.0617707,0.451982,-0.16731,0.387918,0.54922,0.48615,0.650223,0.696746,0.538232,0.606397,1,0.581949,0.540935,0.644106,0.371459,0.243842,0.243797,0.53085,0.405991,0.631133,0.372134,0.240722,0.230147,0.295634,0.507493,0.356041,0.494993,0.61429
0.368148,0.203659,0.521587,0.561713,0.389825,0.273052,0.281208,0.529598,0.0245341,0.52473,0.534165,0.247638,0.276215,0.435808,0.20526,-0.0704158,0.230107,0.358628,0.289287,0.359144,0.399486,0.0859627,0.276178,0.549573,0.235202,0.317168,0.33881,0.399498,0.280647,0.0124101,0.110602,0.107246,0.39473,0.572326,0.148747,0.108959,0.0568857,0.352627,0.482783,0.242862,-0.0162277,0.199513,0.501936,0.278363,0.499276,0.597529,0.238434,0.260936,0.224195,0.136662,0.306785,0.342753,0.466379,0.192242,0.328277,0.404981,0.312668,0.208793,0.322463,0.0100378,0.350813,0.398662,0.304562,0.439567,0.482388,0.368504,0.383067,0.581949,1,0.553527,0.393605,0.215936,-0.115227,-0.0195527,0.224606,0.237916,0.554834,0.26949,0.464897,0.1172,0.511468,0.559234,0.319464,0.331222,0.499936
0.39429,0.098124,0.416612,0.411078,0.421842,0.449802,0.362373,0.497499,0.406948,0.33802,0.374316,0.26835,0.298124,0.370099,0.2382,-0.164855,0.0452861,0.403262,0.365559,0.36447,0.47097,0.0375635,0.434095,0.486706,0.322275,0.151058,0.46641,0.388968,0.0736266,0.266598,0.083052,0.160154,0.188784,0.41689,0.156755,0.00641479,-0.138853,0.229171,0.374179,0.264007,0.0644992,0.42271,0.37883,0.169322,0.315208,0.31227,0.325923,0.233948,0.27175,0.227327,0.204729,-0.0529136,0.233821,0.276619,0.258909,0.303968,0.286243,0.0681391,0.163857,-0.198449,0.0949618,0.303308,0.391885,0.447739,0.614762,0.460979,0.33141,0.540935,0.553527,1,0.367868,0.276397,-0.129002,0.026941,0.285221,0.135534,0.441769,0.304802,0.17093,0.166928,0.286651,0.525796,0.280628,0.273662,0.514148
0.482472,0.379518,0.527566,0.199469,0.386651,0.380406,0.325024,0.401519,0.233211,0.510947,0.39038,0.420247,0.500696,0.677662,0.387152,-0.136837,0.490568,0.33933,0.602402,0.618178,0.628009,0.0310184,0.680657,0.527819,0.170565,0.671612,0.746985,0.375212,0.321021,0.411246,0.101397,0.3895,0.521451,0.536732,0.434781,0.293304,-0.0337026,0.401785,0.677572,0.462841,0.484269,0.37742,0.410247,0.443554,0.466095,0.359734,0.291604,0.278514,0.637752,0.12914,0.444657,0.263509,0.289467,0.271023,0.590227,0.542725,0.276481,0.125458,0.594959,-0.0665139,0.309029,0.411291,0.582593,0.773941,0.698878,0.586563,0.696086,0.644106,0.393605,0.367868,1,0.234456,-0.0822433,0.147776,0.282286,0.389549,0.64164,0.130693,0.0161966,0.0334315,0.573972,0.613715,0.399648,0.206936,0.355917
0.317259,0.194831,0.481504,0.135424,0.0316353,0.159452,0.339094,0.452852,0.0384732,0.297645,0.133349,-0.0764553,0.119708,0.187823,0.314088,-0.130244,0.0654931,0.11999,0.0476036,0.379571,0.374807,0.262295,0.47317,0.446171,-0.0153063,0.223404,0.437284,0.41656,0.167481,0.157525,0.219599,0.0880899,0.340625,0.144887,0.309348,0.217612,-0.0593275,-0.0378576,0.400772,0.0568567,0.0133311,0.172842,0.192118,0.246774,0.402443,0.338377,0.142479,-0.0989137,0.306224,0.211207,0.427826,-0.0169486,0.243173,0.15659,0.303245,0.0870993,0.0777127,0.142985,0.441723,-0.0161057,0.181749,0.194853,0.284269,0.389013,0.364708,0.214261,0.116355,0.371459,0.215936,0.276397,0.234456,1,0.169541,0.171796,0.165526,0.177736,0.373561,0.267781,0.454507,0.0323931,0.07765,0.367021,0.186321,0.188134,0.466515
0.0624979,0.241431,0.104639,0.00018927,0.0858263,0.0593608,0.197615,0.0976687,-0.0262906,-0.043553,0.097572,0.0338899,0.112367,0.164948,-0.120173,0.0714522,0.206856,-0.0382582,0.246914,0.0784551,0.200457,0.189277,0.099172,0.280296,0.117413,0.0788848,0.207518,0.266309,0.0148307,-0.356548,0.0294519,0.0585036,0.283456,0.0921914,0.218362,0.261693,0.37398,0.15988,0.108924,-0.00965031,0.147536,0.231964,0.00246367,0.120543,0.0572494,-0.117049,0.123078,0.0716035,0.289299,0.381557,0.189538,0.0502849,0.0241911,0.0479329,-0.0554575,0.125602,-0.0326344,0.0508017,0.0183402,0.0638401,0.0143722,0.399814,0.0932131,-0.0946814,0.034498,0.0972639,0.179223,0.243842,-0.115227,-0.129002,-0.0822433,0.169541,1,-0.0383669,0.263025,0.214171,0.0677022,0.110374,-0.203907,-0.00601596,-0.286157,0.0198735,0.0924872,0.241751,0.240217
0.0876598,0.0578611,0.0264942,0.0475915,0.0347405,0.115215,0.198568,0.273087,0.00258516,0.102374,0.0875662,0.0267988,0.101095,0.0235114,-0.0417077,-0.234497,0.0482265,0.0260426,-0.132981,0.260086,0.15455,-0.0656979,0.263473,0.23599,-0.146611,-0.0357958,0.144203,-0.0481945,-0.039245,-0.0284176,0.0143837,-0.163198,0.221275,0.352484,0.188738,0.144241,0.0175426,-0.162383,-0.137374,-0.166213,0.155293,0.1431,-0.015138,-0.0735904,0.0849698,-0.0601382,-0.0741964,-0.181543,0.0400709,0.15337,-0.0776686,-0.0610439,0.0804106,0.217724,0.0762222,0.13782,-0.239806,-0.234041,0.0548503,-0.15061,0.382123,0.0733457,-0.0834883,0.068158,0.06409,0.0839797,0.229682,0.243797,-0.0195527,0.026941,0.147776,0.171796,-0.0383669,1,0.157028,-0.0552604,-0.0962401,0.244348,0.0437215,-0.0886666,0.131258,0.00226714,-0.023923,0.138383,0.164795
0.327124,0.0444571,0.578486,0.441279,0.53781,0.316439,0.245947,0.251766,0.0682864,0.402859,0.536516,0.0910415,0.199745,0.212163,0.0796307,-0.178502,0.110842,-0.0282673,0.481897,0.452129,0.480216,0.387,0.37065,0.490904,0.292064,0.308521,0.45632,0.545441,0.192003,0.11275,0.224044,0.4212,0.392827,0.348486,0.605707,0.494312,0.254133,0.465477,0.462896,0.438992,-0.0912267,0.621498,0.39196,0.213436,0.574051,0.208679,0.420829,0.258193,0.429678,0.288805,0.452805,0.209988,0.383598,0.260197,0.220653,0.416108,0.165277,0.165745,0.294589,0.0838359,0.20916,0.399145,0.360719,0.418892,0.478723,0.378893,0.294593,0.53085,0.224606,0.285221,0.282286,0.165526,0.263025,0.157028,1,0.383243,0.433254,0.269963,0.145569,-0.0958747,0.134271,0.473953,0.537618,0.291831,0.54923
0.377421,0.418419,0.653016,0.402902,0.465906,0.540894,0.105215,0.328349,0.00892369,0.484276,0.524989,0.318889,0.421189,0.352947,0.258294,0.194139,0.567543,0.0745695,0.489412,0.393114,0.527713,0.0622383,0.461695,0.401353,0.201276,0.34619,0.526228,0.5611,0.312377,0.076394,0.37179,0.171377,0.37436,0.407714,0.549283,0.339613,0.103661,0.389685,0.452125,0.516492,0.0561486,0.261331,0.484817,0.454578,0.521685,0.445202,0.580279,0.380489,0.597448,0.418758,0.342259,0.269953,0.332239,0.246011,0.365593,0.254499,0.371532,0.364065,0.561596,0.234556,0.0571094,0.142685,0.285946,0.472344,0.551021,0.311789,0.254323,0.405991,0.237916,0.135534,0.389549,0.177736,0.214171,-0.0552604,0.383243,1,0.572295,0.152343,0.0942295,0.00211817,0.46206,0.402467,0.636423,0.128565,0.395241
0.526583,0.301436,0.730477,0.544895,0.490199,0.547136,0.177347,0.532059,0.241198,0.703294,0.671776,0.320783,0.527288,0.564031,0.401902,-0.0439646,0.476669,0.355622,0.599439,0.595113,0.691895,0.314463,0.559553,0.564532,0.205653,0.536288,0.676554,0.598551,0.33198,0.237024,0.199998,0.421207,0.50695,0.560265,0.517647,0.215095,0.0963431,0.436999,0.765572,0.46835,0.286983,0.33365,0.511285,0.455285,0.698627,0.566623,0.499893,0.316473,0.603676,0.285405,0.461432,0.489395,0.612893,0.300402,0.633753,0.400445,0.256767,0.305119,0.75041,-0.0198453,0.156827,0.361095,0.635622,0.780493,0.826786,0.479364,0.514983,0.631133,0.554834,0.441769,0.64164,0.373561,0.0677022,-0.0962401,0.433254,0.572295,1,0.290257,0.169967,-0.0611637,0.530125,0.700902,0.62047,0.283807,0.44418
0.260455,0.136066,0.317711,0.193203,0.182246,0.147796,0.147842,0.501942,-0.100123,0.457049,0.495859,-0.00739357,0.217588,0.12409,0.182165,-0.0140609,0.0471135,-0.0172666,0.0682093,0.433012,0.296078,-0.0799405,0.232478,0.408196,0.119648,-0.0148372,0.335469,0.0890363,0.166218,0.280908,0.229561,0.0372185,0.149421,0.439,0.330425,0.313524,0.0619131,0.0314908,0.280784,0.255617,0.136266,0.492086,0.378797,0.035826,0.528784,0.373455,0.337173,-0.0980206,0.365394,0.0985297,0.158669,0.390072,0.440835,0.0605471,0.0617934,0.342758,0.320952,0.221614,0.293082,-0.0138867,0.402194,0.194702,0.232418,0.27045,0.309729,0.268655,0.389318,0.372134,0.26949,0.304802,0.130693,0.267781,0.110374,0.244348,0.269963,0.152343,0.290257,1,0.257953,-0.00819455,0.232747,0.3153,0.372849,0.253717,0.42474
0.0907358,0.127026,0.339725,0.147181,0.1258,-0.0360271,0.246794,0.32319,-0.195174,0.255969,0.155127,0.0302095,0.0151406,0.115878,0.238705,0.014371,-0.103729,0.133474,-0.138689,0.0756072,0.103996,0.352985,0.167231,0.269884,0.0625954,0.205007,0.0723439,0.217051,0.0946244,-0.00643996,0.255305,0.113599,0.314682,0.141045,0.123944,0.183357,0.0195176,0.0261274,0.236508,0.123192,-0.387326,0.0248742,0.316698,0.192107,0.360896,0.447717,-0.0424118,-0.0294118,-0.0284671,-0.130057,0.27595,0.0948383,0.19184,0.133028,0.152265,0.147693,0.218034,0.291433,0.315043,0.131767,0.306733,0.20919,0.0631868,0.160601,0.149077,0.0416668,-0.13193,0.240722,0.464897,0.17093,0.0161966,0.454507,-0.203907,0.0437215,0.145569,0.0942295,0.169967,0.257953,1,-0.124384,0.264913,0.305165,0.249878,0.100884,0.379452
-0.0610579,0.0114671,0.00702143,0.116751,-0.139963,0.124957,0.0604977,0.178129,0.00604491,0.242601,-0.12322,-0.303997,-0.264519,-0.0195354,-0.175376,-0.167,0.0473257,-0.331781,-0.0780212,0.101297,0.0491357,-0.259255,-0.0810112,0.27599,0.0592191,-0.0244768,0.0956469,0.112368,-0.134321,-0.0357004,0.142153,-0.265851,0.0131199,0.1307,-0.105408,-0.0973948,-0.112597,0.059743,-0.0634791,-0.112615,0.163561,-0.0268372,-0.0303918,-0.0772967,0.0663136,0.228444,0.0385377,-0.00523896,-0.0636811,0.144426,0.0977296,-0.0531539,0.232389,-0.297081,-0.212301,-0.0453071,-0.0573783,-0.32341,-0.108741,0.129401,0.0994683,-0.0889904,-0.0905166,-0.00800831,-0.080259,-0.0656093,0.00825821,0.230147,0.1172,0.166928,0.0334315,0.0323931,-0.00601596,-0.0886666,-0.0958747,0.00211817,-0.0611637,-0.00819455,-0.124384,1,-0.0571116,-0.0776182,-0.179773,0.201767,-0.0182936
0.351387,0.275076,0.472645,0.339429,0.384452,0.322622,0.0592135,0.369131,-0.172247,0.5617,0.540746,0.247021,0.389805,0.441695,0.210896,0.164251,0.321011,0.226563,0.326535,0.318881,0.394287,0.0372987,0.318366,0.203059,0.0756924,0.366611,0.434593,0.271551,0.190423,0.241405,0.132184,0.110496,0.431834,0.466425,0.253166,0.104982,-0.0304463,0.0756012,0.507886,0.511387,0.117162,0.218263,0.566276,0.265058,0.557978,0.537257,0.407516,0.364935,0.306073,0.148499,0.209451,0.455062,0.460874,0.121069,0.48525,0.251512,0.355605,0.383112,0.559928,0.192726,0.315959,0.113213,0.426532,0.498089,0.551539,0.397964,0.484705,0.295634,0.511468,0.286651,0.573972,0.07765,-0.286157,0.131258,0.134271,0.46206,0.530125,0.232747,0.264913,-0.0571116,1,0.559373,0.556129,0.0196842,0.259567
0.660116,0.385817,0.733102,0.50474,0.615891,0.348124,0.222169,0.52346,0.031367,0.498154,0.469076,0.232298,0.395678,0.573919,0.27039,0.0795305,0.233204,0.355832,0.536462,0.51087,0.641526,0.22416,0.416787,0.412362,0.275131,0.484806,0.670864,0.471354,0.1868,0.119515,0.297223,0.326813,0.565052,0.458202,0.491708,0.318618,0.0633316,0.354269,0.818722,0.6424,0.178864,0.324623,0.741748,0.493392,0.690392,0.583237,0.506242,0.486486,0.522646,0.239106,0.424625,0.357135,0.424573,0.19584,0.442736,0.430959,0.362783,0.455364,0.519218,0.147216,0.384275,0.485553,0.551795,0.627968,0.7078,0.408957,0.391009,0.507493,0.559234,0.525796,0.613715,0.367021,0.0198735,0.00226714,0.473953,0.402467,0.700902,0.3153,0.305165,-0.0776182,0.559373,1,0.730968,0.158479,0.651474
0.640492,0.487622,0.715248,0.470221,0.731584,0.47924,0.00449993,0.438025,-0.12777,0.482538,0.628872,0.291298,0.476846,0.494207,0.279232,0.321018,0.371692,0.157237,0.578371,0.481411,0.578259,0.230152,0.424183,0.269363,0.18052,0.327178,0.632094,0.440074,0.016003,0.0930092,0.282599,0.328473,0.456246,0.429473,0.491909,0.405796,0.116552,0.269833,0.692669,0.750666,0.0920016,0.274211,0.76956,0.468593,0.7412,0.61806,0.76311,0.586962,0.449799,0.342672,0.369518,0.503317,0.476618,0.150198,0.367046,0.461985,0.596106,0.640294,0.556633,0.292588,0.27895,0.334623,0.51423,0.569581,0.683321,0.375851,0.357793,0.356041,0.319464,0.280628,0.399648,0.186321,0.0924872,-0.023923,0.537618,0.636423,0.62047,0.372849,0.249878,-0.179773,0.556129,0.730968,1,0.0688837,0.505872
0.208382,0.229529,0.245825,0.235844,0.130167,0.31393,0.0902578,0.393371,0.226681,0.352084,0.374902,0.154586,0.172089,0.320123,0.131283,-0.0839354,0.305852,0.0781563,0.14493,0.344112,0.213105,0.0529272,0.180828,0.429048,-0.14719,-0.0166915,0.253316,0.285021,0.121468,-0.101985,0.0748779,-0.0644412,0.212428,0.432434,0.145925,0.170664,0.306129,0.333453,0.153119,0.0648844,0.193812,0.210727,0.155356,0.225669,0.307971,0.178576,0.195416,0.0540735,0.190905,0.117518,0.343346,0.359045,0.442507,0.0987384,0.121407,0.392368,0.188479,-0.0200621,0.2883,0.0523097,0.332783,0.382881,0.202453,0.217457,0.172398,0.357305,0.202024,0.494993,0.331222,0.273662,0.206936,0.188134,0.241751,0.138383,0.291831,0.128565,0.283807,0.253717,0.100884,0.201767,0.0196842,0.158479,0.0688837,1,0.270426
0.415262,0.342516,0.584744,0.406021,0.41083,0.304832,0.406501,0.581912,0.125908,0.389376,0.413935,0.124104,0.18843,0.419875,0.217563,-0.0328342,0.116175,0.153992,0.36503,0.457065,0.677614,0.348579,0.40837,0.674582,0.477006,0.365777,0.601993,0.558816,0.0368811,0.0289363,0.256807,0.259404,0.518534,0.357821,0.598076,0.415584,0.0500496,0.26907,0.590221,0.444434,0.175262,0.453763,0.571307,0.407185,0.536172,0.486842,0.35174,0.202,0.501361,0.379226,0.387986,0.0519794,0.299262,0.213614,0.140043,0.467459,0.209147,0.325027,0.31885,-0.129815,0.368967,0.502938,0.331233,0.428691,0.546821,0.429602,0.243815,0.61429,0.499936,0.514148,0.355917,0.466515,0.240217,0.164795,0.54923,0.395241,0.44418,0.42474,0.379452,-0.0182936,0.259567,0.651474,0.505872,0.270426,1