1,0.813377,0.927922,0.732595,0.752884,0.626549,0.432697,0.376387,0.648931,0.775117,0.57488,0.799132,0.841242,0.761606,0.723332,0.648578,0.849434,0.525985,0.7315,0.795923,0.866757,0.429052,0.742674,0.899629,0.397378,0.506772,0.690612,0.584592,0.365916,0.277698,0.258067,0.648768,0.826293,0.653288,0.824732,0.470125,0.247559,0.683241,0.765945,0.678955,0.30624,0.500922,0.869653,0.778316,0.93666,0.812307,0.81359,0.734553,0.243004,0.474,0.494576,0.744423,0.743821,0.609554,0.763021,0.785363,0.751473,0.802852,0.752323,0.312408,0.294189,0.625533,0.754721,0.81145,0.786267,0.55666,0.715791,0.906518,0.628,0.695314,0.723307,0.558277,-0.0349489,0.25331,0.533877,0.687291,0.726002,0.72295,0.326106,0.211488,0.378965,0.900767,0.740055,0.57493,0.45649
0.813377,1,0.88173,0.647562,0.637498,0.566653,0.519388,0.506578,0.510733,0.68113,0.547315,0.699513,0.862427,0.862765,0.738957,0.847451,0.830319,0.386376,0.656755,0.80949,0.705398,0.579048,0.659219,0.788054,0.235377,0.57403,0.596966,0.574748,0.304068,0.400822,0.158018,0.492859,0.708142,0.717253,0.712765,0.394199,0.0904873,0.69711,0.741604,0.753801,0.300725,0.443698,0.856968,0.884718,0.883839,0.727753,0.776563,0.7267,0.187986,0.472101,0.411074,0.716265,0.733153,0.663781,0.775202,0.84962,0.590263,0.833984,0.712958,0.310755,0.244855,0.661781,0.617928,0.804581,0.772087,0.489602,0.644279,0.7322,0.341393,0.55562,0.737939,0.579448,0.0207721,0.275391,0.51248,0.573731,0.552864,0.655927,0.364389,0.326021,0.441123,0.818737,0.750454,0.493018,0.508215
0.927922,0.88173,1,0.779417,0.74541,0.70179,0.539149,0.501908,0.600231,0.769907,0.606812,0.860269,0.913374,0.830986,0.776256,0.77729,0.863525,0.385549,0.743367,0.859238,0.875659,0.52735,0.76416,0.902909,0.267979,0.52531,0.736316,0.533486,0.362148,0.408393,0.202012,0.591285,0.803982,0.685828,0.848239,0.490152,0.197175,0.726279,0.841523,0.794991,0.311029,0.469418,0.906111,0.821833,0.96047,0.830013,0.83864,0.755006,0.213088,0.512867,0.481522,0.754203,0.820093,0.701704,0.866373,0.853521,0.706917,0.828779,0.828104,0.359605,0.322593,0.677296,0.760954,0.884362,0.84015,0.583667,0.689966,0.872721,0.493502,0.613776,0.765324,0.608083,0.0482151,0.324677,0.546572,0.691567,0.766369,0.703584,0.389689,0.349886,0.449202,0.939694,0.81981,0.590525,0.537868
0.732595,0.647562,0.779417,1,0.65501,0.662224,0.548706,0.452121,0.419651,0.619104,0.488271,0.743006,0.714859,0.6219,0.626381,0.689853,0.652179,0.458049,0.481347,0.717082,0.797764,0.393507,0.615004,0.788711,0.335142,0.318591,0.568461,0.250638,0.423316,0.204056,0.196349,0.520291,0.653498,0.63831,0.684219,0.397904,0.0459437,0.596644,0.589894,0.616637,0.429814,0.373837,0.68604,0.71838,0.74646,0.758992,0.585125,0.637102,0.0765506,0.341631,0.344183,0.648617,0.674265,0.571099,0.730263,0.698264,0.526642,0.75089,0.686923,0.279026,0.254087,0.367011,0.676329,0.715334,0.708137,0.473108,0.513206,0.721452,0.523759,0.382525,0.613246,0.415401,0.312997,0.304908,0.430907,0.569681,0.691873,0.560575,0.172676,0.269647,0.166551,0.742021,0.698197,0.424497,0.476069
0.752884,0.637498,0.74541,0.65501,1,0.598474,0.453727,0.405967,0.623028,0.669834,0.469343,0.629198,0.685423,0.612894,0.598414,0.510146,0.69054,0.418985,0.579239,0.666186,0.764836,0.389107,0.664798,0.763078,0.342125,0.427092,0.557688,0.456106,0.519382,0.361956,0.195453,0.612855,0.766017,0.436566,0.565343,0.453961,0.118833,0.419771,0.667827,0.50513,0.189685,0.371559,0.728676,0.632226,0.740974,0.71593,0.669388,0.662519,0.138714,0.35374,0.263573,0.623217,0.744744,0.487991,0.636658,0.692208,0.682184,0.738436,0.515663,0.172496,0.219398,0.468552,0.533302,0.661863,0.674872,0.497338,0.626811,0.765023,0.513832,0.53752,0.608561,0.40769,0.177336,0.0571003,0.490923,0.442924,0.584126,0.570653,0.232303,0.266397,0.31463,0.683612,0.543545,0.534832,0.450463
0.626549,0.566653,0.70179,0.662224,0.598474,1,0.380904,0.349856,0.626096,0.555985,0.33074,0.612155,0.66532,0.440291,0.760685,0.504404,0.516647,0.353015,0.609132,0.640774,0.666348,0.300843,0.765976,0.676457,0.2817,0.434633,0.60311,0.171055,0.350811,0.244523,0.303232,0.494642,0.558208,0.309475,0.535539,0.273847,0.0303451,0.54253,0.587981,0.581411,0.170315,0.341982,0.653463,0.550595,0.620286,0.499254,0.634114,0.688497,0.170586,0.324554,0.369719,0.601917,0.585534,0.481677,0.64256,0.511903,0.515295,0.534335,0.526825,0.0744057,0.27131,0.39189,0.515978,0.639479,0.631652,0.372553,0.524498,0.628586,0.345444,0.288574,0.540682,0.321648,0.216275,0.518112,0.469587,0.499478,0.563955,0.544305,0.115603,0.317242,0.166665,0.649521,0.590395,0.467477,0.519025
0.432697,0.519388,0.539149,0.548706,0.453727,0.380904,1,0.657771,0.43851,0.251634,0.427658,0.426785,0.532558,0.513935,0.429297,0.612786,0.505965,0.270051,0.342304,0.452154,0.471856,0.297402,0.511689,0.553099,0.146079,0.46315,0.360687,0.14604,0.240946,0.145882,0.134353,0.256863,0.342839,0.41249,0.232383,0.187926,0.118932,0.256098,0.452778,0.467747,0.444308,0.187269,0.552366,0.585269,0.564756,0.468856,0.410173,0.542316,0.169727,0.342974,0.135426,0.285853,0.456008,0.411973,0.54518,0.650375,0.519008,0.644714,0.590482,-0.0707393,0.0425388,0.204425,0.266301,0.452593,0.49075,0.263467,0.591661,0.436496,0.0794345,0.246706,0.487209,0.195377,0.37505,0.102271,0.432968,0.246513,0.435244,0.439321,0.169115,0.177429,0.235875,0.417995,0.39719,0.316395,0.275934
0.376387,0.506578,0.501908,0.452121,0.405967,0.349856,0.657771,1,0.407124,0.324345,0.408366,0.478965,0.563354,0.428175,0.353674,0.525707,0.411426,0.209498,0.290746,0.493904,0.434938,0.251081,0.436111,0.455032,0.28185,0.294658,0.136682,0.250124,0.247477,0.365456,0.136721,0.214444,0.235416,0.295639,0.305612,0.262769,0.051768,0.227446,0.393115,0.524439,0.317756,0.387708,0.439369,0.529763,0.510632,0.33552,0.336222,0.42173,0.0375145,0.226987,0.140831,0.271031,0.431421,0.432003,0.484464,0.541017,0.446246,0.558467,0.463662,0.0938314,0.124247,0.351253,0.212852,0.479615,0.507353,0.287687,0.347931,0.452863,0.0482557,0.365363,0.407763,0.317064,0.286542,0.138187,0.106405,0.133994,0.393663,0.508545,0.382146,0.288264,0.236841,0.345804,0.346433,0.20688,0.234504
0.648931,0.510733,0.600231,0.419651,0.623028,0.626096,0.43851,0.407124,1,0.535798,0.294952,0.478862,0.584386,0.463838,0.624865,0.329398,0.552785,0.525704,0.546043,0.578975,0.6664,0.317288,0.768819,0.728504,0.409437,0.51502,0.461162,0.357872,0.340475,0.253556,0.282727,0.553892,0.5532,0.29063,0.486426,0.331093,0.0465158,0.303737,0.591121,0.487139,0.286966,0.419162,0.596689,0.476244,0.637744,0.481955,0.660593,0.639536,0.172752,0.302227,0.256483,0.440366,0.478268,0.274039,0.510044,0.468362,0.651688,0.609581,0.574848,0.0866853,0.332485,0.365371,0.49486,0.512778,0.625286,0.387295,0.716564,0.700837,0.316313,0.477111,0.61407,0.360249,0.155715,0.123635,0.351685,0.349084,0.48628,0.551696,0.215246,0.24258,0.194802,0.564558,0.443678,0.542757,0.542303
0.775117,0.68113,0.769907,0.619104,0.669834,0.555985,0.251634,0.324345,0.535798,1,0.601041,0.674463,0.728518,0.665709,0.559936,0.58987,0.665025,0.257614,0.57163,0.705531,0.716628,0.540829,0.632681,0.75084,0.271468,0.290701,0.532466,0.668134,0.403933,0.279505,0.0977935,0.476439,0.699806,0.670585,0.697006,0.205528,0.0773535,0.527842,0.690454,0.667481,0.33386,0.447036,0.654006,0.685875,0.764689,0.721654,0.690954,0.586095,0.189288,0.462586,0.395763,0.678172,0.746294,0.409545,0.741813,0.648544,0.560008,0.727062,0.696596,0.419859,0.334568,0.557581,0.58356,0.591882,0.722686,0.535172,0.529425,0.776543,0.563814,0.555943,0.577014,0.369947,0.0917896,0.125134,0.514513,0.400524,0.620472,0.61263,0.235765,0.168503,0.528177,0.7419,0.553338,0.475103,0.535331
0.57488,0.547315,0.606812,0.488271,0.469343,0.33074,0.427658,0.408366,0.294952,0.601041,1,0.518973,0.546624,0.552738,0.360229,0.582512,0.410749,0.225597,0.470781,0.572322,0.516332,0.299071,0.478983,0.607131,0.00857167,0.176985,0.536125,0.470206,0.322399,0.103102,0.056956,0.288778,0.466673,0.608209,0.518329,0.28635,0.264538,0.30923,0.514265,0.570618,0.168418,0.133475,0.558463,0.668817,0.679543,0.621608,0.367936,0.405024,0.177845,0.328017,0.165109,0.358,0.568941,0.581532,0.633642,0.543173,0.535012,0.570672,0.550976,0.348224,0.28272,0.209649,0.349154,0.509303,0.465848,0.478333,0.449949,0.59698,0.161647,0.47797,0.277772,0.290913,0.193606,0.166819,0.365234,0.272699,0.51792,0.469421,-0.00864177,-0.00646532,0.490854,0.575331,0.453443,0.42601,0.281944
0.799132,0.699513,0.860269,0.743006,0.629198,0.612155,0.426785,0.478965,0.478862,0.674463,0.518973,1,0.797037,0.728484,0.613176,0.618132,0.755475,0.304718,0.614741,0.778208,0.794871,0.494055,0.565407,0.76148,0.257965,0.520313,0.538263,0.434297,0.267411,0.297317,0.0999139,0.469933,0.695275,0.55077,0.777402,0.498237,0.18985,0.583995,0.776671,0.709236,0.218899,0.32579,0.760003,0.724144,0.823736,0.631082,0.648202,0.590434,-0.000666371,0.550465,0.398894,0.742623,0.721216,0.739743,0.751712,0.745914,0.482382,0.714057,0.775685,0.348082,0.424381,0.496071,0.698655,0.811455,0.804805,0.548628,0.485824,0.730268,0.435334,0.402334,0.61957,0.530781,0.107819,0.175999,0.441577,0.614472,0.713779,0.510049,0.424695,0.396042,0.346048,0.837809,0.786673,0.533781,0.440516
0.841242,0.862427,0.913374,0.714859,0.685423,0.66532,0.532558,0.563354,0.584386,0.728518,0.546624,0.797037,1,0.781795,0.72426,0.738687,0.880687,0.366026,0.776337,0.789687,0.818424,0.5881,0.753326,0.841185,0.274526,0.473823,0.642515,0.582037,0.333154,0.447202,0.143991,0.561529,0.69405,0.689016,0.738788,0.414553,0.0711942,0.770833,0.805083,0.7984,0.42038,0.564541,0.849096,0.798329,0.886765,0.740665,0.749508,0.691213,0.190146,0.460095,0.494959,0.70598,0.776321,0.656592,0.775654,0.821635,0.67021,0.806371,0.750857,0.357446,0.306191,0.656978,0.726289,0.832039,0.818619,0.708552,0.641759,0.784331,0.451244,0.578452,0.739432,0.589141,0.0791496,0.246661,0.457892,0.616891,0.712307,0.695214,0.406666,0.377944,0.481487,0.842347,0.728945,0.487222,0.514298
0.761606,0.862765,0.830986,0.6219,0.612894,0.440291,0.513935,0.428175,0.463838,0.665709,0.552738,0.728484,0.781795,1,0.549106,0.782658,0.783954,0.269446,0.524947,0.806283,0.715072,0.472707,0.552362,0.74453,0.227122,0.548085,0.571757,0.527867,0.240264,0.389573,0.0379695,0.418082,0.677818,0.671926,0.684114,0.460256,0.210624,0.597399,0.693047,0.728771,0.342131,0.412889,0.8052,0.846296,0.822932,0.713351,0.705602,0.662062,0.139428,0.464565,0.362939,0.692278,0.698375,0.634685,0.784629,0.863675,0.556385,0.80017,0.754756,0.40279,0.406119,0.54358,0.619783,0.709606,0.776177,0.547149,0.555166,0.654821,0.364513,0.421691,0.724928,0.596605,0.0474672,0.0945996,0.504214,0.534015,0.548048,0.554884,0.422611,0.249774,0.423466,0.809361,0.722233,0.401634,0.50793
0.723332,0.738957,0.776256,0.626381,0.598414,0.760685,0.429297,0.353674,0.624865,0.559936,0.360229,0.613176,0.72426,0.549106,1,0.669167,0.703426,0.532103,0.643416,0.765339,0.653226,0.375223,0.707103,0.777117,0.296332,0.506708,0.511359,0.325357,0.340468,0.386571,0.234086,0.546283,0.601135,0.506011,0.661613,0.407366,-0.032961,0.527432,0.694906,0.667153,0.222284,0.374066,0.774389,0.681195,0.767128,0.642383,0.729268,0.808969,0.201713,0.401787,0.470059,0.669035,0.551337,0.515453,0.634856,0.582494,0.642269,0.65117,0.602992,0.147669,0.141419,0.530444,0.671464,0.762063,0.726714,0.333797,0.642331,0.719085,0.408716,0.494557,0.667502,0.55001,0.126256,0.328398,0.568644,0.646051,0.631197,0.547486,0.225131,0.304719,0.214774,0.76915,0.723423,0.44451,0.623899
0.648578,0.847451,0.77729,0.689853,0.510146,0.504404,0.612786,0.525707,0.329398,0.58987,0.582512,0.618132,0.738687,0.782658,0.669167,1,0.692014,0.218411,0.499942,0.758,0.59664,0.463309,0.507599,0.68691,0.0942909,0.433871,0.540543,0.402484,0.362902,0.397633,0.0282894,0.45529,0.541069,0.71476,0.581539,0.3112,0.110008,0.571966,0.629803,0.747995,0.316063,0.380419,0.740906,0.837523,0.772233,0.718296,0.618524,0.642872,0.240549,0.371665,0.315663,0.595772,0.638968,0.600761,0.758485,0.781557,0.468482,0.830184,0.707586,0.223877,0.125949,0.481172,0.539055,0.718382,0.740545,0.431217,0.497359,0.599581,0.238275,0.409367,0.698698,0.517338,0.258151,0.194196,0.470055,0.486529,0.571335,0.507803,0.221224,0.202343,0.484727,0.703031,0.678044,0.263633,0.52093
0.849434,0.830319,0.863525,0.652179,0.69054,0.516647,0.505965,0.411426,0.552785,0.665025,0.410749,0.755475,0.880687,0.783954,0.703426,0.692014,1,0.366133,0.693845,0.754881,0.747789,0.456821,0.640624,0.814146,0.304133,0.546623,0.557451,0.592304,0.285165,0.425007,0.102662,0.481875,0.726546,0.639603,0.713225,0.404957,0.0729703,0.664531,0.799142,0.678552,0.353236,0.457312,0.860305,0.733498,0.847414,0.768014,0.77563,0.657656,0.20492,0.449371,0.505143,0.746252,0.721957,0.552949,0.687117,0.82566,0.634782,0.805164,0.744128,0.214762,0.191467,0.698207,0.72444,0.762998,0.805286,0.625169,0.638144,0.756366,0.513892,0.544541,0.777551,0.64374,-0.0611087,0.070873,0.517254,0.653015,0.658357,0.635376,0.479829,0.308953,0.431706,0.831048,0.687389,0.485381,0.528757
0.525985,0.386376,0.385549,0.458049,0.418985,0.353015,0.270051,0.209498,0.525704,0.257614,0.225597,0.304718,0.366026,0.269446,0.532103,0.218411,0.366133,1,0.341674,0.394381,0.488113,0.155065,0.514911,0.557255,0.536042,0.396829,0.182023,0.173419,0.25133,-0.0179756,0.26546,0.350094,0.476075,0.351129,0.437916,0.452493,0.0417447,0.325824,0.274203,0.196332,0.309796,0.257696,0.483249,0.493637,0.500109,0.439198,0.467233,0.595279,0.0183791,0.178117,0.134254,0.44099,0.279383,0.331759,0.31359,0.317973,0.574076,0.422459,0.314287,0.12732,0.211883,0.102122,0.479963,0.492871,0.397395,0.18188,0.477453,0.525074,0.483808,0.470309,0.303593,0.187677,0.0495416,0.261064,0.267764,0.2354,0.298457,0.350692,0.0240746,0.021314,-0.135424,0.437353,0.382779,0.372311,0.205727
0.7315,0.656755,0.743367,0.481347,0.579239,0.609132,0.342304,0.290746,0.546043,0.57163,0.470781,0.614741,0.776337,0.524947,0.643416,0.499942,0.693845,0.341674,1,0.601795,0.727271,0.531648,0.787183,0.72601,0.266307,0.394132,0.61794,0.610087,0.22219,0.356741,0.138976,0.480154,0.621222,0.514308,0.523537,0.421092,0.20673,0.613561,0.786518,0.62502,0.317822,0.483372,0.75656,0.58722,0.771024,0.6478,0.693348,0.619951,0.420195,0.472037,0.42568,0.572393,0.650998,0.461767,0.522609,0.614115,0.64936,0.632602,0.583239,0.309682,0.179343,0.549234,0.705208,0.721644,0.657155,0.658974,0.544688,0.690428,0.479358,0.471572,0.632158,0.517803,-0.0895156,0.279628,0.438765,0.567633,0.616092,0.523087,0.25522,0.210904,0.46967,0.707859,0.572649,0.482314,0.474815
0.795923,0.80949,0.859238,0.717082,0.666186,0.640774,0.452154,0.493904,0.578975,0.705531,0.572322,0.778208,0.789687,0.806283,0.765339,0.758,0.754881,0.394381,0.601795,1,0.801567,0.451054,0.655436,0.819881,0.220628,0.550136,0.54797,0.522815,0.454049,0.469476,0.139106,0.530809,0.703003,0.717911,0.757434,0.411808,-0.0139956,0.616315,0.831999,0.774262,0.329175,0.483191,0.847954,0.816789,0.833454,0.712973,0.691818,0.726603,0.270767,0.467286,0.357461,0.767382,0.69467,0.631198,0.771454,0.782443,0.624498,0.79361,0.712548,0.22787,0.268569,0.565014,0.725465,0.830292,0.90489,0.474281,0.581021,0.796118,0.340256,0.549387,0.681791,0.718574,0.224019,0.193732,0.559865,0.582275,0.703309,0.668165,0.376981,0.300943,0.451541,0.838591,0.830276,0.463192,0.656709
0.866757,0.705398,0.875659,0.797764,0.764836,0.666348,0.471856,0.434938,0.6664,0.716628,0.516332,0.794871,0.818424,0.715072,0.653226,0.59664,0.747789,0.488113,0.727271,0.801567,1,0.531308,0.765936,0.918072,0.395071,0.445804,0.663526,0.462364,0.446111,0.330369,0.265111,0.706345,0.847548,0.657703,0.750603,0.531489,0.166917,0.666881,0.793605,0.699892,0.444129,0.595356,0.793858,0.742669,0.873742,0.773041,0.761215,0.678371,0.214142,0.43891,0.327601,0.65274,0.800513,0.563363,0.786115,0.76558,0.66609,0.815709,0.798964,0.393379,0.305653,0.485679,0.826599,0.8553,0.865185,0.611726,0.594499,0.878526,0.589583,0.560301,0.673041,0.525092,0.140448,0.326456,0.497731,0.612157,0.783851,0.651103,0.194903,0.293311,0.456202,0.859077,0.755628,0.513039,0.576003
0.429052,0.579048,0.52735,0.393507,0.389107,0.300843,0.297402,0.251081,0.317288,0.540829,0.299071,0.494055,0.5881,0.472707,0.375223,0.463309,0.456821,0.155065,0.531648,0.451054,0.531308,1,0.434865,0.45906,-0.0456629,0.279445,0.386577,0.511713,0.275844,0.1751,-0.0450551,0.355247,0.514078,0.617073,0.374467,0.178813,-0.159396,0.560664,0.58071,0.456621,0.365419,0.381971,0.420424,0.528273,0.524309,0.407223,0.485312,0.356751,0.118627,0.475164,0.082306,0.368281,0.599346,0.236641,0.49545,0.522453,0.258634,0.53414,0.51595,0.392975,0.215381,0.334647,0.386834,0.496787,0.511606,0.39458,0.3756,0.439885,0.161927,0.347752,0.390428,0.200611,0.119202,0.148975,0.324478,0.318274,0.407709,0.283766,0.174968,0.452658,0.438575,0.440445,0.457456,0.340525,0.368744
0.742674,0.659219,0.76416,0.615004,0.664798,0.765976,0.511689,0.436111,0.768819,0.632681,0.478983,0.565407,0.753326,0.552362,0.707103,0.507599,0.640624,0.514911,0.787183,0.655436,0.765936,0.434865,1,0.798899,0.284329,0.459488,0.673183,0.466593,0.289358,0.303012,0.223153,0.447934,0.623142,0.483236,0.597761,0.347836,0.145292,0.563456,0.685656,0.587932,0.417839,0.418879,0.759401,0.629533,0.772653,0.716115,0.743578,0.726942,0.30476,0.38219,0.427694,0.598214,0.651387,0.4159,0.64006,0.596599,0.761127,0.669091,0.621641,0.257137,0.343539,0.505429,0.609891,0.675935,0.645821,0.520246,0.721314,0.736864,0.444222,0.503455,0.652584,0.402394,0.0236938,0.369316,0.384755,0.403672,0.548797,0.635502,0.259096,0.143684,0.232581,0.691788,0.483495,0.494393,0.461986
0.899629,0.788054,0.902909,0.788711,0.763078,0.676457,0.553099,0.455032,0.728504,0.75084,0.607131,0.76148,0.841185,0.74453,0.777117,0.68691,0.814146,0.557255,0.72601,0.819881,0.918072,0.45906,0.798899,1,0.457499,0.481822,0.680457,0.505823,0.458239,0.341875,0.252257,0.667899,0.807176,0.706281,0.788108,0.506918,0.136529,0.612794,0.794702,0.733947,0.451519,0.549877,0.841927,0.798487,0.942457,0.848595,0.825593,0.78496,0.188343,0.421399,0.385654,0.66923,0.790324,0.619165,0.803416,0.771563,0.755651,0.865312,0.826373,0.334598,0.26708,0.523166,0.815428,0.831372,0.860798,0.608817,0.726689,0.932443,0.573224,0.59901,0.765788,0.581031,0.171803,0.296122,0.575235,0.627296,0.769616,0.674844,0.228618,0.310988,0.403939,0.89529,0.757624,0.587982,0.660837
0.397378,0.235377,0.267979,0.335142,0.342125,0.2817,0.146079,0.28185,0.409437,0.271468,0.00857167,0.257965,0.274526,0.227122,0.296332,0.0942909,0.304133,0.536042,0.266307,0.220628,0.395071,-0.0456629,0.284329,0.457499,1,0.144311,0.0760971,0.131773,0.209925,0.0535712,0.315136,0.240067,0.304614,0.0882803,0.31364,0.308528,0.0735924,0.0749657,0.174982,0.155617,0.224943,0.451097,0.280965,0.275123,0.343858,0.255799,0.398496,0.448946,-0.181689,0.0354656,0.132832,0.295893,0.300457,0.208948,0.186798,0.193512,0.405759,0.329491,0.299429,0.0677921,0.100612,0.0983756,0.389966,0.266674,0.371516,0.268882,0.180363,0.464113,0.567368,0.13383,0.404883,0.185972,0.118164,0.139368,0.212594,0.220433,0.251375,0.283533,0.0751623,0.112138,-0.0765203,0.302588,0.248664,0.244233,0.344
0.506772,0.57403,0.52531,0.318591,0.427092,0.434633,0.46315,0.294658,0.51502,0.290701,0.176985,0.520313,0.473823,0.548085,0.506708,0.433871,0.546623,0.396829,0.394132,0.550136,0.445804,0.279445,0.459488,0.481822,0.144311,1,0.282962,0.270154,0.107492,0.193941,0.314281,0.218393,0.501355,0.378196,0.396483,0.374207,0.0933767,0.398304,0.580501,0.468669,0.290076,0.0707623,0.639539,0.494862,0.530113,0.295053,0.583967,0.618478,0.228179,0.550645,0.0776913,0.522291,0.29395,0.455272,0.434822,0.597718,0.385761,0.485832,0.425514,-0.101074,0.389986,0.31373,0.43859,0.587489,0.589902,0.209388,0.612505,0.38969,0.19413,0.340164,0.515199,0.340607,-0.05647,0.0696587,0.461058,0.223341,0.388597,0.413467,0.34911,0.23642,0.107324,0.505337,0.515174,0.354533,0.364631
0.690612,0.596966,0.736316,0.568461,0.557688,0.60311,0.360687,0.136682,0.461162,0.532466,0.536125,0.538263,0.642515,0.571757,0.511359,0.540543,0.557451,0.182023,0.61794,0.54797,0.663526,0.386577,0.673183,0.680457,0.0760971,0.282962,1,0.374043,0.327753,0.21758,0.0852657,0.48023,0.613054,0.513962,0.626195,0.340635,0.264147,0.631077,0.576878,0.406282,0.158371,0.292193,0.64456,0.473852,0.687999,0.67432,0.637035,0.505075,0.196975,0.281853,0.292264,0.417341,0.654626,0.546825,0.656841,0.51309,0.557634,0.519996,0.574733,0.173993,0.30049,0.408179,0.532206,0.572213,0.478446,0.482573,0.574218,0.640982,0.298532,0.399053,0.529441,0.30031,0.0704552,0.331203,0.294136,0.536594,0.561024,0.456693,0.0838569,0.184798,0.352469,0.646907,0.527398,0.485513,0.305746
0.584592,0.574748,0.533486,0.250638,0.456106,0.171055,0.14604,0.250124,0.357872,0.668134,0.470206,0.434297,0.582037,0.527867,0.325357,0.402484,0.592304,0.173419,0.610087,0.522815,0.462364,0.511713,0.466593,0.505823,0.131773,0.270154,0.374043,1,0.284701,0.350493,-0.0827781,0.271491,0.453544,0.640465,0.402528,0.20237,0.163488,0.48579,0.62377,0.472177,0.375714,0.472911,0.501119,0.449489,0.594463,0.581146,0.577052,0.36264,0.465244,0.446889,0.256198,0.418077,0.503853,0.244151,0.391816,0.554662,0.584631,0.561193,0.404578,0.283942,0.0996618,0.664776,0.420874,0.393405,0.529147,0.579591,0.497287,0.582072,0.406763,0.586434,0.479831,0.456674,-0.111954,-0.122459,0.298865,0.310119,0.36897,0.550986,0.449106,0.142255,0.505447,0.509951,0.340368,0.396304,0.316757
0.365916,0.304068,0.362148,0.423316,0.519382,0.350811,0.240946,0.247477,0.340475,0.403933,0.322399,0.267411,0.333154,0.240264,0.340468,0.362902,0.285165,0.25133,0.22219,0.454049,0.446111,0.275844,0.289358,0.458239,0.209925,0.107492,0.327753,0.284701,1,0.416795,0.0128503,0.531674,0.436304,0.404805,0.226963,0.22688,-0.128157,0.261954,0.353079,0.198184,0.154034,0.561544,0.315699,0.349466,0.393595,0.465953,0.396761,0.412315,0.22724,0.12591,-0.326244,0.245789,0.489992,0.13995,0.249585,0.32679,0.446047,0.432198,0.232672,-0.137798,-0.107694,0.110987,0.309024,0.354066,0.486314,0.371576,0.34267,0.595324,0.228308,0.431426,0.226714,0.384548,0.56021,0.0738259,0.360535,0.183076,0.455272,0.455743,-0.099867,0.148517,0.384799,0.288049,0.389271,0.268411,0.518196
0.277698,0.400822,0.408393,0.204056,0.361956,0.244523,0.145882,0.365456,0.253556,0.279505,0.103102,0.297317,0.447202,0.389573,0.386571,0.397633,0.425007,-0.0179756,0.356741,0.469476,0.330369,0.1751,0.303012,0.341875,0.0535712,0.193941,0.21758,0.350493,0.416795,1,-0.212126,0.331517,0.249653,0.343668,0.290321,0.415462,0.0904311,0.317983,0.458941,0.455677,0.226022,0.508294,0.43833,0.288826,0.39092,0.38433,0.41327,0.301569,0.280689,0.166109,0.156557,0.286514,0.300908,0.205068,0.166173,0.419128,0.421862,0.357227,0.193003,0.0901896,0.0539717,0.501217,0.493921,0.450563,0.474298,0.463943,0.155081,0.363473,0.184661,0.395702,0.396823,0.663457,0.158189,-0.128096,0.0713915,0.288344,0.293501,0.421483,0.482951,0.166139,0.399092,0.370623,0.379069,0.0395889,0.473715
0.258067,0.158018,0.202012,0.196349,0.195453,0.303232,0.134353,0.136721,0.282727,0.0977935,0.056956,0.0999139,0.143991,0.0379695,0.234086,0.0282894,0.102662,0.26546,0.138976,0.139106,0.265111,-0.0450551,0.223153,0.252257,0.315136,0.314281,0.0852657,-0.0827781,0.0128503,-0.212126,1,0.234789,0.317367,0.0226858,0.174165,0.109364,0.0207431,0.135176,0.151029,0.28174,-0.0115313,0.0547611,0.125547,0.128607,0.216203,0.0317016,0.226929,0.237719,0.104158,0.160484,-0.0168446,0.0746631,0.0332184,0.192697,0.286855,0.109847,0.100435,0.131789,0.192701,0.130999,0.150445,0.0752823,0.158974,0.213731,0.164864,-0.0915564,0.36242,0.228014,0.122626,0.178453,0.165578,-0.0420053,-0.219374,0.298824,0.262809,0.240593,0.281368,0.330979,-0.154978,0.17554,-0.154052,0.250896,0.227329,0.301595,0.111334
0.648768,0.492859,0.591285,0.520291,0.612855,0.494642,0.256863,0.214444,0.553892,0.476439,0.288778,0.469933,0.561529,0.418082,0.546283,0.45529,0.481875,0.350094,0.480154,0.530809,0.706345,0.355247,0.447934,0.667899,0.240067,0.218393,0.48023,0.271491,0.531674,0.331517,0.234789,1,0.649797,0.433837,0.43564,0.376717,0.141854,0.528251,0.485023,0.487789,0.215102,0.612058,0.520312,0.4888,0.609861,0.484358,0.492081,0.469588,0.238819,0.309877,0.201998,0.301312,0.45532,0.314414,0.485724,0.491757,0.464346,0.613126,0.449843,0.213307,0.0295086,0.350319,0.578307,0.606511,0.575756,0.321613,0.500332,0.692835,0.382054,0.59459,0.491339,0.402037,0.27268,0.231441,0.448544,0.541048,0.585552,0.490127,-0.0532767,0.295335,0.402979,0.608896,0.583379,0.366535,0.436161
0.826293,0.708142,0.803982,0.653498,0.766017,0.558208,0.342839,0.235416,0.5532,0.699806,0.466673,0.695275,0.69405,0.677818,0.601135,0.541069,0.726546,0.476075,0.621222,0.703003,0.847548,0.514078,0.623142,0.807176,0.304614,0.501355,0.613054,0.453544,0.436304,0.249653,0.317367,0.649797,1,0.594024,0.706855,0.51562,0.138696,0.662896,0.746024,0.600538,0.206257,0.414793,0.718768,0.696263,0.807817,0.704467,0.751804,0.588093,0.244325,0.426454,0.220396,0.63992,0.753032,0.501108,0.77411,0.742417,0.55806,0.753392,0.679299,0.353713,0.304758,0.441196,0.709163,0.783414,0.753295,0.478442,0.571266,0.771816,0.544669,0.604825,0.597905,0.408634,-0.0568017,0.334885,0.59047,0.623064,0.739292,0.540049,0.156569,0.330382,0.458182,0.817368,0.738806,0.560801,0.510094
0.653288,0.717253,0.685828,0.63831,0.436566,0.309475,0.41249,0.295639,0.29063,0.670585,0.608209,0.55077,0.689016,0.671926,0.506011,0.71476,0.639603,0.351129,0.514308,0.717911,0.657703,0.617073,0.483236,0.706281,0.0882803,0.378196,0.513962,0.640465,0.404805,0.343668,0.0226858,0.433837,0.594024,1,0.613253,0.32364,0.0245034,0.675715,0.662585,0.651621,0.611861,0.454412,0.653419,0.713387,0.735682,0.703163,0.602694,0.527067,0.344996,0.498971,0.188197,0.489379,0.576547,0.472497,0.62276,0.719438,0.524926,0.705939,0.621275,0.321493,0.178031,0.462257,0.696374,0.659495,0.701671,0.512547,0.53746,0.662268,0.384693,0.614028,0.507539,0.454766,0.175082,0.121664,0.434176,0.429511,0.594705,0.571848,0.226201,0.202944,0.520455,0.677577,0.654126,0.356234,0.498729
0.824732,0.712765,0.848239,0.684219,0.565343,0.535539,0.232383,0.305612,0.486426,0.697006,0.518329,0.777402,0.738788,0.684114,0.661613,0.581539,0.713225,0.437916,0.523537,0.757434,0.750603,0.374467,0.597761,0.788108,0.31364,0.396483,0.626195,0.402528,0.226963,0.290321,0.174165,0.43564,0.706855,0.613253,1,0.43105,0.0796004,0.626325,0.686867,0.64936,0.218601,0.314534,0.741941,0.676561,0.809761,0.728294,0.681897,0.554591,-0.0640735,0.280276,0.502068,0.73017,0.692856,0.672334,0.767197,0.62034,0.550499,0.629217,0.727583,0.452023,0.458834,0.502502,0.738179,0.777859,0.701303,0.501489,0.478573,0.754127,0.49354,0.519714,0.616431,0.554919,-0.0325578,0.272524,0.30568,0.595636,0.636385,0.540201,0.350664,0.278396,0.274954,0.860109,0.715578,0.484559,0.453611
0.470125,0.394199,0.490152,0.397904,0.453961,0.273847,0.187926,0.262769,0.331093,0.205528,0.28635,0.498237,0.414553,0.460256,0.407366,0.3112,0.404957,0.452493,0.421092,0.411808,0.531489,0.178813,0.347836,0.506918,0.308528,0.374207,0.340635,0.20237,0.22688,0.415462,0.109364,0.376717,0.51562,0.32364,0.43105,1,0.348687,0.319393,0.43508,0.401301,0.164177,0.267315,0.488886,0.415461,0.551587,0.420838,0.538142,0.43646,0.119628,0.351381,0.0606399,0.239521,0.294745,0.464145,0.338556,0.409499,0.497845,0.381226,0.324349,0.33505,0.340222,0.282244,0.621195,0.618109,0.447353,0.351161,0.320052,0.452145,0.369523,0.485166,0.381683,0.410056,-0.0969303,0.184851,0.136131,0.488925,0.491006,0.17907,0.328367,0.318685,0.0687593,0.545789,0.56011,0.326237,0.283292
0.247559,0.0904873,0.197175,0.0459437,0.118833,0.0303451,0.118932,0.051768,0.0465158,0.0773535,0.264538,0.18985,0.0711942,0.210624,-0.032961,0.110008,0.0729703,0.0417447,0.20673,-0.0139956,0.166917,-0.159396,0.145292,0.136529,0.0735924,0.0933767,0.264147,0.163488,-0.128157,0.0904311,0.0207431,0.141854,0.138696,0.0245034,0.0796004,0.348687,1,0.0532712,0.0596305,0.118346,-0.123184,-0.00448761,0.135244,0.0714337,0.268769,0.226046,0.236818,0.0308252,0.224687,0.127966,0.116185,-0.0415609,0.0397864,0.298987,0.142414,0.191597,0.25406,0.149358,0.180037,0.216255,0.126086,0.196832,0.128781,0.140161,0.00856351,0.158828,0.16422,0.14948,0.283537,0.158378,0.124479,-0.0379421,-0.166648,-0.00425312,-0.0425276,0.194806,0.0873249,0.0682354,0.0234053,-0.252954,0.0554659,0.248173,0.101116,0.0278625,-0.237822
0.683241,0.69711,0.726279,0.596644,0.419771,0.54253,0.256098,0.227446,0.303737,0.527842,0.30923,0.583995,0.770833,0.597399,0.527432,0.571966,0.664531,0.325824,0.613561,0.616315,0.666881,0.560664,0.563456,0.612794,0.0749657,0.398304,0.631077,0.48579,0.261954,0.317983,0.135176,0.528251,0.662896,0.675715,0.626325,0.319393,0.0532712,1,0.613428,0.571224,0.409666,0.507067,0.650976,0.590094,0.664716,0.561348,0.601651,0.452332,0.31515,0.342533,0.387149,0.539928,0.569362,0.490106,0.64221,0.677721,0.45983,0.566469,0.554386,0.332256,0.283499,0.554193,0.649942,0.685055,0.588201,0.53435,0.464346,0.565407,0.378465,0.55429,0.519912,0.417932,-0.0776573,0.385033,0.345604,0.585756,0.580736,0.574846,0.324884,0.332353,0.392874,0.686649,0.626383,0.336055,0.306982
0.765945,0.741604,0.841523,0.589894,0.667827,0.587981,0.452778,0.393115,0.591121,0.690454,0.514265,0.776671,0.805083,0.693047,0.694906,0.629803,0.799142,0.274203,0.786518,0.831999,0.793605,0.58071,0.685656,0.794702,0.174982,0.580501,0.576878,0.62377,0.353079,0.458941,0.151029,0.485023,0.746024,0.662585,0.686867,0.43508,0.0596305,0.613428,1,0.759246,0.325804,0.449829,0.816873,0.679698,0.825806,0.685302,0.7526,0.610224,0.398131,0.580435,0.350179,0.672513,0.723895,0.542448,0.698353,0.780042,0.592743,0.773971,0.727088,0.248242,0.185525,0.616517,0.747994,0.815053,0.846791,0.571167,0.57598,0.770975,0.379488,0.546239,0.708979,0.633589,0.0535983,0.15234,0.59013,0.610432,0.766133,0.618975,0.426829,0.3684,0.589158,0.81567,0.766933,0.603571,0.646117
0.678955,0.753801,0.794991,0.616637,0.50513,0.581411,0.467747,0.524439,0.487139,0.667481,0.570618,0.709236,0.7984,0.728771,0.667153,0.747995,0.678552,0.196332,0.62502,0.774262,0.699892,0.456621,0.587932,0.733947,0.155617,0.468669,0.406282,0.472177,0.198184,0.455677,0.28174,0.487789,0.600538,0.651621,0.64936,0.401301,0.118346,0.571224,0.759246,1,0.394647,0.418097,0.704132,0.757119,0.785147,0.597152,0.631656,0.559898,0.293117,0.468785,0.485536,0.593482,0.553022,0.559231,0.762195,0.756739,0.50308,0.740073,0.730788,0.503435,0.339413,0.555129,0.688404,0.75796,0.799711,0.56323,0.52329,0.62499,0.339035,0.4728,0.706432,0.609106,0.0695919,0.246058,0.489766,0.596827,0.656907,0.614864,0.36536,0.350886,0.480402,0.817134,0.739137,0.385742,0.635026
0.30624,0.300725,0.311029,0.429814,0.189685,0.170315,0.444308,0.317756,0.286966,0.33386,0.168418,0.218899,0.42038,0.342131,0.222284,0.316063,0.353236,0.309796,0.317822,0.329175,0.444129,0.365419,0.417839,0.451519,0.224943,0.290076,0.158371,0.375714,0.154034,0.226022,-0.0115313,0.215102,0.206257,0.611861,0.218601,0.164177,-0.123184,0.409666,0.325804,0.394647,1,0.452393,0.357556,0.366105,0.363601,0.375764,0.310495,0.390965,0.257936,0.316889,0.15865,0.177156,0.227861,0.0417551,0.258266,0.433259,0.439491,0.434292,0.368349,0.205462,0.161368,0.18049,0.489418,0.304176,0.427577,0.394036,0.361908,0.345404,0.361736,0.319703,0.387571,0.265293,0.225389,0.00615471,0.226317,0.0644982,0.325096,0.399268,0.227518,0.0989296,0.192114,0.311177,0.204192,0.0583977,0.369365
0.500922,0.443698,0.469418,0.373837,0.371559,0.341982,0.187269,0.387708,0.419162,0.447036,0.133475,0.32579,0.564541,0.412889,0.374066,0.380419,0.457312,0.257696,0.483372,0.483191,0.595356,0.381971,0.418879,0.549877,0.451097,0.0707623,0.292193,0.472911,0.561544,0.508294,0.0547611,0.612058,0.414793,0.454412,0.314534,0.267315,-0.00448761,0.507067,0.449829,0.418097,0.452393,1,0.397403,0.407993,0.49725,0.460746,0.542991,0.438566,0.344143,0.19945,0.130885,0.295111,0.49789,0.0878404,0.327237,0.466081,0.505108,0.53199,0.399824,0.203839,-0.140614,0.462256,0.536549,0.468198,0.594135,0.489368,0.294144,0.633901,0.44097,0.490434,0.505964,0.545897,0.187612,0.236851,0.315508,0.405137,0.48827,0.576595,0.194692,0.265263,0.437022,0.410183,0.457206,0.169856,0.521894
0.869653,0.856968,0.906111,0.68604,0.728676,0.653463,0.552366,0.439369,0.596689,0.654006,0.558463,0.760003,0.849096,0.8052,0.774389,0.740906,0.860305,0.483249,0.75656,0.847954,0.793858,0.420424,0.759401,0.841927,0.280965,0.639539,0.64456,0.501119,0.315699,0.43833,0.125547,0.520312,0.718768,0.653419,0.741941,0.488886,0.135244,0.650976,0.816873,0.704132,0.357556,0.397403,1,0.838171,0.889992,0.760864,0.76436,0.8064,0.22772,0.56669,0.479615,0.786235,0.710663,0.655255,0.71362,0.821357,0.738143,0.785132,0.710191,0.170943,0.293553,0.607578,0.755953,0.874241,0.808951,0.522027,0.657714,0.790668,0.437518,0.587887,0.706168,0.63654,0.0596121,0.230614,0.573147,0.535187,0.625253,0.67696,0.383819,0.182431,0.422425,0.853804,0.736489,0.555377,0.508569
0.778316,0.884718,0.821833,0.71838,0.632226,0.550595,0.585269,0.529763,0.476244,0.685875,0.668817,0.724144,0.798329,0.846296,0.681195,0.837523,0.733498,0.493637,0.58722,0.816789,0.742669,0.528273,0.629533,0.798487,0.275123,0.494862,0.473852,0.449489,0.349466,0.288826,0.128607,0.4888,0.696263,0.713387,0.676561,0.415461,0.0714337,0.590094,0.679698,0.757119,0.366105,0.407993,0.838171,1,0.863364,0.723417,0.637815,0.710883,0.099526,0.427131,0.363792,0.730819,0.736243,0.670593,0.803119,0.825178,0.580633,0.859055,0.760391,0.386398,0.306013,0.405793,0.612212,0.805049,0.792803,0.490437,0.519899,0.709812,0.34613,0.497555,0.598749,0.50123,0.178088,0.257598,0.545928,0.468832,0.560638,0.584614,0.208374,0.159578,0.462352,0.798737,0.70841,0.41639,0.493886
0.93666,0.883839,0.96047,0.74646,0.740974,0.620286,0.564756,0.510632,0.637744,0.764689,0.679543,0.823736,0.886765,0.822932,0.767128,0.772233,0.847414,0.500109,0.771024,0.833454,0.873742,0.524309,0.772653,0.942457,0.343858,0.530113,0.687999,0.594463,0.393595,0.39092,0.216203,0.609861,0.807817,0.735682,0.809761,0.551587,0.268769,0.664716,0.825806,0.785147,0.363601,0.49725,0.889992,0.863364,1,0.861186,0.845574,0.77727,0.245106,0.511897,0.413361,0.707978,0.798258,0.7067,0.830607,0.8512,0.759871,0.874725,0.835514,0.40151,0.30905,0.610434,0.778043,0.871679,0.837895,0.612848,0.727804,0.902733,0.534099,0.65969,0.753842,0.59565,0.0569708,0.262147,0.550512,0.665583,0.761261,0.69356,0.327289,0.283806,0.457055,0.929726,0.798448,0.582082,0.549854
0.812307,0.727753,0.830013,0.758992,0.71593,0.499254,0.468856,0.33552,0.481955,0.721654,0.621608,0.631082,0.740665,0.713351,0.642383,0.718296,0.768014,0.439198,0.6478,0.712973,0.773041,0.407223,0.716115,0.848595,0.255799,0.295053,0.67432,0.581146,0.465953,0.38433,0.0317016,0.484358,0.704467,0.703163,0.728294,0.420838,0.226046,0.561348,0.685302,0.597152,0.375764,0.460746,0.760864,0.723417,0.861186,1,0.767749,0.672104,0.297476,0.291555,0.354121,0.674452,0.786544,0.511322,0.717869,0.739976,0.73858,0.819708,0.701523,0.363733,0.153075,0.554029,0.68443,0.704887,0.708972,0.638439,0.617959,0.817015,0.623679,0.546828,0.7003,0.591953,0.079653,0.157354,0.442821,0.560138,0.656431,0.608029,0.25568,0.106831,0.369981,0.796974,0.604302,0.41945,0.521463
0.81359,0.776563,0.83864,0.585125,0.669388,0.634114,0.410173,0.336222,0.660593,0.690954,0.367936,0.648202,0.749508,0.705602,0.729268,0.618524,0.77563,0.467233,0.693348,0.691818,0.761215,0.485312,0.743578,0.825593,0.398496,0.583967,0.637035,0.577052,0.396761,0.41327,0.226929,0.492081,0.751804,0.602694,0.681897,0.538142,0.236818,0.601651,0.7526,0.631656,0.310495,0.542991,0.76436,0.637815,0.845574,0.767749,1,0.784634,0.329094,0.514401,0.304493,0.662083,0.722118,0.471072,0.689908,0.724793,0.700064,0.725324,0.692289,0.239552,0.21232,0.701145,0.714007,0.742198,0.777346,0.521458,0.716616,0.814898,0.614767,0.591669,0.781283,0.515606,-0.0806203,0.346619,0.523388,0.600234,0.628339,0.645324,0.383017,0.354343,0.315584,0.788066,0.706017,0.568536,0.585552
0.734553,0.7267,0.755006,0.637102,0.662519,0.688497,0.542316,0.42173,0.639536,0.586095,0.405024,0.590434,0.691213,0.662062,0.808969,0.642872,0.657656,0.595279,0.619951,0.726603,0.678371,0.356751,0.726942,0.78496,0.448946,0.618478,0.505075,0.36264,0.412315,0.301569,0.237719,0.469588,0.588093,0.527067,0.554591,0.43646,0.0308252,0.452332,0.610224,0.559898,0.390965,0.438566,0.8064,0.710883,0.77727,0.672104,0.784634,1,0.216665,0.56173,0.24029,0.689242,0.600893,0.502958,0.600569,0.664347,0.71239,0.679824,0.579247,0.0666036,0.218361,0.447433,0.625278,0.687466,0.733594,0.352453,0.731278,0.755848,0.515955,0.457961,0.689159,0.491276,0.172574,0.280119,0.656747,0.431746,0.598317,0.603118,0.235142,0.230084,0.144288,0.688256,0.666939,0.48601,0.592797
0.243004,0.187986,0.213088,0.0765506,0.138714,0.170586,0.169727,0.0375145,0.172752,0.189288,0.177845,-0.000666371,0.190146,0.139428,0.201713,0.240549,0.20492,0.0183791,0.420195,0.270767,0.214142,0.118627,0.30476,0.188343,-0.181689,0.228179,0.196975,0.465244,0.22724,0.280689,0.104158,0.238819,0.244325,0.344996,-0.0640735,0.119628,0.224687,0.31515,0.398131,0.293117,0.257936,0.344143,0.22772,0.099526,0.245106,0.297476,0.329094,0.216665,1,0.308467,0.018066,0.0588554,0.042761,-0.134747,0.108115,0.345495,0.363215,0.280075,0.0698801,-0.0704498,-0.278095,0.382935,0.255568,0.193144,0.249766,0.171996,0.351172,0.241185,0.207889,0.445627,0.273088,0.274992,-0.160569,0.0828153,0.333851,0.299076,0.389375,0.377394,0.182549,-0.0532609,0.357125,0.195013,0.23123,0.0849057,0.262601
0.474,0.472101,0.512867,0.341631,0.35374,0.324554,0.342974,0.226987,0.302227,0.462586,0.328017,0.550465,0.460095,0.464565,0.401787,0.371665,0.449371,0.178117,0.472037,0.467286,0.43891,0.475164,0.38219,0.421399,0.0354656,0.550645,0.281853,0.446889,0.12591,0.166109,0.160484,0.309877,0.426454,0.498971,0.280276,0.351381,0.127966,0.342533,0.580435,0.468785,0.316889,0.19945,0.56669,0.427131,0.511897,0.291555,0.514401,0.56173,0.308467,1,0.107948,0.372964,0.284978,0.284015,0.359399,0.520943,0.356497,0.405317,0.385257,0.100967,0.195412,0.453706,0.459099,0.4998,0.483893,0.101401,0.536696,0.455525,0.248846,0.440039,0.381252,0.246646,-0.0365217,0.141204,0.584764,0.260956,0.459202,0.418409,0.312353,0.281045,0.244876,0.468962,0.548038,0.579403,0.281305
0.494576,0.411074,0.481522,0.344183,0.263573,0.369719,0.135426,0.140831,0.256483,0.395763,0.165109,0.398894,0.494959,0.362939,0.470059,0.315663,0.505143,0.134254,0.42568,0.357461,0.327601,0.082306,0.427694,0.385654,0.132832,0.0776913,0.292264,0.256198,-0.326244,0.156557,-0.0168446,0.201998,0.220396,0.188197,0.502068,0.0606399,0.116185,0.387149,0.350179,0.485536,0.15865,0.130885,0.479615,0.363792,0.413361,0.354121,0.304493,0.24029,0.018066,0.107948,1,0.516019,0.248854,0.259283,0.400818,0.32756,0.364894,0.307219,0.410409,0.358062,0.192413,0.538867,0.399523,0.361616,0.284164,0.260743,0.233226,0.281434,0.364231,0.214232,0.472402,0.315942,-0.252154,0.143627,0.160589,0.489047,0.189419,0.320875,0.400802,0.0370749,0.0785819,0.504875,0.277528,0.141809,0.107971
0.744423,0.716265,0.754203,0.648617,0.623217,0.601917,0.285853,0.271031,0.440366,0.678172,0.358,0.742623,0.70598,0.692278,0.669035,0.595772,0.746252,0.44099,0.572393,0.767382,0.65274,0.368281,0.598214,0.66923,0.295893,0.522291,0.417341,0.418077,0.245789,0.286514,0.0746631,0.301312,0.63992,0.489379,0.73017,0.239521,-0.0415609,0.539928,0.672513,0.593482,0.177156,0.295111,0.786235,0.730819,0.707978,0.674452,0.662083,0.689242,0.0588554,0.372964,0.516019,1,0.701398,0.55087,0.649,0.684603,0.476336,0.656963,0.617968,0.232396,0.32674,0.485737,0.620914,0.707179,0.753183,0.489437,0.413977,0.622733,0.573617,0.299706,0.636712,0.566371,-0.00535543,0.15684,0.491139,0.474887,0.478584,0.552804,0.377949,0.114982,0.252319,0.721614,0.645471,0.385854,0.492713
0.743821,0.733153,0.820093,0.674265,0.744744,0.585534,0.456008,0.431421,0.478268,0.746294,0.568941,0.721216,0.776321,0.698375,0.551337,0.638968,0.721957,0.279383,0.650998,0.69467,0.800513,0.599346,0.651387,0.790324,0.300457,0.29395,0.654626,0.503853,0.489992,0.300908,0.0332184,0.45532,0.753032,0.576547,0.692856,0.294745,0.0397864,0.569362,0.723895,0.553022,0.227861,0.49789,0.710663,0.736243,0.798258,0.786544,0.722118,0.600893,0.042761,0.284978,0.248854,0.701398,1,0.56873,0.792792,0.746412,0.55261,0.77309,0.757465,0.301864,0.190367,0.464267,0.553482,0.710225,0.756065,0.656733,0.434869,0.786174,0.461624,0.376559,0.575468,0.429597,0.181164,0.283817,0.481878,0.478238,0.628368,0.564801,0.15269,0.303769,0.558226,0.714619,0.621721,0.481345,0.512028
0.609554,0.663781,0.701704,0.571099,0.487991,0.481677,0.411973,0.432003,0.274039,0.409545,0.581532,0.739743,0.656592,0.634685,0.515453,0.600761,0.552949,0.331759,0.461767,0.631198,0.563363,0.236641,0.4159,0.619165,0.208948,0.455272,0.546825,0.244151,0.13995,0.205068,0.192697,0.314414,0.501108,0.472497,0.672334,0.464145,0.298987,0.490106,0.542448,0.559231,0.0417551,0.0878404,0.655255,0.670593,0.7067,0.511322,0.471072,0.502958,-0.134747,0.284015,0.259283,0.55087,0.56873,1,0.689824,0.579268,0.365767,0.559948,0.580567,0.266253,0.365976,0.309661,0.492504,0.689289,0.558076,0.393135,0.39867,0.533905,0.199982,0.265828,0.43418,0.366295,0.152978,0.198215,0.275857,0.459468,0.479676,0.334176,0.205364,0.265762,0.23856,0.71218,0.658393,0.444828,0.185308
0.763021,0.775202,0.866373,0.730263,0.636658,0.64256,0.54518,0.484464,0.510044,0.741813,0.633642,0.751712,0.775654,0.784629,0.634856,0.758485,0.687117,0.31359,0.522609,0.771454,0.786115,0.49545,0.64006,0.803416,0.186798,0.434822,0.656841,0.391816,0.249585,0.166173,0.286855,0.485724,0.77411,0.62276,0.767197,0.338556,0.142414,0.64221,0.698353,0.762195,0.258266,0.327237,0.71362,0.803119,0.830607,0.717869,0.689908,0.600569,0.108115,0.359399,0.400818,0.649,0.792792,0.689824,1,0.776931,0.512508,0.796248,0.863311,0.451182,0.378266,0.473619,0.569377,0.744953,0.753727,0.448437,0.563274,0.70127,0.347191,0.428848,0.636317,0.350676,0.0891424,0.384289,0.526231,0.574775,0.702502,0.543906,0.183106,0.358963,0.442824,0.834101,0.725506,0.487034,0.455001
0.785363,0.84962,0.853521,0.698264,0.692208,0.511903,0.650375,0.541017,0.468362,0.648544,0.543173,0.745914,0.821635,0.863675,0.582494,0.781557,0.82566,0.317973,0.614115,0.782443,0.76558,0.522453,0.596599,0.771563,0.193512,0.597718,0.51309,0.554662,0.32679,0.419128,0.109847,0.491757,0.742417,0.719438,0.62034,0.409499,0.191597,0.677721,0.780042,0.756739,0.433259,0.466081,0.821357,0.825178,0.8512,0.739976,0.724793,0.664347,0.345495,0.520943,0.32756,0.684603,0.746412,0.579268,0.776931,1,0.608822,0.870181,0.745578,0.272971,0.207413,0.584676,0.649237,0.77477,0.805173,0.58894,0.599532,0.712764,0.43836,0.533106,0.701721,0.549822,0.0594159,0.15665,0.580057,0.578042,0.679955,0.702122,0.422191,0.301008,0.512825,0.783087,0.750108,0.455868,0.521244
0.751473,0.590263,0.706917,0.526642,0.682184,0.515295,0.519008,0.446246,0.651688,0.560008,0.535012,0.482382,0.67021,0.556385,0.642269,0.468482,0.634782,0.574076,0.64936,0.624498,0.66609,0.258634,0.761127,0.755651,0.405759,0.385761,0.557634,0.584631,0.446047,0.421862,0.100435,0.464346,0.55806,0.524926,0.550499,0.497845,0.25406,0.45983,0.592743,0.50308,0.439491,0.505108,0.738143,0.580633,0.759871,0.73858,0.700064,0.71239,0.363215,0.356497,0.364894,0.476336,0.55261,0.365767,0.512508,0.608822,1,0.611008,0.510968,0.152451,0.211275,0.53398,0.594311,0.613942,0.592569,0.54988,0.734113,0.772096,0.520966,0.696451,0.562822,0.517266,0.105796,0.157139,0.414089,0.451452,0.559979,0.688572,0.334841,0.114815,0.244461,0.656124,0.499456,0.439826,0.406079
0.802852,0.833984,0.828779,0.75089,0.738436,0.534335,0.644714,0.558467,0.609581,0.727062,0.570672,0.714057,0.806371,0.80017,0.65117,0.830184,0.805164,0.422459,0.632602,0.79361,0.815709,0.53414,0.669091,0.865312,0.329491,0.485832,0.519996,0.561193,0.432198,0.357227,0.131789,0.613126,0.753392,0.705939,0.629217,0.381226,0.149358,0.566469,0.773971,0.740073,0.434292,0.53199,0.785132,0.859055,0.874725,0.819708,0.725324,0.679824,0.280075,0.405317,0.307219,0.656963,0.77309,0.559948,0.796248,0.870181,0.611008,1,0.792692,0.292031,0.122006,0.519345,0.651102,0.769204,0.855594,0.556041,0.613553,0.797082,0.469475,0.524282,0.793066,0.54303,0.226061,0.114165,0.550742,0.522742,0.678695,0.604192,0.27122,0.249955,0.520204,0.791872,0.678597,0.449503,0.591684
0.752323,0.712958,0.828104,0.686923,0.515663,0.526825,0.590482,0.463662,0.574848,0.696596,0.550976,0.775685,0.750857,0.754756,0.602992,0.707586,0.744128,0.314287,0.583239,0.712548,0.798964,0.51595,0.621641,0.826373,0.299429,0.425514,0.574733,0.404578,0.232672,0.193003,0.192701,0.449843,0.679299,0.621275,0.727583,0.324349,0.180037,0.554386,0.727088,0.730788,0.368349,0.399824,0.710191,0.760391,0.835514,0.701523,0.692289,0.579247,0.0698801,0.385257,0.410409,0.617968,0.757465,0.580567,0.863311,0.745578,0.510968,0.792692,1,0.437881,0.348007,0.436905,0.667646,0.70305,0.789831,0.538394,0.536327,0.726871,0.392598,0.340459,0.662631,0.407966,0.11621,0.218614,0.506088,0.558989,0.690456,0.523221,0.195242,0.250057,0.49444,0.811013,0.688657,0.461905,0.547212
0.312408,0.310755,0.359605,0.279026,0.172496,0.0744057,-0.0707393,0.0938314,0.0866853,0.419859,0.348224,0.348082,0.357446,0.40279,0.147669,0.223877,0.214762,0.12732,0.309682,0.22787,0.393379,0.392975,0.257137,0.334598,0.0677921,-0.101074,0.173993,0.283942,-0.137798,0.0901896,0.130999,0.213307,0.353713,0.321493,0.452023,0.33505,0.216255,0.332256,0.248242,0.503435,0.205462,0.203839,0.170943,0.386398,0.40151,0.363733,0.239552,0.0666036,-0.0704498,0.100967,0.358062,0.232396,0.301864,0.266253,0.451182,0.272971,0.152451,0.292031,0.437881,1,0.476621,0.186666,0.382695,0.315145,0.225585,0.3707,0.0785131,0.233608,0.307594,0.185437,0.258021,0.200561,-0.249021,0.137746,0.0247168,0.341644,0.258768,0.110914,0.115275,0.147195,0.155534,0.478662,0.286579,0.133812,0.168828
0.294189,0.244855,0.322593,0.254087,0.219398,0.27131,0.0425388,0.124247,0.332485,0.334568,0.28272,0.424381,0.306191,0.406119,0.141419,0.125949,0.191467,0.211883,0.179343,0.268569,0.305653,0.215381,0.343539,0.26708,0.100612,0.389986,0.30049,0.0996618,-0.107694,0.0539717,0.150445,0.0295086,0.304758,0.178031,0.458834,0.340222,0.126086,0.283499,0.185525,0.339413,0.161368,-0.140614,0.293553,0.306013,0.30905,0.153075,0.21232,0.218361,-0.278095,0.195412,0.192413,0.32674,0.190367,0.365976,0.378266,0.207413,0.211275,0.122006,0.348007,0.476621,1,-0.0336526,0.284905,0.270106,0.226667,0.346326,0.243952,0.137162,0.127206,0.0956079,0.174321,0.0560184,-0.0814836,-0.0160937,-0.0572422,0.0604152,0.165776,0.129538,0.19475,0.0808898,-0.089336,0.356923,0.20872,0.157863,0.110701
0.625533,0.661781,0.677296,0.367011,0.468552,0.39189,0.204425,0.351253,0.365371,0.557581,0.209649,0.496071,0.656978,0.54358,0.530444,0.481172,0.698207,0.102122,0.549234,0.565014,0.485679,0.334647,0.505429,0.523166,0.0983756,0.31373,0.408179,0.664776,0.110987,0.501217,0.0752823,0.350319,0.441196,0.462257,0.502502,0.282244,0.196832,0.554193,0.616517,0.555129,0.18049,0.462256,0.607578,0.405793,0.610434,0.554029,0.701145,0.447433,0.382935,0.453706,0.538867,0.485737,0.464267,0.309661,0.473619,0.584676,0.53398,0.519345,0.436905,0.186666,-0.0336526,1,0.494947,0.546135,0.539974,0.333643,0.532586,0.583799,0.36392,0.577977,0.610051,0.543282,-0.281809,0.174617,0.313913,0.521052,0.38947,0.609435,0.618856,0.351013,0.297181,0.612919,0.498705,0.420137,0.268282
0.754721,0.617928,0.760954,0.676329,0.533302,0.515978,0.266301,0.212852,0.49486,0.58356,0.349154,0.698655,0.726289,0.619783,0.671464,0.539055,0.72444,0.479963,0.705208,0.725465,0.826599,0.386834,0.609891,0.815428,0.389966,0.43859,0.532206,0.420874,0.309024,0.493921,0.158974,0.578307,0.709163,0.696374,0.738179,0.621195,0.128781,0.649942,0.747994,0.688404,0.489418,0.536549,0.755953,0.612212,0.778043,0.68443,0.714007,0.625278,0.255568,0.459099,0.399523,0.620914,0.553482,0.492504,0.569377,0.649237,0.594311,0.651102,0.667646,0.382695,0.284905,0.494947,1,0.829687,0.798973,0.595497,0.47114,0.736372,0.623963,0.534198,0.661365,0.639093,-0.00360996,0.22492,0.420963,0.649568,0.727405,0.524633,0.313607,0.24735,0.371664,0.822119,0.773756,0.415468,0.63355
0.81145,0.804581,0.884362,0.715334,0.661863,0.639479,0.452593,0.479615,0.512778,0.591882,0.509303,0.811455,0.832039,0.709606,0.762063,0.718382,0.762998,0.492871,0.721644,0.830292,0.8553,0.496787,0.675935,0.831372,0.266674,0.587489,0.572213,0.393405,0.354066,0.450563,0.213731,0.606511,0.783414,0.659495,0.777859,0.618109,0.140161,0.685055,0.815053,0.75796,0.304176,0.468198,0.874241,0.805049,0.871679,0.704887,0.742198,0.687466,0.193144,0.4998,0.361616,0.707179,0.710225,0.689289,0.744953,0.77477,0.613942,0.769204,0.70305,0.315145,0.270106,0.546135,0.829687,1,0.850528,0.512923,0.527378,0.771283,0.433046,0.60836,0.649607,0.628529,0.0548605,0.393894,0.469926,0.604986,0.725334,0.583586,0.293422,0.34135,0.438,0.860274,0.839395,0.47011,0.523874
0.786267,0.772087,0.84015,0.708137,0.674872,0.631652,0.49075,0.507353,0.625286,0.722686,0.465848,0.804805,0.818619,0.776177,0.726714,0.740545,0.805286,0.397395,0.657155,0.90489,0.865185,0.511606,0.645821,0.860798,0.371516,0.589902,0.478446,0.529147,0.486314,0.474298,0.164864,0.575756,0.753295,0.701671,0.701303,0.447353,0.00856351,0.588201,0.846791,0.799711,0.427577,0.594135,0.808951,0.792803,0.837895,0.708972,0.777346,0.733594,0.249766,0.483893,0.284164,0.753183,0.756065,0.558076,0.753727,0.805173,0.592569,0.855594,0.789831,0.225585,0.226667,0.539974,0.798973,0.850528,1,0.606349,0.551463,0.812718,0.490944,0.492389,0.74849,0.670541,0.223167,0.188924,0.57933,0.554516,0.74184,0.644877,0.328946,0.33549,0.533014,0.825158,0.805302,0.422731,0.742559
0.55666,0.489602,0.583667,0.473108,0.497338,0.372553,0.263467,0.287687,0.387295,0.535172,0.478333,0.548628,0.708552,0.547149,0.333797,0.431217,0.625169,0.18188,0.658974,0.474281,0.611726,0.39458,0.520246,0.608817,0.268882,0.209388,0.482573,0.579591,0.371576,0.463943,-0.0915564,0.321613,0.478442,0.512547,0.501489,0.351161,0.158828,0.53435,0.571167,0.56323,0.394036,0.489368,0.522027,0.490437,0.612848,0.638439,0.521458,0.352453,0.171996,0.101401,0.260743,0.489437,0.656733,0.393135,0.448437,0.58894,0.54988,0.556041,0.538394,0.3707,0.346326,0.333643,0.595497,0.512923,0.606349,1,0.323028,0.553107,0.497127,0.308151,0.502686,0.524813,0.101609,-0.029085,0.173992,0.417277,0.504654,0.500874,0.253414,0.129574,0.481138,0.563932,0.408582,0.205017,0.501582
0.715791,0.644279,0.689966,0.513206,0.626811,0.524498,0.591661,0.347931,0.716564,0.529425,0.449949,0.485824,0.641759,0.555166,0.642331,0.497359,0.638144,0.477453,0.544688,0.581021,0.594499,0.3756,0.721314,0.726689,0.180363,0.612505,0.574218,0.497287,0.34267,0.155081,0.36242,0.500332,0.571266,0.53746,0.478573,0.320052,0.16422,0.464346,0.57598,0.52329,0.361908,0.294144,0.657714,0.519899,0.727804,0.617959,0.716616,0.731278,0.351172,0.536696,0.233226,0.413977,0.434869,0.39867,0.563274,0.599532,0.734113,0.613553,0.536327,0.0785131,0.243952,0.532586,0.47114,0.527378,0.551463,0.323028,1,0.702499,0.324106,0.606796,0.64492,0.366518,0.036767,0.162304,0.545225,0.439155,0.551111,0.615117,0.262999,0.316764,0.0911789,0.640707,0.53764,0.595113,0.394724
0.906518,0.7322,0.872721,0.721452,0.765023,0.628586,0.436496,0.452863,0.700837,0.776543,0.59698,0.730268,0.784331,0.654821,0.719085,0.599581,0.756366,0.525074,0.690428,0.796118,0.878526,0.439885,0.736864,0.932443,0.464113,0.38969,0.640982,0.582072,0.595324,0.363473,0.228014,0.692835,0.771816,0.662268,0.754127,0.452145,0.14948,0.565407,0.770975,0.62499,0.345404,0.633901,0.790668,0.709812,0.902733,0.817015,0.814898,0.755848,0.241185,0.455525,0.281434,0.622733,0.786174,0.533905,0.70127,0.712764,0.772096,0.797082,0.726871,0.233608,0.137162,0.583799,0.736372,0.771283,0.812718,0.553107,0.702499,1,0.576586,0.696708,0.67009,0.583324,0.186257,0.277162,0.571916,0.584388,0.759972,0.748253,0.220111,0.276345,0.438757,0.831265,0.728132,0.639823,0.601715
0.628,0.341393,0.493502,0.523759,0.513832,0.345444,0.0794345,0.0482557,0.316313,0.563814,0.161647,0.435334,0.451244,0.364513,0.408716,0.238275,0.513892,0.483808,0.479358,0.340256,0.589583,0.161927,0.444222,0.573224,0.567368,0.19413,0.298532,0.406763,0.228308,0.184661,0.122626,0.382054,0.544669,0.384693,0.49354,0.369523,0.283537,0.378465,0.379488,0.339035,0.361736,0.44097,0.437518,0.34613,0.534099,0.623679,0.614767,0.515955,0.207889,0.248846,0.364231,0.573617,0.461624,0.199982,0.347191,0.43836,0.520966,0.469475,0.392598,0.307594,0.127206,0.36392,0.623963,0.433046,0.490944,0.497127,0.324106,0.576586,1,0.369481,0.527862,0.308748,-0.109154,0.097057,0.325622,0.452318,0.474372,0.421289,0.196347,-0.0284672,0.0983466,0.532731,0.381216,0.180671,0.357457
0.695314,0.55562,0.613776,0.382525,0.53752,0.288574,0.246706,0.365363,0.477111,0.555943,0.47797,0.402334,0.578452,0.421691,0.494557,0.409367,0.544541,0.470309,0.471572,0.549387,0.560301,0.347752,0.503455,0.59901,0.13383,0.340164,0.399053,0.586434,0.431426,0.395702,0.178453,0.59459,0.604825,0.614028,0.519714,0.485166,0.158378,0.55429,0.546239,0.4728,0.319703,0.490434,0.587887,0.497555,0.65969,0.546828,0.591669,0.457961,0.445627,0.440039,0.214232,0.299706,0.376559,0.265828,0.428848,0.533106,0.696451,0.524282,0.340459,0.185437,0.0956079,0.577977,0.534198,0.60836,0.492389,0.308151,0.606796,0.696708,0.369481,1,0.380804,0.405534,-0.0881555,0.185262,0.299031,0.402791,0.549719,0.648244,0.340551,0.187199,0.372609,0.571918,0.479917,0.426876,0.233461
0.723307,0.737939,0.765324,0.613246,0.608561,0.540682,0.487209,0.407763,0.61407,0.577014,0.277772,0.61957,0.739432,0.724928,0.667502,0.698698,0.777551,0.303593,0.632158,0.681791,0.673041,0.390428,0.652584,0.765788,0.404883,0.515199,0.529441,0.479831,0.226714,0.396823,0.165578,0.491339,0.597905,0.507539,0.616431,0.381683,0.124479,0.519912,0.708979,0.706432,0.387571,0.505964,0.706168,0.598749,0.753842,0.7003,0.781283,0.689159,0.273088,0.381252,0.472402,0.636712,0.575468,0.43418,0.636317,0.701721,0.562822,0.793066,0.662631,0.258021,0.174321,0.610051,0.661365,0.649607,0.74849,0.502686,0.64492,0.67009,0.527862,0.380804,1,0.653131,0.0491282,0.128861,0.4733,0.612875,0.591598,0.498036,0.488034,0.393706,0.231792,0.736987,0.640703,0.412434,0.652078
0.558277,0.579448,0.608083,0.415401,0.40769,0.321648,0.195377,0.317064,0.360249,0.369947,0.290913,0.530781,0.589141,0.596605,0.55001,0.517338,0.64374,0.187677,0.517803,0.718574,0.525092,0.200611,0.402394,0.581031,0.185972,0.340607,0.30031,0.456674,0.384548,0.663457,-0.0420053,0.402037,0.408634,0.454766,0.554919,0.410056,-0.0379421,0.417932,0.633589,0.609106,0.265293,0.545897,0.63654,0.50123,0.59565,0.591953,0.515606,0.491276,0.274992,0.246646,0.315942,0.566371,0.429597,0.366295,0.350676,0.549822,0.517266,0.54303,0.407966,0.200561,0.0560184,0.543282,0.639093,0.628529,0.670541,0.524813,0.366518,0.583324,0.308748,0.405534,0.653131,1,0.0766197,0.0287518,0.350519,0.539047,0.479161,0.506846,0.505275,0.301021,0.303978,0.632199,0.621753,0.247636,0.649038
-0.0349489,0.0207721,0.0482151,0.312997,0.177336,0.216275,0.37505,0.286542,0.155715,0.0917896,0.193606,0.107819,0.0791496,0.0474672,0.126256,0.258151,-0.0611087,0.0495416,-0.0895156,0.224019,0.140448,0.119202,0.0236938,0.171803,0.118164,-0.05647,0.0704552,-0.111954,0.56021,0.158189,-0.219374,0.27268,-0.0568017,0.175082,-0.0325578,-0.0969303,-0.166648,-0.0776573,0.0535983,0.0695919,0.225389,0.187612,0.0596121,0.178088,0.0569708,0.079653,-0.0806203,0.172574,-0.160569,-0.0365217,-0.252154,-0.00535543,0.181164,0.152978,0.0891424,0.0594159,0.105796,0.226061,0.11621,-0.249021,-0.0814836,-0.281809,-0.00360996,0.0548605,0.223167,0.101609,0.036767,0.186257,-0.109154,-0.0881555,0.0491282,0.0766197,1,-0.122198,0.144904,-0.117249,0.108302,0.064547,-0.273648,0.0721349,0.171928,0.00918432,0.143138,0.0177582,0.288033
0.25331,0.275391,0.324677,0.304908,0.0571003,0.518112,0.102271,0.138187,0.123635,0.125134,0.166819,0.175999,0.246661,0.0945996,0.328398,0.194196,0.070873,0.261064,0.279628,0.193732,0.326456,0.148975,0.369316,0.296122,0.139368,0.0696587,0.331203,-0.122459,0.0738259,-0.128096,0.298824,0.231441,0.334885,0.121664,0.272524,0.184851,-0.00425312,0.385033,0.15234,0.246058,0.00615471,0.236851,0.230614,0.257598,0.262147,0.157354,0.346619,0.280119,0.0828153,0.141204,0.143627,0.15684,0.283817,0.198215,0.384289,0.15665,0.157139,0.114165,0.218614,0.137746,-0.0160937,0.174617,0.22492,0.393894,0.188924,-0.029085,0.162304,0.277162,0.097057,0.185262,0.128861,0.0287518,-0.122198,1,0.273193,0.278439,0.262574,0.229005,-0.163473,0.312196,0.0278802,0.285487,0.372702,0.285684,0.142902
0.533877,0.51248,0.546572,0.430907,0.490923,0.469587,0.432968,0.106405,0.351685,0.514513,0.365234,0.441577,0.457892,0.504214,0.568644,0.470055,0.517254,0.267764,0.438765,0.559865,0.497731,0.324478,0.384755,0.575235,0.212594,0.461058,0.294136,0.298865,0.360535,0.0713915,0.262809,0.448544,0.59047,0.434176,0.30568,0.136131,-0.0425276,0.345604,0.59013,0.489766,0.226317,0.315508,0.573147,0.545928,0.550512,0.442821,0.523388,0.656747,0.333851,0.584764,0.160589,0.491139,0.481878,0.275857,0.526231,0.580057,0.414089,0.550742,0.506088,0.0247168,-0.0572422,0.313913,0.420963,0.469926,0.57933,0.173992,0.545225,0.571916,0.325622,0.299031,0.4733,0.350519,0.144904,0.273193,1,0.437597,0.587899,0.440761,-0.0171343,0.278207,0.369653,0.572811,0.62269,0.482892,0.584511
0.687291,0.573731,0.691567,0.569681,0.442924,0.499478,0.246513,0.133994,0.349084,0.400524,0.272699,0.614472,0.616891,0.534015,0.646051,0.486529,0.653015,0.2354,0.567633,0.582275,0.612157,0.318274,0.403672,0.627296,0.220433,0.223341,0.536594,0.310119,0.183076,0.288344,0.240593,0.541048,0.623064,0.429511,0.595636,0.488925,0.194806,0.585756,0.610432,0.596827,0.0644982,0.405137,0.535187,0.468832,0.665583,0.560138,0.600234,0.431746,0.299076,0.260956,0.489047,0.474887,0.478238,0.459468,0.574775,0.578042,0.451452,0.522742,0.558989,0.341644,0.0604152,0.521052,0.649568,0.604986,0.554516,0.417277,0.439155,0.584388,0.452318,0.402791,0.612875,0.539047,-0.117249,0.278439,0.437597,1,0.695039,0.419027,0.298017,0.46066,0.220387,0.740386,0.777574,0.374849,0.453681
0.726002,0.552864,0.766369,0.691873,0.584126,0.563955,0.435244,0.393663,0.48628,0.620472,0.51792,0.713779,0.712307,0.548048,0.631197,0.571335,0.658357,0.298457,0.616092,0.703309,0.783851,0.407709,0.548797,0.769616,0.251375,0.388597,0.561024,0.36897,0.455272,0.293501,0.281368,0.585552,0.739292,0.594705,0.636385,0.491006,0.0873249,0.580736,0.766133,0.656907,0.325096,0.48827,0.625253,0.560638,0.761261,0.656431,0.628339,0.598317,0.389375,0.459202,0.189419,0.478584,0.628368,0.479676,0.702502,0.679955,0.559979,0.678695,0.690456,0.258768,0.165776,0.38947,0.727405,0.725334,0.74184,0.504654,0.551111,0.759972,0.474372,0.549719,0.591598,0.479161,0.108302,0.262574,0.587899,0.695039,1,0.524864,0.188312,0.386629,0.454277,0.745314,0.78543,0.432148,0.615145
0.72295,0.655927,0.703584,0.560575,0.570653,0.544305,0.439321,0.508545,0.551696,0.61263,0.469421,0.510049,0.695214,0.554884,0.547486,0.507803,0.635376,0.350692,0.523087,0.668165,0.651103,0.283766,0.635502,0.674844,0.283533,0.413467,0.456693,0.550986,0.455743,0.421483,0.330979,0.490127,0.540049,0.571848,0.540201,0.17907,0.0682354,0.574846,0.618975,0.614864,0.399268,0.576595,0.67696,0.584614,0.69356,0.608029,0.645324,0.603118,0.377394,0.418409,0.320875,0.552804,0.564801,0.334176,0.543906,0.702122,0.688572,0.604192,0.523221,0.110914,0.129538,0.609435,0.524633,0.583586,0.644877,0.500874,0.615117,0.748253,0.421289,0.648244,0.498036,0.506846,0.064547,0.229005,0.440761,0.419027,0.524864,1,0.311296,0.109135,0.378892,0.603134,0.537363,0.460873,0.428291
0.326106,0.364389,0.389689,0.172676,0.232303,0.115603,0.169115,0.382146,0.215246,0.235765,-0.00864177,0.424695,0.406666,0.422611,0.225131,0.221224,0.479829,0.0240746,0.25522,0.376981,0.194903,0.174968,0.259096,0.228618,0.0751623,0.34911,0.0838569,0.449106,-0.099867,0.482951,-0.154978,-0.0532767,0.156569,0.226201,0.350664,0.328367,0.0234053,0.324884,0.426829,0.36536,0.227518,0.194692,0.383819,0.208374,0.327289,0.25568,0.383017,0.235142,0.182549,0.312353,0.400802,0.377949,0.15269,0.205364,0.183106,0.422191,0.334841,0.27122,0.195242,0.115275,0.19475,0.618856,0.313607,0.293422,0.328946,0.253414,0.262999,0.220111,0.196347,0.340551,0.488034,0.505275,-0.273648,-0.163473,-0.0171343,0.298017,0.188312,0.311296,1,0.33593,-0.0127806,0.326037,0.25653,0.223569,0.15009
0.211488,0.326021,0.349886,0.269647,0.266397,0.317242,0.177429,0.288264,0.24258,0.168503,-0.00646532,0.396042,0.377944,0.249774,0.304719,0.202343,0.308953,0.021314,0.210904,0.300943,0.293311,0.452658,0.143684,0.310988,0.112138,0.23642,0.184798,0.142255,0.148517,0.166139,0.17554,0.295335,0.330382,0.202944,0.278396,0.318685,-0.252954,0.332353,0.3684,0.350886,0.0989296,0.265263,0.182431,0.159578,0.283806,0.106831,0.354343,0.230084,-0.0532609,0.281045,0.0370749,0.114982,0.303769,0.265762,0.358963,0.301008,0.114815,0.249955,0.250057,0.147195,0.0808898,0.351013,0.24735,0.34135,0.33549,0.129574,0.316764,0.276345,-0.0284672,0.187199,0.393706,0.301021,0.0721349,0.312196,0.278207,0.46066,0.386629,0.109135,0.33593,1,0.00084175,0.333766,0.49802,0.391153,0.357053
0.378965,0.441123,0.449202,0.166551,0.31463,0.166665,0.235875,0.236841,0.194802,0.528177,0.490854,0.346048,0.481487,0.423466,0.214774,0.484727,0.431706,-0.135424,0.46967,0.451541,0.456202,0.438575,0.232581,0.403939,-0.0765203,0.107324,0.352469,0.505447,0.384799,0.399092,-0.154052,0.402979,0.458182,0.520455,0.274954,0.0687593,0.0554659,0.392874,0.589158,0.480402,0.192114,0.437022,0.422425,0.462352,0.457055,0.369981,0.315584,0.144288,0.357125,0.244876,0.0785819,0.252319,0.558226,0.23856,0.442824,0.512825,0.244461,0.520204,0.49444,0.155534,-0.089336,0.297181,0.371664,0.438,0.533014,0.481138,0.0911789,0.438757,0.0983466,0.372609,0.231792,0.303978,0.171928,0.0278802,0.369653,0.220387,0.454277,0.378892,-0.0127806,0.00084175,1,0.406412,0.374403,0.207549,0.404356
0.900767,0.818737,0.939694,0.742021,0.683612,0.649521,0.417995,0.345804,0.564558,0.7419,0.575331,0.837809,0.842347,0.809361,0.76915,0.703031,0.831048,0.437353,0.707859,0.838591,0.859077,0.440445,0.691788,0.89529,0.302588,0.505337,0.646907,0.509951,0.288049,0.370623,0.250896,0.608896,0.817368,0.677577,0.860109,0.545789,0.248173,0.686649,0.81567,0.817134,0.311177,0.410183,0.853804,0.798737,0.929726,0.796974,0.788066,0.688256,0.195013,0.468962,0.504875,0.721614,0.714619,0.71218,0.834101,0.783087,0.656124,0.791872,0.811013,0.478662,0.356923,0.612919,0.822119,0.860274,0.825158,0.563932,0.640707,0.831265,0.532731,0.571918,0.736987,0.632199,0.00918432,0.285487,0.572811,0.740386,0.745314,0.603134,0.326037,0.333766,0.406412,1,0.838202,0.565262,0.565035
0.740055,0.750454,0.81981,0.698197,0.543545,0.590395,0.39719,0.346433,0.443678,0.553338,0.453443,0.786673,0.728945,0.722233,0.723423,0.678044,0.687389,0.382779,0.572649,0.830276,0.755628,0.457456,0.483495,0.757624,0.248664,0.515174,0.527398,0.340368,0.389271,0.379069,0.227329,0.583379,0.738806,0.654126,0.715578,0.56011,0.101116,0.626383,0.766933,0.739137,0.204192,0.457206,0.736489,0.70841,0.798448,0.604302,0.706017,0.666939,0.23123,0.548038,0.277528,0.645471,0.621721,0.658393,0.725506,0.750108,0.499456,0.678597,0.688657,0.286579,0.20872,0.498705,0.773756,0.839395,0.805302,0.408582,0.53764,0.728132,0.381216,0.479917,0.640703,0.621753,0.143138,0.372702,0.62269,0.777574,0.78543,0.537363,0.25653,0.49802,0.374403,0.838202,1,0.536913,0.620659
0.57493,0.493018,0.590525,0.424497,0.534832,0.467477,0.316395,0.20688,0.542757,0.475103,0.42601,0.533781,0.487222,0.401634,0.44451,0.263633,0.485381,0.372311,0.482314,0.463192,0.513039,0.340525,0.494393,0.587982,0.244233,0.354533,0.485513,0.396304,0.268411,0.0395889,0.301595,0.366535,0.560801,0.356234,0.484559,0.326237,0.0278625,0.336055,0.603571,0.385742,0.0583977,0.169856,0.555377,0.41639,0.582082,0.41945,0.568536,0.48601,0.0849057,0.579403,0.141809,0.385854,0.481345,0.444828,0.487034,0.455868,0.439826,0.449503,0.461905,0.133812,0.157863,0.420137,0.415468,0.47011,0.422731,0.205017,0.595113,0.639823,0.180671,0.426876,0.412434,0.247636,0.0177582,0.285684,0.482892,0.374849,0.432148,0.460873,0.223569,0.391153,0.207549,0.565262,0.536913,1,0.31546
0.45649,0.508215,0.537868,0.476069,0.450463,0.519025,0.275934,0.234504,0.542303,0.535331,0.281944,0.440516,0.514298,0.50793,0.623899,0.52093,0.528757,0.205727,0.474815,0.656709,0.576003,0.368744,0.461986,0.660837,0.344,0.364631,0.305746,0.316757,0.518196,0.473715,0.111334,0.436161,0.510094,0.498729,0.453611,0.283292,-0.237822,0.306982,0.646117,0.635026,0.369365,0.521894,0.508569,0.493886,0.549854,0.521463,0.585552,0.592797,0.262601,0.281305,0.107971,0.492713,0.512028,0.185308,0.455001,0.521244,0.406079,0.591684,0.547212,0.168828,0.110701,0.268282,0.63355,0.523874,0.742559,0.501582,0.394724,0.601715,0.357457,0.233461,0.652078,0.649038,0.288033,0.142902,0.584511,0.453681,0.615145,0.428291,0.15009,0.357053,0.404356,0.565035,0.620659,0.31546,1