1,0.625285,0.842763,0.651639,0.676473,0.58545,0.350919,0.385772,0.649267,0.64977,0.632019,0.656644,0.699971,0.398716,0.742845,0.360195,0.790172,0.583418,0.538024,0.70481,0.728243,0.683036,0.735278,0.798205,0.522298,0.504588,0.655566,0.652307,0.580626,0.561656,0.202352,0.517989,0.78527,0.734297,0.580082,0.196772,0.353425,0.69032,0.469593,0.758733,0.536282,0.528187,0.88588,0.615075,0.869307,0.699637,0.745986,0.744233,0.436366,0.373301,0.564067,0.730439,0.773271,0.593916,0.717015,0.635327,0.452968,0.527161,0.753907,0.489176,-0.0427669,0.579148,0.511146,0.68934,0.594479,0.599833,0.597182,0.803618,0.31293,0.775611,0.799229,0.506083,0.287896,0.00760083,0.539855,0.75324,0.694702,0.635415,0.335026,0.51547,0.750426,0.650192,0.576123,0.391086,0.522472
0.625285,1,0.530155,0.238002,0.32621,0.588244,0.283823,0.110555,0.335599,0.320526,0.260588,0.235852,0.484533,0.832316,0.670314,0.841729,0.516041,0.207376,0.72159,0.604589,0.666387,0.255058,0.390607,0.35104,-0.0285494,-0.0355445,0.397701,0.18784,0.337177,0.115383,-0.0594466,0.408974,0.381096,0.562992,0.361057,0.0273338,0.335981,0.541029,0.572699,0.574973,0.644013,0.290921,0.515884,0.807056,0.486884,0.405867,0.430392,0.481151,0.46086,0.322685,0.173357,0.187011,0.305582,0.274102,0.434672,0.787044,0.307194,0.756006,0.262363,-0.0476205,-0.168537,0.287815,0.62503,0.69419,0.652422,0.34044,0.206305,0.335502,-0.032993,0.430776,0.512266,0.307678,0.114286,0.200319,0.528825,0.37556,0.510363,0.247432,0.0905563,0.236194,0.515561,0.652309,0.621275,0.203062,0.388836
0.842763,0.530155,1,0.76869,0.767622,0.639679,0.271106,0.291959,0.696364,0.747199,0.701832,0.74176,0.735186,0.320038,0.661133,0.348181,0.814069,0.694307,0.46442,0.786748,0.704623,0.622048,0.752679,0.833144,0.515695,0.380017,0.55642,0.460562,0.503065,0.502137,0.217972,0.311242,0.731411,0.687802,0.555707,0.0828626,0.406347,0.62901,0.316427,0.636069,0.515627,0.626964,0.836811,0.55606,0.937471,0.763743,0.707421,0.67374,0.415451,0.36718,0.55206,0.686831,0.756379,0.556508,0.67642,0.622246,0.425117,0.417944,0.683382,0.504745,0.0772693,0.573867,0.446222,0.678632,0.559549,0.488372,0.558118,0.869395,0.468331,0.8139,0.870783,0.543977,0.277669,0.0870522,0.550657,0.760642,0.697253,0.549968,0.422938,0.298726,0.631184,0.546842,0.545261,0.521222,0.461362
0.651639,0.238002,0.76869,1,0.745515,0.553649,0.0883056,0.282822,0.568943,0.80352,0.77638,0.779835,0.595063,0.074836,0.533994,0.116118,0.632206,0.541689,0.222322,0.514488,0.458293,0.520867,0.578443,0.708447,0.519818,0.469556,0.407163,0.32474,0.329403,0.483995,0.104811,0.0862281,0.585198,0.565822,0.470528,0.172597,0.186888,0.347689,0.0928531,0.440525,0.390423,0.546134,0.7415,0.320917,0.801265,0.758384,0.502583,0.451715,0.345766,0.159742,0.333125,0.744875,0.857446,0.441543,0.525606,0.344857,0.201997,0.247069,0.628062,0.564972,0.244145,0.301379,0.193431,0.397825,0.308709,0.620672,0.311821,0.702806,0.275881,0.635357,0.597752,0.321833,0.346005,0.118357,0.462235,0.692471,0.525072,0.535003,0.320601,0.167624,0.414452,0.263224,0.370809,0.515625,0.326976
0.676473,0.32621,0.767622,0.745515,1,0.669462,0.302648,0.12242,0.687473,0.771337,0.768899,0.686361,0.679741,0.242154,0.595803,0.272678,0.743466,0.618458,0.267149,0.666264,0.572854,0.55904,0.611323,0.795008,0.439105,0.463669,0.550627,0.457896,0.361228,0.425507,0.258478,0.168328,0.720872,0.66794,0.466874,0.34949,0.334391,0.350539,0.158392,0.59315,0.340105,0.479354,0.681703,0.392999,0.79749,0.607546,0.607729,0.602196,0.412482,0.474814,0.642872,0.687049,0.730444,0.483032,0.617842,0.475431,0.57651,0.3334,0.663256,0.650706,0.311281,0.549219,0.294867,0.527416,0.396407,0.641368,0.560381,0.822264,0.444545,0.737152,0.720514,0.537402,0.311935,0.057359,0.550768,0.787946,0.534471,0.463782,0.214157,0.266529,0.527366,0.346096,0.403483,0.534607,0.560492
0.58545,0.588244,0.639679,0.553649,0.669462,1,0.407452,0.249716,0.375688,0.568215,0.579456,0.501845,0.648447,0.431337,0.684756,0.525286,0.708855,0.368992,0.332448,0.621316,0.623938,0.447671,0.488997,0.607736,0.288572,0.287153,0.423167,0.312988,0.32974,0.381579,0.131315,0.321716,0.536793,0.640475,0.306602,0.165443,0.426569,0.38913,0.243196,0.526515,0.501085,0.294714,0.613404,0.515724,0.641363,0.628843,0.455991,0.479693,0.606941,0.403952,0.359726,0.416113,0.584281,0.507789,0.598004,0.510274,0.42506,0.492888,0.460399,0.322178,0.00682081,0.314995,0.407213,0.521922,0.44219,0.588097,0.269589,0.551592,0.190079,0.540171,0.593532,0.37892,0.381825,0.191774,0.486003,0.589574,0.406374,0.474031,0.00267297,-0.0216023,0.465972,0.466105,0.434884,0.535176,0.442971
0.350919,0.283823,0.271106,0.0883056,0.302648,0.407452,1,0.392132,0.212545,0.218007,0.23076,0.179305,0.410133,0.251556,0.345634,0.285573,0.428219,0.264562,0.118862,0.392123,0.281519,0.180507,0.518703,0.435741,0.0571216,0.327157,0.367617,0.312165,0.412084,0.296421,0.385043,0.326477,0.264427,0.306503,0.0656496,0.0954869,0.169996,0.0693118,0.0787455,0.225825,0.104548,0.0407055,0.319054,0.336013,0.324504,0.199849,0.220622,0.277366,0.460955,0.31844,0.357636,0.197964,0.184194,0.381525,0.362641,0.186482,0.52316,0.19372,0.237404,0.277932,-0.0654989,0.340932,0.0170242,0.232978,0.148408,0.21211,0.390674,0.384103,0.137826,0.308366,0.395436,0.188606,0.299883,0.138022,0.23948,0.43526,0.0408198,0.223207,0.0805811,0.0079691,0.347422,0.250517,0.106926,0.309177,0.204015
0.385772,0.110555,0.291959,0.282822,0.12242,0.249716,0.392132,1,0.0132167,0.171972,0.111932,0.273731,0.294163,0.0358194,0.0974966,0.000487706,0.310724,0.162008,-0.0782737,0.208046,0.0858644,0.102911,0.429795,0.423189,0.137604,0.228557,0.135026,0.327755,0.488292,0.481654,0.278759,0.212282,0.174629,0.064494,-0.0031144,0.105371,0.0709076,0.204338,-0.112172,0.0504683,0.0581686,0.0982028,0.290765,0.259744,0.340481,0.360777,0.14951,0.0979858,0.290082,0.337909,0.204858,0.344227,0.404569,0.240592,0.3203,0.00992671,0.182752,0.0928496,0.284191,0.125152,-0.0340983,0.148404,-0.091593,0.0707456,0.0119287,0.301106,0.36864,0.349019,0.0833876,0.292339,0.303153,0.0745618,0.152652,0.0877728,-0.00155176,0.416631,0.0489939,0.270451,0.360853,0.126052,0.383477,0.109134,0.0671142,0.389355,0.0150346
0.649267,0.335599,0.696364,0.568943,0.687473,0.375688,0.212545,0.0132167,1,0.636357,0.755242,0.61263,0.628699,0.244706,0.505043,0.21852,0.668149,0.563547,0.436059,0.65994,0.587262,0.615339,0.627451,0.689804,0.484145,0.239084,0.569913,0.492214,0.303433,0.280796,-0.00906137,0.259154,0.631983,0.541629,0.476239,0.314489,0.335032,0.477465,0.264255,0.563281,0.335886,0.537032,0.68244,0.336673,0.715877,0.415056,0.533033,0.593364,0.20978,0.282463,0.526155,0.719571,0.601937,0.371992,0.536304,0.563381,0.402119,0.268279,0.594921,0.646227,0.273078,0.62882,0.406143,0.579598,0.495478,0.483971,0.5372,0.689666,0.369954,0.695709,0.641461,0.501468,0.181721,-0.0262918,0.349734,0.697614,0.587191,0.526683,0.248506,0.339176,0.516426,0.40363,0.380577,0.299871,0.447424
0.64977,0.320526,0.747199,0.80352,0.771337,0.568215,0.218007,0.171972,0.636357,1,0.844098,0.762831,0.710384,0.117276,0.511758,0.181514,0.681085,0.577964,0.29417,0.643852,0.613323,0.611119,0.600871,0.757624,0.557249,0.422557,0.489773,0.442835,0.417529,0.451895,0.0253824,0.12641,0.571232,0.664515,0.627935,0.287033,0.100222,0.335603,0.251745,0.604452,0.354204,0.569225,0.735783,0.360922,0.793096,0.694247,0.564963,0.570116,0.307863,0.232203,0.49934,0.814617,0.801161,0.514403,0.656562,0.461774,0.329963,0.295636,0.705682,0.702399,0.273848,0.397881,0.200116,0.523609,0.432488,0.73563,0.405863,0.766405,0.334312,0.749655,0.622233,0.249122,0.331818,0.158127,0.45662,0.704746,0.549454,0.480237,0.130277,0.0954408,0.577417,0.355374,0.452997,0.544287,0.401839
0.632019,0.260588,0.701832,0.77638,0.768899,0.579456,0.23076,0.111932,0.755242,0.844098,1,0.719545,0.766432,0.0644072,0.470716,0.18143,0.717149,0.579796,0.274987,0.688097,0.617209,0.568676,0.627826,0.771294,0.547954,0.344592,0.569085,0.486608,0.28794,0.512584,0.0872459,0.174088,0.677681,0.624288,0.493876,0.32559,0.216809,0.372441,0.22248,0.672863,0.424377,0.606195,0.754419,0.333101,0.755909,0.613351,0.601585,0.605755,0.321671,0.236508,0.562497,0.809088,0.787149,0.520367,0.679631,0.41492,0.453909,0.31318,0.762839,0.703944,0.307576,0.509324,0.235081,0.527272,0.447754,0.682318,0.533037,0.754926,0.364996,0.740416,0.602302,0.417013,0.366355,0.0688052,0.438058,0.748701,0.512421,0.641727,0.132362,0.175227,0.552749,0.391399,0.394953,0.502754,0.470278
0.656644,0.235852,0.74176,0.779835,0.686361,0.501845,0.179305,0.273731,0.61263,0.762831,0.719545,1,0.764767,-0.0571811,0.473184,0.0651619,0.733789,0.518216,0.225555,0.550167,0.435581,0.603322,0.65371,0.760955,0.696785,0.454426,0.414259,0.461323,0.39775,0.375367,0.0851116,0.198829,0.702873,0.548881,0.501744,0.117264,0.145651,0.435514,0.0905038,0.484545,0.280857,0.617139,0.748372,0.207899,0.76406,0.675073,0.575504,0.438713,0.290821,0.166365,0.42652,0.707967,0.774218,0.69871,0.681947,0.256339,0.153842,0.146317,0.672046,0.633138,0.329336,0.319039,0.197391,0.422201,0.25944,0.611384,0.430513,0.778532,0.212793,0.719384,0.593897,0.360571,0.471323,-0.0806977,0.43694,0.675116,0.404916,0.496787,0.370213,0.137644,0.54597,0.236019,0.323032,0.406486,0.207939
0.699971,0.484533,0.735186,0.595063,0.679741,0.648447,0.410133,0.294163,0.628699,0.710384,0.766432,0.764767,1,0.215324,0.55711,0.332356,0.906617,0.541204,0.365489,0.799943,0.672425,0.596312,0.723302,0.842564,0.569006,0.304221,0.588155,0.530301,0.435267,0.435099,0.149123,0.400319,0.695748,0.636725,0.478766,0.289142,0.310123,0.598159,0.295553,0.728464,0.472503,0.690048,0.772402,0.473051,0.7691,0.57692,0.664675,0.544354,0.392715,0.374522,0.60601,0.694105,0.660266,0.771532,0.879227,0.463568,0.481357,0.369796,0.777955,0.589272,0.174719,0.608836,0.323076,0.666438,0.5413,0.642329,0.614713,0.806992,0.166115,0.785206,0.710578,0.453306,0.36909,0.0449485,0.48372,0.737957,0.515776,0.577408,0.221801,0.206992,0.731481,0.522449,0.480102,0.466292,0.489204
0.398716,0.832316,0.320038,0.074836,0.242154,0.431337,0.251556,0.0358194,0.244706,0.117276,0.0644072,-0.0571811,0.215324,1,0.520098,0.75905,0.30051,0.0616994,0.678517,0.453341,0.581441,0.0996022,0.20492,0.116543,-0.307359,-0.155454,0.417887,0.0077551,0.268054,-0.0596732,-0.178356,0.357961,0.186822,0.443576,0.165727,0.110365,0.426066,0.349169,0.600005,0.403051,0.527872,0.105194,0.284569,0.759492,0.285061,0.204283,0.219381,0.357225,0.408243,0.371091,0.0933731,-0.0212827,0.0948792,-0.0283474,0.153579,0.803013,0.368018,0.719979,0.00277469,-0.132649,-0.1626,0.268051,0.671508,0.662874,0.673496,0.192543,0.102141,0.111137,-0.0135346,0.234725,0.427721,0.335724,-0.051497,0.351355,0.40292,0.29229,0.489262,0.129529,0.0540491,0.235903,0.324428,0.658555,0.630787,0.128408,0.432769
0.742845,0.670314,0.661133,0.533994,0.595803,0.684756,0.345634,0.0974966,0.505043,0.511758,0.470716,0.473184,0.55711,0.520098,1,0.579776,0.687992,0.394305,0.603944,0.601509,0.691211,0.574501,0.644354,0.611129,0.322536,0.476726,0.598078,0.483368,0.342198,0.319791,0.248253,0.559205,0.669885,0.752292,0.439851,0.0893543,0.361692,0.501046,0.517252,0.59798,0.693258,0.296142,0.684998,0.547655,0.703594,0.543571,0.478177,0.651404,0.607166,0.286398,0.335105,0.389048,0.55561,0.499073,0.60861,0.607542,0.462069,0.582179,0.490062,0.352414,-0.145813,0.442518,0.516993,0.662335,0.581174,0.427837,0.342773,0.565441,0.0442634,0.575138,0.653039,0.408165,0.411034,0.127387,0.567396,0.548069,0.507733,0.534672,0.234442,0.301717,0.462185,0.602931,0.495599,0.323074,0.470046
0.360195,0.841729,0.348181,0.116118,0.272678,0.525286,0.285573,0.000487706,0.21852,0.181514,0.18143,0.0651619,0.332356,0.75905,0.579776,1,0.352445,0.179258,0.624959,0.559173,0.622525,0.135661,0.395114,0.19416,-0.223725,-0.111089,0.417786,0.0955675,0.168665,-0.0329901,0.0285192,0.35254,0.275217,0.494616,0.258378,-0.00278343,0.21985,0.188441,0.569444,0.429094,0.571432,0.133962,0.313416,0.744008,0.300681,0.251513,0.224223,0.399764,0.435386,0.255533,0.136772,0.00715554,0.156719,0.122431,0.32079,0.71849,0.381554,0.833866,0.103791,-0.140888,0.0138848,0.235307,0.522284,0.609514,0.622219,0.192966,0.182119,0.147678,-0.00440961,0.351719,0.344078,0.325117,0.226044,0.311493,0.602732,0.285611,0.305859,0.119297,0.0600592,0.0505211,0.308678,0.571852,0.44962,0.207343,0.413535
0.790172,0.516041,0.814069,0.632206,0.743466,0.708855,0.428219,0.310724,0.668149,0.681085,0.717149,0.733789,0.906617,0.30051,0.687992,0.352445,1,0.620149,0.475013,0.796976,0.72907,0.703377,0.768606,0.882784,0.548679,0.390437,0.665367,0.609134,0.471936,0.525639,0.244236,0.471306,0.752735,0.719668,0.513784,0.240263,0.491292,0.6302,0.335081,0.694994,0.529344,0.6722,0.796168,0.504076,0.827558,0.56934,0.662342,0.590761,0.475955,0.425146,0.567999,0.681133,0.676531,0.752286,0.859885,0.558586,0.514565,0.387237,0.770485,0.564022,0.112006,0.642295,0.418191,0.66449,0.561451,0.624711,0.611383,0.811189,0.237178,0.800243,0.812134,0.538188,0.393319,0.0027816,0.504469,0.805231,0.579571,0.635141,0.202827,0.279843,0.712357,0.557836,0.556333,0.476846,0.49332
0.583418,0.207376,0.694307,0.541689,0.618458,0.368992,0.264562,0.162008,0.563547,0.577964,0.579796,0.518216,0.541204,0.0616994,0.394305,0.179258,0.620149,1,0.159464,0.709697,0.540364,0.526424,0.717119,0.75119,0.395845,0.41832,0.457177,0.511709,0.401508,0.47642,0.305069,0.161956,0.645841,0.45895,0.381286,0.175698,0.392287,0.338801,0.291677,0.579652,0.256601,0.487589,0.59651,0.418803,0.767443,0.603559,0.643942,0.631182,0.201818,0.375194,0.697773,0.657157,0.653091,0.507492,0.614324,0.405057,0.542836,0.306456,0.757481,0.551957,0.345996,0.759868,0.0603392,0.446116,0.383917,0.356355,0.548297,0.742945,0.52256,0.684078,0.660598,0.462371,0.151992,0.0587157,0.411683,0.662656,0.557524,0.327744,0.454737,0.29771,0.446877,0.327137,0.279641,0.5426,0.393143
0.538024,0.72159,0.46442,0.222322,0.267149,0.332448,0.118862,-0.0782737,0.436059,0.29417,0.274987,0.225555,0.365489,0.678517,0.603944,0.624959,0.475013,0.159464,1,0.526222,0.720034,0.490249,0.376966,0.251853,0.0614795,0.0399168,0.643964,0.296527,0.27212,0.123607,-0.0847205,0.590347,0.422377,0.692987,0.441283,0.00258321,0.322105,0.535814,0.716455,0.503308,0.610306,0.318875,0.523521,0.573066,0.433067,0.281845,0.277149,0.533568,0.372023,0.11371,0.104851,0.162207,0.267861,0.0993707,0.365766,0.790223,0.191828,0.657738,0.211335,0.120492,-0.173531,0.284066,0.77949,0.705705,0.776048,0.285138,0.219312,0.220012,0.0202067,0.449778,0.524354,0.46961,0.168791,0.10987,0.497668,0.356402,0.676935,0.427736,0.0262054,0.42089,0.505681,0.732234,0.723857,-0.128498,0.51893
0.70481,0.604589,0.786748,0.514488,0.666264,0.621316,0.392123,0.208046,0.65994,0.643852,0.688097,0.550167,0.799943,0.453341,0.601509,0.559173,0.796976,0.709697,0.526222,1,0.851672,0.582429,0.768762,0.784999,0.350471,0.183347,0.700056,0.500945,0.376997,0.413032,0.15908,0.425319,0.706122,0.673738,0.505494,0.287111,0.440242,0.541758,0.48626,0.795601,0.543322,0.583986,0.745059,0.691727,0.809611,0.60566,0.735658,0.751733,0.379992,0.551107,0.688848,0.61815,0.660924,0.534175,0.790885,0.721513,0.658383,0.607397,0.711347,0.502796,0.155729,0.744055,0.491499,0.83829,0.766504,0.50709,0.660885,0.780425,0.400269,0.818978,0.784822,0.64176,0.298516,0.24559,0.625467,0.756099,0.688758,0.50974,0.339468,0.376401,0.651849,0.6976,0.572205,0.522829,0.621104
0.728243,0.666387,0.704623,0.458293,0.572854,0.623938,0.281519,0.0858644,0.587262,0.613323,0.617209,0.435581,0.672425,0.581441,0.691211,0.622525,0.72907,0.540364,0.720034,0.851672,1,0.680943,0.662136,0.613576,0.281986,0.222274,0.839636,0.479921,0.431093,0.33576,0.0439012,0.608814,0.666434,0.862633,0.652278,0.19446,0.393999,0.530766,0.775767,0.839742,0.612229,0.510527,0.750744,0.734574,0.711322,0.573717,0.613451,0.748571,0.397955,0.312954,0.573488,0.520518,0.577955,0.444342,0.715577,0.842552,0.550325,0.789485,0.62826,0.412585,0.0743845,0.638056,0.687412,0.918512,0.908566,0.525676,0.526936,0.595796,0.307784,0.749115,0.760251,0.584534,0.347039,0.370981,0.649765,0.656911,0.741913,0.616002,0.164163,0.345387,0.705779,0.891963,0.750014,0.385853,0.66819
0.683036,0.255058,0.622048,0.520867,0.55904,0.447671,0.180507,0.102911,0.615339,0.611119,0.568676,0.603322,0.596312,0.0996022,0.574501,0.135661,0.703377,0.526424,0.490249,0.582429,0.680943,1,0.590903,0.633635,0.590559,0.518638,0.688368,0.698164,0.45461,0.38123,0.116647,0.482122,0.680423,0.712127,0.656539,0.249926,0.340975,0.506954,0.414798,0.568187,0.302393,0.510798,0.685904,0.222796,0.669949,0.475813,0.54306,0.594954,0.167828,0.0936892,0.505057,0.645923,0.615749,0.520065,0.65385,0.490055,0.228292,0.293483,0.677692,0.606155,0.131182,0.522849,0.428893,0.563883,0.545963,0.583922,0.451012,0.600963,0.361243,0.669086,0.632077,0.4099,0.399272,-0.0143643,0.453441,0.601878,0.556477,0.644641,0.0745301,0.38342,0.537998,0.527652,0.465277,0.198082,0.478533
0.735278,0.390607,0.752679,0.578443,0.611323,0.488997,0.518703,0.429795,0.627451,0.600871,0.627826,0.65371,0.723302,0.20492,0.644354,0.395114,0.768606,0.717119,0.376966,0.768762,0.662136,0.590903,1,0.829151,0.441656,0.470617,0.698899,0.651909,0.530391,0.508767,0.391,0.47573,0.722118,0.594949,0.462101,0.136274,0.245643,0.382545,0.393767,0.566783,0.457895,0.476565,0.736497,0.52509,0.806553,0.602553,0.568277,0.679459,0.429666,0.350901,0.619132,0.644423,0.698848,0.64039,0.776687,0.470547,0.599594,0.473207,0.720718,0.526969,0.215845,0.655741,0.254414,0.614421,0.525337,0.489199,0.758971,0.767199,0.33888,0.764656,0.729403,0.530484,0.462911,0.113552,0.531284,0.775783,0.479303,0.524468,0.521269,0.277371,0.591905,0.516617,0.357498,0.494836,0.436084
0.798205,0.35104,0.833144,0.708447,0.795008,0.607736,0.435741,0.423189,0.689804,0.757624,0.771294,0.760955,0.842564,0.116543,0.611129,0.19416,0.882784,0.75119,0.251853,0.784999,0.613576,0.633635,0.829151,1,0.587188,0.549813,0.574965,0.676244,0.457161,0.638986,0.389179,0.311878,0.765718,0.599888,0.48567,0.322826,0.33769,0.537225,0.185224,0.677672,0.391496,0.596253,0.780127,0.423728,0.896608,0.660627,0.728824,0.661305,0.434371,0.497435,0.709621,0.79396,0.80811,0.698726,0.844776,0.418383,0.562693,0.279136,0.850208,0.63679,0.16837,0.702287,0.172256,0.552499,0.416554,0.611806,0.69263,0.93799,0.353072,0.816553,0.782286,0.453993,0.326339,0.00201564,0.414603,0.838005,0.527829,0.644884,0.412233,0.386819,0.679389,0.392666,0.351637,0.563096,0.440131
0.522298,-0.0285494,0.515695,0.519818,0.439105,0.288572,0.0571216,0.137604,0.484145,0.557249,0.547954,0.696785,0.569006,-0.307359,0.322536,-0.223725,0.548679,0.395845,0.0614795,0.350471,0.281986,0.590559,0.441656,0.587188,1,0.503255,0.3444,0.564725,0.318193,0.405003,0.00102365,0.271602,0.559736,0.349837,0.389913,0.306447,0.142546,0.363254,0.0294323,0.43507,0.0901906,0.404045,0.669237,-0.0433018,0.591312,0.517154,0.506282,0.358699,0.0438801,0.00473792,0.334923,0.657699,0.642827,0.530482,0.532241,0.0881917,0.0789368,-0.0634511,0.642887,0.677742,0.0929307,0.317691,0.187334,0.221516,0.184839,0.411846,0.345408,0.592151,0.238385,0.474747,0.394948,0.368805,0.343957,-0.164212,0.152926,0.519373,0.360304,0.459471,0.249601,0.170343,0.38938,0.172297,0.18899,0.243061,0.293106
0.504588,-0.0355445,0.380017,0.469556,0.463669,0.287153,0.327157,0.228557,0.239084,0.422557,0.344592,0.454426,0.304221,-0.155454,0.476726,-0.111089,0.390437,0.41832,0.0399168,0.183347,0.222274,0.518638,0.470617,0.549813,0.503255,1,0.419211,0.599597,0.370141,0.413285,0.538412,0.182914,0.516645,0.455952,0.361149,0.169889,0.0194872,0.0898382,0.132171,0.3128,-0.0727885,0.193536,0.461729,0.0203038,0.519597,0.46749,0.311453,0.339128,0.44543,0.131882,0.335519,0.398067,0.552896,0.444869,0.408411,0.01361,0.194564,0.0775489,0.528773,0.411393,-0.0123208,0.30564,-0.054655,0.10607,0.0887684,0.415162,0.295964,0.488214,0.176879,0.405481,0.455001,0.199124,0.330126,-0.117139,0.23889,0.477938,0.154643,0.433274,0.247161,0.259552,0.244924,0.121967,0.0922973,0.249106,0.253163
0.655566,0.397701,0.55642,0.407163,0.550627,0.423167,0.367617,0.135026,0.569913,0.489773,0.569085,0.414259,0.588155,0.417887,0.598078,0.417786,0.665367,0.457177,0.643964,0.700056,0.839636,0.688368,0.698899,0.574965,0.3444,0.419211,1,0.594473,0.440059,0.326658,0.147846,0.620278,0.698674,0.792728,0.566176,0.289685,0.316033,0.388212,0.695643,0.699077,0.427307,0.469925,0.70342,0.549442,0.612706,0.427718,0.49302,0.695374,0.408662,0.27197,0.57226,0.470675,0.541683,0.393869,0.622771,0.658802,0.567468,0.632977,0.581028,0.488394,0.0843696,0.631232,0.609801,0.771992,0.800889,0.506012,0.633959,0.545534,0.367774,0.657124,0.700784,0.648875,0.420888,0.289535,0.569709,0.701782,0.623467,0.634207,0.213147,0.432026,0.5841,0.796688,0.688704,0.25864,0.693637
0.652307,0.18784,0.460562,0.32474,0.457896,0.312988,0.312165,0.327755,0.492214,0.442835,0.486608,0.461323,0.530301,0.0077551,0.483368,0.0955675,0.609134,0.511709,0.296527,0.500945,0.479921,0.698164,0.651909,0.676244,0.564725,0.599597,0.594473,1,0.439201,0.630378,0.382959,0.501664,0.683645,0.501058,0.345075,0.474169,0.387502,0.368485,0.281386,0.525508,0.260384,0.268006,0.564861,0.168714,0.593579,0.404721,0.481525,0.629667,0.273319,0.323302,0.602588,0.598374,0.607493,0.440896,0.671165,0.332387,0.421616,0.257114,0.715179,0.571011,0.0143175,0.591968,0.204994,0.343103,0.38112,0.552666,0.624142,0.567575,0.283108,0.553634,0.513367,0.394393,0.349769,-0.195093,0.17968,0.618056,0.353954,0.619118,0.212014,0.504444,0.526371,0.376159,0.233444,0.231466,0.45924
0.580626,0.337177,0.503065,0.329403,0.361228,0.32974,0.412084,0.488292,0.303433,0.417529,0.28794,0.39775,0.435267,0.268054,0.342198,0.168665,0.471936,0.401508,0.27212,0.376997,0.431093,0.45461,0.530391,0.457161,0.318193,0.370141,0.440059,0.439201,1,0.352361,0.133605,0.306945,0.402137,0.506367,0.438395,0.129067,0.20615,0.320358,0.367975,0.383249,0.122882,0.320276,0.524792,0.385779,0.527195,0.398183,0.326764,0.364869,0.233658,0.142968,0.338249,0.443136,0.447205,0.356382,0.376049,0.387643,0.258529,0.298535,0.456736,0.310342,0.0896991,0.368959,0.268311,0.415211,0.362457,0.407233,0.395776,0.46346,0.384527,0.467397,0.509223,0.307386,0.189367,0.152149,0.345912,0.516208,0.42189,0.220014,0.235992,0.121435,0.567362,0.430292,0.530481,0.268678,0.319852
0.561656,0.115383,0.502137,0.483995,0.425507,0.381579,0.296421,0.481654,0.280796,0.451895,0.512584,0.375367,0.435099,-0.0596732,0.319791,-0.0329901,0.525639,0.47642,0.123607,0.413032,0.33576,0.38123,0.508767,0.638986,0.405003,0.413285,0.326658,0.630378,0.352361,1,0.407971,0.318466,0.413714,0.369348,0.203256,0.302423,0.326979,0.261373,0.0376965,0.374572,0.347201,0.270568,0.490864,0.192261,0.571744,0.44245,0.430629,0.458002,0.322039,0.276672,0.381964,0.576141,0.587908,0.275968,0.535018,0.203069,0.361337,0.113322,0.617762,0.458817,-0.0335965,0.416293,0.00298824,0.135068,0.169638,0.428555,0.490561,0.527462,0.238204,0.452854,0.467175,0.316314,0.32427,-0.206462,-0.00627561,0.574044,0.337201,0.519034,0.106667,0.335063,0.446242,0.228202,0.170494,0.389787,0.250107
0.202352,-0.0594466,0.217972,0.104811,0.258478,0.131315,0.385043,0.278759,-0.00906137,0.0253824,0.0872459,0.0851116,0.149123,-0.178356,0.248253,0.0285192,0.244236,0.305069,-0.0847205,0.15908,0.0439012,0.116647,0.391,0.389179,0.00102365,0.538412,0.147846,0.382959,0.133605,0.407971,1,0.121199,0.30728,0.199844,0.0954083,-0.0703772,0.0558557,-0.0465852,-0.113977,0.047948,-0.046519,-0.0156133,0.0436108,0.0126661,0.246641,0.122211,0.0360819,0.184168,0.43249,0.303747,0.349399,0.0361476,0.139682,0.263712,0.328489,-0.156788,0.35808,0.0316047,0.305925,0.051933,-0.0230574,0.287284,-0.281545,-0.0333698,-0.102362,0.0841719,0.432727,0.316958,0.104572,0.264291,0.316115,0.194507,0.234551,-0.165237,0.162037,0.197198,-0.133974,0.261311,0.245029,0.217461,0.128561,-0.0601474,-0.198789,0.205185,0.0787112
0.517989,0.408974,0.311242,0.0862281,0.168328,0.321716,0.326477,0.212282,0.259154,0.12641,0.174088,0.198829,0.400319,0.357961,0.559205,0.35254,0.471306,0.161956,0.590347,0.425319,0.608814,0.482122,0.47573,0.311878,0.271602,0.182914,0.620278,0.501664,0.306945,0.318466,0.121199,1,0.486706,0.57727,0.290662,0.11623,0.330297,0.463651,0.610234,0.476498,0.554907,0.0243155,0.48159,0.384152,0.368101,0.295638,0.266038,0.573823,0.312795,0.125903,0.302768,0.214764,0.265341,0.315813,0.539708,0.448128,0.387197,0.520131,0.365376,0.349514,-0.153549,0.383758,0.588109,0.572474,0.584067,0.277329,0.460429,0.264,-0.0928945,0.364422,0.436003,0.51686,0.364183,0.135076,0.31182,0.326548,0.458346,0.544311,0.195825,0.361922,0.575097,0.701432,0.403476,0.0489922,0.515019
0.78527,0.381096,0.731411,0.585198,0.720872,0.536793,0.264427,0.174629,0.631983,0.571232,0.677681,0.702873,0.695748,0.186822,0.669885,0.275217,0.752735,0.645841,0.422377,0.706122,0.666434,0.680423,0.722118,0.765718,0.559736,0.516645,0.698674,0.683645,0.402137,0.413714,0.30728,0.486706,1,0.69793,0.484906,0.247344,0.435034,0.598407,0.420937,0.718375,0.451338,0.484257,0.79802,0.437931,0.8075,0.673513,0.661223,0.763714,0.41778,0.404429,0.727206,0.605456,0.757134,0.607187,0.732378,0.478299,0.53435,0.450079,0.776498,0.610524,0.19455,0.653718,0.448493,0.646325,0.53664,0.539828,0.651013,0.798121,0.400291,0.742931,0.744165,0.674456,0.451865,0.0682468,0.587378,0.747093,0.610093,0.641292,0.427297,0.510975,0.608371,0.555425,0.496898,0.328053,0.520269
0.734297,0.562992,0.687802,0.565822,0.66794,0.640475,0.306503,0.064494,0.541629,0.664515,0.624288,0.548881,0.636725,0.443576,0.752292,0.494616,0.719668,0.45895,0.692987,0.673738,0.862633,0.712127,0.594949,0.599888,0.349837,0.455952,0.792728,0.501058,0.506367,0.369348,0.199844,0.57727,0.69793,1,0.707864,0.134928,0.273403,0.458332,0.66622,0.735961,0.502936,0.467991,0.763889,0.579118,0.708254,0.555126,0.457146,0.671237,0.57834,0.266042,0.469495,0.517608,0.60713,0.445021,0.671125,0.710029,0.404408,0.652172,0.593899,0.511104,0.065427,0.505762,0.62447,0.760699,0.742771,0.594261,0.414133,0.59328,0.24964,0.730956,0.740171,0.535849,0.459529,0.231207,0.650301,0.630454,0.672574,0.621106,0.0984683,0.287081,0.710879,0.740413,0.716584,0.305723,0.642665
0.580082,0.361057,0.555707,0.470528,0.466874,0.306602,0.0656496,-0.0031144,0.476239,0.627935,0.493876,0.501744,0.478766,0.165727,0.439851,0.258378,0.513784,0.381286,0.441283,0.505494,0.652278,0.656539,0.462101,0.48567,0.389913,0.361149,0.566176,0.345075,0.438395,0.203256,0.0954083,0.290662,0.484906,0.707864,1,0.0792812,-0.0854752,0.359879,0.497161,0.571295,0.173248,0.447253,0.564996,0.389894,0.532078,0.3578,0.379548,0.489884,0.23274,0.106667,0.333407,0.488059,0.498128,0.377392,0.520275,0.506398,0.0799104,0.410612,0.557935,0.338885,0.238282,0.321332,0.4509,0.585042,0.537727,0.550372,0.366048,0.511218,0.303722,0.622304,0.547958,0.296029,0.354296,0.252668,0.597429,0.48372,0.49623,0.386096,0.0945398,0.252667,0.611574,0.475647,0.544042,0.205465,0.353973
0.196772,0.0273338,0.0828626,0.172597,0.34949,0.165443,0.0954869,0.105371,0.314489,0.287033,0.32559,0.117264,0.289142,0.110365,0.0893543,-0.00278343,0.240263,0.175698,0.00258321,0.287111,0.19446,0.249926,0.136274,0.322826,0.306447,0.169889,0.289685,0.474169,0.129067,0.302423,-0.0703772,0.11623,0.247344,0.134928,0.0792812,1,0.365219,0.0763148,0.0231767,0.335067,-0.00612419,0.0645439,0.246845,0.110034,0.25884,0.161377,0.284827,0.199999,0.0219445,0.39576,0.32895,0.384526,0.363633,-0.073667,0.250234,0.255885,0.273769,0.0538047,0.359216,0.40811,0.0511411,0.400664,0.14436,0.170189,0.291314,0.426135,0.242979,0.26035,0.144984,0.104347,0.10357,0.247931,0.20517,0.117063,-0.0514639,0.411202,0.22543,0.213432,-0.0192695,0.349279,0.162218,0.19228,0.162196,0.172758,0.371835
0.353425,0.335981,0.406347,0.186888,0.334391,0.426569,0.169996,0.0709076,0.335032,0.100222,0.216809,0.145651,0.310123,0.426066,0.361692,0.21985,0.491292,0.392287,0.322105,0.440242,0.393999,0.340975,0.245643,0.33769,0.142546,0.0194872,0.316033,0.387502,0.20615,0.326979,0.0558557,0.330297,0.435034,0.273403,-0.0854752,0.365219,1,0.444455,0.164514,0.336042,0.392704,0.176298,0.299815,0.29623,0.41927,0.316487,0.366343,0.33931,0.14511,0.341739,0.356496,0.16774,0.233463,0.164946,0.279254,0.457045,0.403066,0.242339,0.294182,0.228018,-0.127733,0.510299,0.391577,0.360242,0.386773,0.194166,0.231224,0.297559,0.267595,0.207191,0.476759,0.468758,0.074607,0.0546975,0.0952976,0.409827,0.417639,0.339349,0.102178,0.30729,0.195066,0.404208,0.385126,0.296372,0.346585
0.69032,0.541029,0.62901,0.347689,0.350539,0.38913,0.0693118,0.204338,0.477465,0.335603,0.372441,0.435514,0.598159,0.349169,0.501046,0.188441,0.6302,0.338801,0.535814,0.541758,0.530766,0.506954,0.382545,0.537225,0.363254,0.0898382,0.388212,0.368485,0.320358,0.261373,-0.0465852,0.463651,0.598407,0.458332,0.359879,0.0763148,0.444455,1,0.366782,0.610224,0.538492,0.467685,0.621393,0.42552,0.591577,0.417795,0.599218,0.561746,0.176069,0.282131,0.413272,0.401017,0.411881,0.4519,0.502482,0.487168,0.228925,0.264394,0.480717,0.277301,-0.303431,0.483907,0.560256,0.620871,0.510073,0.305921,0.363711,0.584707,0.213045,0.486675,0.602414,0.326953,-0.0220722,0.0360112,0.315011,0.40816,0.673036,0.485307,0.232101,0.546491,0.642478,0.568351,0.567656,0.0699157,0.352137
0.469593,0.572699,0.316427,0.0928531,0.158392,0.243196,0.0787455,-0.112172,0.264255,0.251745,0.22248,0.0905038,0.295553,0.600005,0.517252,0.569444,0.335081,0.291677,0.716455,0.48626,0.775767,0.414798,0.393767,0.185224,0.0294323,0.132171,0.695643,0.281386,0.367975,0.0376965,-0.113977,0.610234,0.420937,0.66622,0.497161,0.0231767,0.164514,0.366782,1,0.651757,0.508259,0.259066,0.45421,0.631133,0.336504,0.279714,0.32586,0.587604,0.282693,0.0620314,0.264574,0.157858,0.242342,0.179985,0.363736,0.718799,0.346198,0.762925,0.325234,0.118782,-0.0393727,0.428098,0.669813,0.764175,0.827822,0.227011,0.261304,0.172556,0.0892754,0.418811,0.436569,0.409816,0.183206,0.350321,0.502766,0.296332,0.600507,0.315577,0.0900832,0.301207,0.495463,0.839547,0.70832,-0.00233995,0.509319
0.758733,0.574973,0.636069,0.440525,0.59315,0.526515,0.225825,0.0504683,0.563281,0.604452,0.672863,0.484545,0.728464,0.403051,0.59798,0.429094,0.694994,0.579652,0.503308,0.795601,0.839742,0.568187,0.566783,0.677672,0.43507,0.3128,0.699077,0.525508,0.383249,0.374572,0.047948,0.476498,0.718375,0.735961,0.571295,0.335067,0.336042,0.610224,0.651757,1,0.529155,0.518128,0.75588,0.627934,0.692095,0.55232,0.800645,0.745193,0.299385,0.360377,0.654921,0.604408,0.619069,0.545385,0.714293,0.657494,0.577231,0.627589,0.742601,0.460555,0.00859339,0.680811,0.536916,0.818183,0.760535,0.497229,0.528521,0.694633,0.296024,0.720606,0.663033,0.505874,0.224239,0.196336,0.587443,0.632546,0.680452,0.571916,0.208472,0.471316,0.736288,0.75796,0.615069,0.365325,0.643384
0.536282,0.644013,0.515627,0.390423,0.340105,0.501085,0.104548,0.0581686,0.335886,0.354204,0.424377,0.280857,0.472503,0.527872,0.693258,0.571432,0.529344,0.256601,0.610306,0.543322,0.612229,0.302393,0.457895,0.391496,0.0901906,-0.0727885,0.427307,0.260384,0.122882,0.347201,-0.046519,0.554907,0.451338,0.502936,0.173248,-0.00612419,0.392704,0.538492,0.508259,0.529155,1,0.261274,0.51292,0.501907,0.475237,0.408573,0.435006,0.629622,0.34339,0.127893,0.221493,0.281883,0.371218,0.313429,0.460582,0.585177,0.454956,0.557807,0.318563,0.19164,-0.159475,0.283895,0.50548,0.623392,0.562821,0.213914,0.280989,0.349839,-0.0471874,0.427107,0.426405,0.305678,0.184781,0.0702549,0.412775,0.329361,0.525199,0.469022,0.14493,0.266546,0.401731,0.599277,0.441817,0.181344,0.412693
0.528187,0.290921,0.626964,0.546134,0.479354,0.294714,0.0407055,0.0982028,0.537032,0.569225,0.606195,0.617139,0.690048,0.105194,0.296142,0.133962,0.6722,0.487589,0.318875,0.583986,0.510527,0.510798,0.476565,0.596253,0.404045,0.193536,0.469925,0.268006,0.320276,0.270568,-0.0156133,0.0243155,0.484257,0.467991,0.447253,0.0645439,0.176298,0.467685,0.259066,0.518128,0.261274,1,0.625209,0.331512,0.594074,0.377953,0.57622,0.273341,0.123862,0.130036,0.37955,0.570193,0.468727,0.577387,0.561049,0.397491,0.18708,0.163279,0.569923,0.382519,0.224842,0.470753,0.195907,0.486707,0.416631,0.406529,0.378204,0.608485,0.224233,0.673555,0.56195,0.306943,0.181006,-0.0506287,0.332367,0.528693,0.490629,0.388926,0.0995486,0.161759,0.400989,0.399234,0.528267,0.289332,0.199107
0.88588,0.515884,0.836811,0.7415,0.681703,0.613404,0.319054,0.290765,0.68244,0.735783,0.754419,0.748372,0.772402,0.284569,0.684998,0.313416,0.796168,0.59651,0.523521,0.745059,0.750744,0.685904,0.736497,0.780127,0.669237,0.461729,0.70342,0.564861,0.524792,0.490864,0.0436108,0.48159,0.79802,0.763889,0.564996,0.246845,0.299815,0.621393,0.45421,0.75588,0.51292,0.625209,1,0.585822,0.901067,0.792878,0.709789,0.679491,0.423814,0.294516,0.529781,0.767877,0.854511,0.584605,0.736697,0.61442,0.398283,0.495257,0.757304,0.639374,0.0778252,0.559398,0.532451,0.700292,0.651308,0.586756,0.532923,0.803431,0.307191,0.779226,0.766887,0.579187,0.422245,0.138936,0.537643,0.800846,0.753237,0.645905,0.366185,0.377263,0.69063,0.666581,0.628442,0.39583,0.554819
0.615075,0.807056,0.55606,0.320917,0.392999,0.515724,0.336013,0.259744,0.336673,0.360922,0.333101,0.207899,0.473051,0.759492,0.547655,0.744008,0.504076,0.418803,0.573066,0.691727,0.734574,0.222796,0.52509,0.423728,-0.0433018,0.0203038,0.549442,0.168714,0.385779,0.192261,0.0126661,0.384152,0.437931,0.579118,0.389894,0.110034,0.29623,0.42552,0.631133,0.627934,0.501907,0.331512,0.585822,1,0.574724,0.501748,0.442809,0.487518,0.45311,0.492938,0.367126,0.310606,0.421282,0.2275,0.489122,0.781151,0.466547,0.837177,0.417277,0.0886211,0.0364307,0.516082,0.552638,0.743818,0.746589,0.341861,0.414171,0.445214,0.17632,0.511932,0.639455,0.453725,0.218872,0.482497,0.508806,0.581813,0.580444,0.213014,0.292875,0.274866,0.573881,0.736497,0.686357,0.429615,0.458173
0.869307,0.486884,0.937471,0.801265,0.79749,0.641363,0.324504,0.340481,0.715877,0.793096,0.755909,0.76406,0.7691,0.285061,0.703594,0.300681,0.827558,0.767443,0.433067,0.809611,0.711322,0.669949,0.806553,0.896608,0.591312,0.519597,0.612706,0.593579,0.527195,0.571744,0.246641,0.368101,0.8075,0.708254,0.532078,0.25884,0.41927,0.591577,0.336504,0.692095,0.475237,0.594074,0.901067,0.574724,1,0.84452,0.719297,0.708786,0.451993,0.444133,0.628161,0.779348,0.878869,0.589343,0.775169,0.589418,0.4916,0.450544,0.815965,0.645566,0.150532,0.666612,0.378312,0.667934,0.577733,0.614142,0.611227,0.907977,0.39089,0.826302,0.869351,0.589352,0.349233,0.122109,0.514076,0.853238,0.725051,0.593766,0.484652,0.382935,0.652959,0.551935,0.534966,0.574495,0.526697
0.699637,0.405867,0.763743,0.758384,0.607546,0.628843,0.199849,0.360777,0.415056,0.694247,0.613351,0.675073,0.57692,0.204283,0.543571,0.251513,0.56934,0.603559,0.281845,0.60566,0.573717,0.475813,0.602553,0.660627,0.517154,0.46749,0.427718,0.404721,0.398183,0.44245,0.122211,0.295638,0.673513,0.555126,0.3578,0.161377,0.316487,0.417795,0.279714,0.55232,0.408573,0.377953,0.792878,0.501748,0.84452,1,0.59446,0.570207,0.377046,0.255725,0.49715,0.61654,0.853894,0.475779,0.596897,0.421205,0.342206,0.48155,0.655106,0.50647,0.144802,0.375498,0.273744,0.517382,0.443141,0.560123,0.383376,0.696081,0.26812,0.626585,0.677244,0.440452,0.323641,0.250817,0.4602,0.662311,0.591645,0.508278,0.482623,0.216976,0.484487,0.465389,0.416141,0.565987,0.412459
0.745986,0.430392,0.707421,0.502583,0.607729,0.455991,0.220622,0.14951,0.533033,0.564963,0.601585,0.575504,0.664675,0.219381,0.478177,0.224223,0.662342,0.643942,0.277149,0.735658,0.613451,0.54306,0.568277,0.728824,0.506282,0.311453,0.49302,0.481525,0.326764,0.430629,0.0360819,0.266038,0.661223,0.457146,0.379548,0.284827,0.366343,0.599218,0.32586,0.800645,0.435006,0.57622,0.709789,0.442809,0.719297,0.59446,1,0.653778,0.0658776,0.305629,0.622586,0.635836,0.63291,0.592085,0.623203,0.486094,0.486718,0.322064,0.685154,0.423028,-0.010926,0.584404,0.323659,0.613786,0.493509,0.371309,0.524429,0.782349,0.413248,0.632662,0.589387,0.410224,0.182256,-0.0288658,0.462133,0.601374,0.555305,0.44361,0.280245,0.438896,0.495678,0.544885,0.388113,0.383552,0.392393
0.744233,0.481151,0.67374,0.451715,0.602196,0.479693,0.277366,0.0979858,0.593364,0.570116,0.605755,0.438713,0.544354,0.357225,0.651404,0.399764,0.590761,0.631182,0.533568,0.751733,0.748571,0.594954,0.679459,0.661305,0.358699,0.339128,0.695374,0.629667,0.364869,0.458002,0.184168,0.573823,0.763714,0.671237,0.489884,0.199999,0.33931,0.561746,0.587604,0.745193,0.629622,0.273341,0.679491,0.487518,0.708786,0.570207,0.653778,1,0.337086,0.361114,0.69323,0.555816,0.652021,0.400701,0.617032,0.61751,0.647473,0.560169,0.644544,0.535152,-0.00148377,0.614764,0.509051,0.719459,0.638462,0.455605,0.624063,0.673213,0.453062,0.686155,0.654577,0.541682,0.180299,0.119904,0.564848,0.59606,0.702393,0.59192,0.342617,0.556934,0.62233,0.629898,0.465462,0.28446,0.672661
0.436366,0.46086,0.415451,0.345766,0.412482,0.606941,0.460955,0.290082,0.20978,0.307863,0.321671,0.290821,0.392715,0.408243,0.607166,0.435386,0.475955,0.201818,0.372023,0.379992,0.397955,0.167828,0.429666,0.434371,0.0438801,0.44543,0.408662,0.273319,0.233658,0.322039,0.43249,0.312795,0.41778,0.57834,0.23274,0.0219445,0.14511,0.176069,0.282693,0.299385,0.34339,0.123862,0.423814,0.45311,0.451993,0.377046,0.0658776,0.337086,1,0.526833,0.138809,0.15264,0.393257,0.255501,0.423222,0.370564,0.327229,0.421643,0.258516,0.160023,-0.0676283,0.246147,0.292537,0.34909,0.347604,0.356746,0.186462,0.35154,-0.0931906,0.438998,0.534758,0.362939,0.343246,0.0603582,0.342633,0.449622,0.249814,0.401921,0.175827,0.0940197,0.360253,0.332328,0.306126,0.275735,0.297641
0.373301,0.322685,0.36718,0.159742,0.474814,0.403952,0.31844,0.337909,0.282463,0.232203,0.236508,0.166365,0.374522,0.371091,0.286398,0.255533,0.425146,0.375194,0.11371,0.551107,0.312954,0.0936892,0.350901,0.497435,0.00473792,0.131882,0.27197,0.323302,0.142968,0.276672,0.303747,0.125903,0.404429,0.266042,0.106667,0.39576,0.341739,0.282131,0.0620314,0.360377,0.127893,0.130036,0.294516,0.492938,0.444133,0.255725,0.305629,0.361114,0.526833,1,0.487977,0.292892,0.364012,0.18458,0.456879,0.369289,0.513891,0.272063,0.378638,0.242439,0.0497462,0.528314,0.209955,0.377614,0.350512,0.347486,0.460888,0.517304,0.192132,0.439808,0.509389,0.444878,0.0556089,0.0967093,0.203305,0.517162,0.338284,0.153014,0.272741,0.364177,0.374837,0.267906,0.2343,0.416255,0.375776
0.564067,0.173357,0.55206,0.333125,0.642872,0.359726,0.357636,0.204858,0.526155,0.49934,0.562497,0.42652,0.60601,0.0933731,0.335105,0.136772,0.567999,0.697773,0.104851,0.688848,0.573488,0.505057,0.619132,0.709621,0.334923,0.335519,0.57226,0.602588,0.338249,0.381964,0.349399,0.302768,0.727206,0.469495,0.333407,0.32895,0.356496,0.413272,0.264574,0.654921,0.221493,0.37955,0.529781,0.367126,0.628161,0.49715,0.622586,0.69323,0.138809,0.487977,1,0.58712,0.54086,0.509064,0.655633,0.342691,0.738507,0.33951,0.72089,0.610868,0.252485,0.797904,0.131968,0.546842,0.411722,0.44277,0.752643,0.75954,0.549021,0.657427,0.642167,0.453307,0.127572,0.186802,0.369265,0.614398,0.474209,0.47829,0.366317,0.455085,0.581358,0.423771,0.282744,0.471788,0.530647
0.730439,0.187011,0.686831,0.744875,0.687049,0.416113,0.197964,0.344227,0.719571,0.814617,0.809088,0.707967,0.694105,-0.0212827,0.389048,0.00715554,0.681133,0.657157,0.162207,0.61815,0.520518,0.645923,0.644423,0.79396,0.657699,0.398067,0.470675,0.598374,0.443136,0.576141,0.0361476,0.214764,0.605456,0.517608,0.488059,0.384526,0.16774,0.401017,0.157858,0.604408,0.281883,0.570193,0.767877,0.310606,0.779348,0.61654,0.635836,0.555816,0.15264,0.292892,0.58712,1,0.832257,0.5342,0.697232,0.377024,0.352125,0.20068,0.829987,0.764962,0.322178,0.573846,0.143257,0.438567,0.368393,0.681928,0.543536,0.781204,0.345584,0.733125,0.57231,0.35389,0.236004,-0.0274664,0.293526,0.730636,0.56948,0.543331,0.218071,0.260047,0.614426,0.329548,0.31028,0.511753,0.426716
0.773271,0.305582,0.756379,0.857446,0.730444,0.584281,0.184194,0.404569,0.601937,0.801161,0.787149,0.774218,0.660266,0.0948792,0.55561,0.156719,0.676531,0.653091,0.267861,0.660924,0.577955,0.615749,0.698848,0.80811,0.642827,0.552896,0.541683,0.607493,0.447205,0.587908,0.139682,0.265341,0.757134,0.60713,0.498128,0.363633,0.233463,0.411881,0.242342,0.619069,0.371218,0.468727,0.854511,0.421282,0.878869,0.853894,0.63291,0.652021,0.393257,0.364012,0.54086,0.832257,1,0.481867,0.688655,0.422878,0.370576,0.383805,0.802778,0.667685,0.249524,0.469079,0.281209,0.503381,0.447261,0.708074,0.507644,0.787235,0.340235,0.728405,0.652244,0.487468,0.389811,0.110244,0.469268,0.818376,0.618877,0.610786,0.434271,0.373176,0.572967,0.393312,0.411267,0.505692,0.477881
0.593916,0.274102,0.556508,0.441543,0.483032,0.507789,0.381525,0.240592,0.371992,0.514403,0.520367,0.69871,0.771532,-0.0283474,0.499073,0.122431,0.752286,0.507492,0.0993707,0.534175,0.444342,0.520065,0.64039,0.698726,0.530482,0.444869,0.393869,0.440896,0.356382,0.275968,0.263712,0.315813,0.607187,0.445021,0.377392,-0.073667,0.164946,0.4519,0.179985,0.545385,0.313429,0.577387,0.584605,0.2275,0.589343,0.475779,0.592085,0.400701,0.255501,0.18458,0.509064,0.5342,0.481867,1,0.777607,0.119273,0.375905,0.180299,0.683691,0.425278,0.145711,0.403223,0.0506061,0.432203,0.220573,0.48756,0.497857,0.687645,0.0627,0.638251,0.539997,0.238344,0.298168,-0.0946049,0.446015,0.476228,0.244242,0.426254,0.215261,0.0213189,0.500222,0.309312,0.219905,0.467771,0.218471
0.717015,0.434672,0.67642,0.525606,0.617842,0.598004,0.362641,0.3203,0.536304,0.656562,0.679631,0.681947,0.879227,0.153579,0.60861,0.32079,0.859885,0.614324,0.365766,0.790885,0.715577,0.65385,0.776687,0.844776,0.532241,0.408411,0.622771,0.671165,0.376049,0.535018,0.328489,0.539708,0.732378,0.671125,0.520275,0.250234,0.279254,0.502482,0.363736,0.714293,0.460582,0.561049,0.736697,0.489122,0.775169,0.596897,0.623203,0.617032,0.423222,0.456879,0.655633,0.697232,0.688655,0.777607,1,0.436892,0.498692,0.462486,0.867924,0.578707,0.22155,0.64581,0.254237,0.636373,0.55047,0.675912,0.701375,0.786402,0.0803879,0.785254,0.699429,0.498328,0.453506,0.0317908,0.449089,0.699574,0.49722,0.639864,0.29357,0.27785,0.720976,0.543425,0.395305,0.511037,0.491809
0.635327,0.787044,0.622246,0.344857,0.475431,0.510274,0.186482,0.00992671,0.563381,0.461774,0.41492,0.256339,0.463568,0.803013,0.607542,0.71849,0.558586,0.405057,0.790223,0.721513,0.842552,0.490055,0.470547,0.418383,0.0881917,0.01361,0.658802,0.332387,0.387643,0.203069,-0.156788,0.448128,0.478299,0.710029,0.506398,0.255885,0.457045,0.487168,0.718799,0.657494,0.585177,0.397491,0.61442,0.781151,0.589418,0.421205,0.486094,0.61751,0.370564,0.369289,0.342691,0.377024,0.422878,0.119273,0.436892,1,0.373051,0.74448,0.351216,0.22029,0.0287784,0.522836,0.775309,0.814029,0.869873,0.373723,0.298729,0.404188,0.278136,0.552573,0.630994,0.520589,0.174617,0.293154,0.506028,0.561949,0.757148,0.378406,0.104098,0.346447,0.543624,0.803366,0.751478,0.202992,0.586227
0.452968,0.307194,0.425117,0.201997,0.57651,0.42506,0.52316,0.182752,0.402119,0.329963,0.453909,0.153842,0.481357,0.368018,0.462069,0.381554,0.514565,0.542836,0.191828,0.658383,0.550325,0.228292,0.599594,0.562693,0.0789368,0.194564,0.567468,0.421616,0.258529,0.361337,0.35808,0.387197,0.53435,0.404408,0.0799104,0.273769,0.403066,0.228925,0.346198,0.577231,0.454956,0.18708,0.398283,0.466547,0.4916,0.342206,0.486718,0.647473,0.327229,0.513891,0.738507,0.352125,0.370576,0.375905,0.498692,0.373051,1,0.469343,0.497828,0.442948,0.0762215,0.686104,0.203181,0.560803,0.448663,0.268326,0.694361,0.55597,0.342251,0.540771,0.562839,0.521285,0.0826194,0.206633,0.414767,0.560107,0.372907,0.336543,0.279624,0.32789,0.42122,0.471585,0.276118,0.499844,0.600427
0.527161,0.756006,0.417944,0.247069,0.3334,0.492888,0.19372,0.0928496,0.268279,0.295636,0.31318,0.146317,0.369796,0.719979,0.582179,0.833866,0.387237,0.306456,0.657738,0.607397,0.789485,0.293483,0.473207,0.279136,-0.0634511,0.0775489,0.632977,0.257114,0.298535,0.113322,0.0316047,0.520131,0.450079,0.652172,0.410612,0.0538047,0.242339,0.264394,0.762925,0.627589,0.557807,0.163279,0.495257,0.837177,0.450544,0.48155,0.322064,0.560169,0.421643,0.272063,0.33951,0.20068,0.383805,0.180299,0.462486,0.74448,0.469343,1,0.368866,0.0491952,0.0987229,0.390371,0.607455,0.751932,0.78831,0.374219,0.366316,0.263502,0.0722955,0.48458,0.523194,0.488803,0.23142,0.441942,0.622315,0.450079,0.507197,0.339618,0.232941,0.246104,0.518683,0.760395,0.610852,0.329759,0.610555
0.753907,0.262363,0.683382,0.628062,0.663256,0.460399,0.237404,0.284191,0.594921,0.705682,0.762839,0.672046,0.777955,0.00277469,0.490062,0.103791,0.770485,0.757481,0.211335,0.711347,0.62826,0.677692,0.720718,0.850208,0.642887,0.528773,0.581028,0.715179,0.456736,0.617762,0.305925,0.365376,0.776498,0.593899,0.557935,0.359216,0.294182,0.480717,0.325234,0.742601,0.318563,0.569923,0.757304,0.417277,0.815965,0.655106,0.685154,0.644544,0.258516,0.378638,0.72089,0.829987,0.802778,0.683691,0.867924,0.351216,0.497828,0.368866,1,0.672448,0.290408,0.722232,0.164595,0.54106,0.470438,0.686894,0.708883,0.823718,0.303259,0.775793,0.697018,0.500274,0.34717,0.0248249,0.399026,0.768867,0.542428,0.588128,0.319971,0.398115,0.684721,0.449274,0.397996,0.542407,0.494174
0.489176,-0.0476205,0.504745,0.564972,0.650706,0.322178,0.277932,0.125152,0.646227,0.702399,0.703944,0.633138,0.589272,-0.132649,0.352414,-0.140888,0.564022,0.551957,0.120492,0.502796,0.412585,0.606155,0.526969,0.63679,0.677742,0.411393,0.488394,0.571011,0.310342,0.458817,0.051933,0.349514,0.610524,0.511104,0.338885,0.40811,0.228018,0.277301,0.118782,0.460555,0.19164,0.382519,0.639374,0.0886211,0.645566,0.50647,0.423028,0.535152,0.160023,0.242439,0.610868,0.764962,0.667685,0.425278,0.578707,0.22029,0.442948,0.0491952,0.672448,1,0.327102,0.55648,0.138708,0.346015,0.282503,0.565151,0.52156,0.672478,0.329481,0.614368,0.524021,0.434796,0.339286,0.0325228,0.185587,0.652616,0.483017,0.468751,0.206294,0.222889,0.48886,0.258482,0.251217,0.413864,0.448128
-0.0427669,-0.168537,0.0772693,0.244145,0.311281,0.00682081,-0.0654989,-0.0340983,0.273078,0.273848,0.307576,0.329336,0.174719,-0.1626,-0.145813,0.0138848,0.112006,0.345996,-0.173531,0.155729,0.0743845,0.131182,0.215845,0.16837,0.0929307,-0.0123208,0.0843696,0.0143175,0.0896991,-0.0335965,-0.0230574,-0.153549,0.19455,0.065427,0.238282,0.0511411,-0.127733,-0.303431,-0.0393727,0.00859339,-0.159475,0.224842,0.0778252,0.0364307,0.150532,0.144802,-0.010926,-0.00148377,-0.0676283,0.0497462,0.252485,0.322178,0.249524,0.145711,0.22155,0.0287784,0.0762215,0.0987229,0.290408,0.327102,1,0.164972,-0.188621,0.0299119,-0.0321347,0.295838,0.24801,0.180652,0.0816948,0.314697,0.0950262,0.25513,0.210725,0.043943,0.166487,0.3118,0.0238444,-0.029633,0.191424,-0.172591,0.0777125,-0.13853,-0.0683768,0.259931,0.00923477
0.579148,0.287815,0.573867,0.301379,0.549219,0.314995,0.340932,0.148404,0.62882,0.397881,0.509324,0.319039,0.608836,0.268051,0.442518,0.235307,0.642295,0.759868,0.284066,0.744055,0.638056,0.522849,0.655741,0.702287,0.317691,0.30564,0.631232,0.591968,0.368959,0.416293,0.287284,0.383758,0.653718,0.505762,0.321332,0.400664,0.510299,0.483907,0.428098,0.680811,0.283895,0.470753,0.559398,0.516082,0.666612,0.375498,0.584404,0.614764,0.246147,0.528314,0.797904,0.573846,0.469079,0.403223,0.64581,0.522836,0.686104,0.390371,0.722232,0.55648,0.164972,1,0.272379,0.623922,0.597241,0.326535,0.671848,0.68477,0.421416,0.630405,0.710742,0.57744,0.137012,0.185912,0.25248,0.667469,0.577355,0.439578,0.363402,0.486562,0.561976,0.559853,0.429026,0.440689,0.535713
0.511146,0.62503,0.446222,0.193431,0.294867,0.407213,0.0170242,-0.091593,0.406143,0.200116,0.235081,0.197391,0.323076,0.671508,0.516993,0.522284,0.418191,0.0603392,0.77949,0.491499,0.687412,0.428893,0.254414,0.172256,0.187334,-0.054655,0.609801,0.204994,0.268311,0.00298824,-0.281545,0.588109,0.448493,0.62447,0.4509,0.14436,0.391577,0.560256,0.669813,0.536916,0.50548,0.195907,0.532451,0.552638,0.378312,0.273744,0.323659,0.509051,0.292537,0.209955,0.131968,0.143257,0.281209,0.0506061,0.254237,0.775309,0.203181,0.607455,0.164595,0.138708,-0.188621,0.272379,1,0.744179,0.79657,0.238107,0.192526,0.209827,0.200009,0.349057,0.486811,0.599946,0.178227,0.271303,0.503787,0.374898,0.6823,0.350073,0.0792104,0.374785,0.48266,0.769714,0.739326,-0.0628084,0.590801
0.68934,0.69419,0.678632,0.397825,0.527416,0.521922,0.232978,0.0707456,0.579598,0.523609,0.527272,0.422201,0.666438,0.662874,0.662335,0.609514,0.66449,0.446116,0.705705,0.83829,0.918512,0.563883,0.614421,0.552499,0.221516,0.10607,0.771992,0.343103,0.415211,0.135068,-0.0333698,0.572474,0.646325,0.760699,0.585042,0.170189,0.360242,0.620871,0.764175,0.818183,0.623392,0.486707,0.700292,0.743818,0.667934,0.517382,0.613786,0.719459,0.34909,0.377614,0.546842,0.438567,0.503381,0.432203,0.636373,0.814029,0.560803,0.751932,0.54106,0.346015,0.0299119,0.623922,0.744179,1,0.920196,0.425739,0.524495,0.594366,0.257928,0.708935,0.733404,0.604292,0.225014,0.403936,0.684435,0.590473,0.751057,0.506529,0.297986,0.404131,0.681281,0.891242,0.755778,0.31318,0.665831
0.594479,0.652422,0.559549,0.308709,0.396407,0.44219,0.148408,0.0119287,0.495478,0.432488,0.447754,0.25944,0.5413,0.673496,0.581174,0.622219,0.561451,0.383917,0.776048,0.766504,0.908566,0.545963,0.525337,0.416554,0.184839,0.0887684,0.800889,0.38112,0.362457,0.169638,-0.102362,0.584067,0.53664,0.742771,0.537727,0.291314,0.386773,0.510073,0.827822,0.760535,0.562821,0.416631,0.651308,0.746589,0.577733,0.443141,0.493509,0.638462,0.347604,0.350512,0.411722,0.368393,0.447261,0.220573,0.55047,0.869873,0.448663,0.78831,0.470438,0.282503,-0.0321347,0.597241,0.79657,0.920196,1,0.395176,0.426382,0.419614,0.225126,0.596417,0.649126,0.611325,0.245207,0.404161,0.571202,0.553037,0.761378,0.47068,0.184605,0.409692,0.592526,0.929044,0.787548,0.2103,0.704464
0.599833,0.34044,0.488372,0.620672,0.641368,0.588097,0.21211,0.301106,0.483971,0.73563,0.682318,0.611384,0.642329,0.192543,0.427837,0.192966,0.624711,0.356355,0.285138,0.50709,0.525676,0.583922,0.489199,0.611806,0.411846,0.415162,0.506012,0.552666,0.407233,0.428555,0.0841719,0.277329,0.539828,0.594261,0.550372,0.426135,0.194166,0.305921,0.227011,0.497229,0.213914,0.406529,0.586756,0.341861,0.614142,0.560123,0.371309,0.455605,0.356746,0.347486,0.44277,0.681928,0.708074,0.48756,0.675912,0.373723,0.268326,0.374219,0.686894,0.565151,0.295838,0.326535,0.238107,0.425739,0.395176,1,0.470355,0.566162,0.130103,0.598087,0.511233,0.315874,0.347734,0.110063,0.389113,0.653123,0.428769,0.502867,-0.018089,0.16759,0.563046,0.35552,0.435571,0.479175,0.441301
0.597182,0.206305,0.558118,0.311821,0.560381,0.269589,0.390674,0.36864,0.5372,0.405863,0.533037,0.430513,0.614713,0.102141,0.342773,0.182119,0.611383,0.548297,0.219312,0.660885,0.526936,0.451012,0.758971,0.69263,0.345408,0.295964,0.633959,0.624142,0.395776,0.490561,0.432727,0.460429,0.651013,0.414133,0.366048,0.242979,0.231224,0.363711,0.261304,0.528521,0.280989,0.378204,0.532923,0.414171,0.611227,0.383376,0.524429,0.624063,0.186462,0.460888,0.752643,0.543536,0.507644,0.497857,0.701375,0.298729,0.694361,0.366316,0.708883,0.52156,0.24801,0.671848,0.192526,0.524495,0.426382,0.470355,1,0.717216,0.413036,0.672482,0.653167,0.600365,0.297207,0.0444957,0.34679,0.69684,0.384234,0.440399,0.410527,0.440492,0.587264,0.455964,0.291039,0.424955,0.485028
0.803618,0.335502,0.869395,0.702806,0.822264,0.551592,0.384103,0.349019,0.689666,0.766405,0.754926,0.778532,0.806992,0.111137,0.565441,0.147678,0.811189,0.742945,0.220012,0.780425,0.595796,0.600963,0.767199,0.93799,0.592151,0.488214,0.545534,0.567575,0.46346,0.527462,0.316958,0.264,0.798121,0.59328,0.511218,0.26035,0.297559,0.584707,0.172556,0.694633,0.349839,0.608485,0.803431,0.445214,0.907977,0.696081,0.782349,0.673213,0.35154,0.517304,0.75954,0.781204,0.787235,0.687645,0.786402,0.404188,0.55597,0.263502,0.823718,0.672478,0.180652,0.68477,0.209827,0.594366,0.419614,0.566162,0.717216,1,0.459732,0.832675,0.805056,0.492408,0.311198,0.0603446,0.478508,0.801933,0.570998,0.542524,0.456172,0.383603,0.660106,0.423979,0.39059,0.579668,0.426779
0.31293,-0.032993,0.468331,0.275881,0.444545,0.190079,0.137826,0.0833876,0.369954,0.334312,0.364996,0.212793,0.166115,-0.0135346,0.0442634,-0.00440961,0.237178,0.52256,0.0202067,0.400269,0.307784,0.361243,0.33888,0.353072,0.238385,0.176879,0.367774,0.283108,0.384527,0.238204,0.104572,-0.0928945,0.400291,0.24964,0.303722,0.144984,0.267595,0.213045,0.0892754,0.296024,-0.0471874,0.224233,0.307191,0.17632,0.39089,0.26812,0.413248,0.453062,-0.0931906,0.192132,0.549021,0.345584,0.340235,0.0627,0.0803879,0.278136,0.342251,0.0722955,0.303259,0.329481,0.0816948,0.421416,0.200009,0.257928,0.225126,0.130103,0.413036,0.459732,1,0.335621,0.416509,0.314087,0.0474096,0.219077,0.279324,0.438792,0.354145,0.0865286,0.150258,0.213022,0.211018,0.214226,0.302402,0.290319,0.305297
0.775611,0.430776,0.8139,0.635357,0.737152,0.540171,0.308366,0.292339,0.695709,0.749655,0.740416,0.719384,0.785206,0.234725,0.575138,0.351719,0.800243,0.684078,0.449778,0.818978,0.749115,0.669086,0.764656,0.816553,0.474747,0.405481,0.657124,0.553634,0.467397,0.452854,0.264291,0.364422,0.742931,0.730956,0.622304,0.104347,0.207191,0.486675,0.418811,0.720606,0.427107,0.673555,0.779226,0.511932,0.826302,0.626585,0.632662,0.686155,0.438998,0.439808,0.657427,0.733125,0.728405,0.638251,0.785254,0.552573,0.540771,0.48458,0.775793,0.614368,0.314697,0.630405,0.349057,0.708935,0.596417,0.598087,0.672482,0.832675,0.335621,1,0.829125,0.556944,0.295166,0.0261026,0.617616,0.777463,0.616555,0.589009,0.321852,0.352197,0.732595,0.546221,0.484784,0.488567,0.529223
0.799229,0.512266,0.870783,0.597752,0.720514,0.593532,0.395436,0.303153,0.641461,0.622233,0.602302,0.593897,0.710578,0.427721,0.653039,0.344078,0.812134,0.660598,0.524354,0.784822,0.760251,0.632077,0.729403,0.782286,0.394948,0.455001,0.700784,0.513367,0.509223,0.467175,0.316115,0.436003,0.744165,0.740171,0.547958,0.10357,0.476759,0.602414,0.436569,0.663033,0.426405,0.56195,0.766887,0.639455,0.869351,0.677244,0.589387,0.654577,0.534758,0.509389,0.642167,0.57231,0.652244,0.539997,0.699429,0.630994,0.562839,0.523194,0.697018,0.524021,0.0950262,0.710742,0.486811,0.733404,0.649126,0.511233,0.653167,0.805056,0.416509,0.829125,1,0.631397,0.246009,0.191087,0.507529,0.823736,0.683774,0.556692,0.401857,0.413006,0.705853,0.646651,0.639176,0.53947,0.556746
0.506083,0.307678,0.543977,0.321833,0.537402,0.37892,0.188606,0.0745618,0.501468,0.249122,0.417013,0.360571,0.453306,0.335724,0.408165,0.325117,0.538188,0.462371,0.46961,0.64176,0.584534,0.4099,0.530484,0.453993,0.368805,0.199124,0.648875,0.394393,0.307386,0.316314,0.194507,0.51686,0.674456,0.535849,0.296029,0.247931,0.468758,0.326953,0.409816,0.505874,0.305678,0.306943,0.579187,0.453725,0.589352,0.440452,0.410224,0.541682,0.362939,0.444878,0.453307,0.35389,0.487468,0.238344,0.498328,0.520589,0.521285,0.488803,0.500274,0.434796,0.25513,0.57744,0.599946,0.604292,0.611325,0.315874,0.600365,0.492408,0.314087,0.556944,0.631397,1,0.337834,0.0799782,0.477869,0.634522,0.625496,0.38737,0.384487,0.382556,0.417808,0.579773,0.488628,0.246655,0.632959
0.287896,0.114286,0.277669,0.346005,0.311935,0.381825,0.299883,0.152652,0.181721,0.331818,0.366355,0.471323,0.36909,-0.051497,0.411034,0.226044,0.393319,0.151992,0.168791,0.298516,0.347039,0.399272,0.462911,0.326339,0.343957,0.330126,0.420888,0.349769,0.189367,0.32427,0.234551,0.364183,0.451865,0.459529,0.354296,0.20517,0.074607,-0.0220722,0.183206,0.224239,0.184781,0.181006,0.422245,0.218872,0.349233,0.323641,0.182256,0.180299,0.343246,0.0556089,0.127572,0.236004,0.389811,0.298168,0.453506,0.174617,0.0826194,0.23142,0.34717,0.339286,0.210725,0.137012,0.178227,0.225014,0.245207,0.347734,0.297207,0.311198,0.0474096,0.295166,0.246009,0.337834,1,0.173294,0.262184,0.425316,0.0118223,0.290164,0.0406349,-0.0651731,0.166516,0.310324,0.208019,0.239687,-0.00415967
0.00760083,0.200319,0.0870522,0.118357,0.057359,0.191774,0.138022,0.0877728,-0.0262918,0.158127,0.0688052,-0.0806977,0.0449485,0.351355,0.127387,0.311493,0.0027816,0.0587157,0.10987,0.24559,0.370981,-0.0143643,0.113552,0.00201564,-0.164212,-0.117139,0.289535,-0.195093,0.152149,-0.206462,-0.165237,0.135076,0.0682468,0.231207,0.252668,0.117063,0.0546975,0.0360112,0.350321,0.196336,0.0702549,-0.0506287,0.138936,0.482497,0.122109,0.250817,-0.0288658,0.119904,0.0603582,0.0967093,0.186802,-0.0274664,0.110244,-0.0946049,0.0317908,0.293154,0.206633,0.441942,0.0248249,0.0325228,0.043943,0.185912,0.271303,0.403936,0.404161,0.110063,0.0444957,0.0603446,0.219077,0.0261026,0.191087,0.0799782,0.173294,1,0.254878,0.159745,0.20595,0.0128475,0.174644,-0.0529495,0.17576,0.408539,0.450912,0.354576,0.177518
0.539855,0.528825,0.550657,0.462235,0.550768,0.486003,0.23948,-0.00155176,0.349734,0.45662,0.438058,0.43694,0.48372,0.40292,0.567396,0.602732,0.504469,0.411683,0.497668,0.625467,0.649765,0.453441,0.531284,0.414603,0.152926,0.23889,0.569709,0.17968,0.345912,-0.00627561,0.162037,0.31182,0.587378,0.650301,0.597429,-0.0514639,0.0952976,0.315011,0.502766,0.587443,0.412775,0.332367,0.537643,0.508806,0.514076,0.4602,0.462133,0.564848,0.342633,0.203305,0.369265,0.293526,0.469268,0.446015,0.449089,0.506028,0.414767,0.622315,0.399026,0.185587,0.166487,0.25248,0.503787,0.684435,0.571202,0.389113,0.34679,0.478508,0.279324,0.617616,0.507529,0.477869,0.262184,0.254878,1,0.429837,0.487715,0.301163,0.234957,0.215742,0.449251,0.527588,0.467614,0.218634,0.539403
0.75324,0.37556,0.760642,0.692471,0.787946,0.589574,0.43526,0.416631,0.697614,0.704746,0.748701,0.675116,0.737957,0.29229,0.548069,0.285611,0.805231,0.662656,0.356402,0.756099,0.656911,0.601878,0.775783,0.838005,0.519373,0.477938,0.701782,0.618056,0.516208,0.574044,0.197198,0.326548,0.747093,0.630454,0.48372,0.411202,0.409827,0.40816,0.296332,0.632546,0.329361,0.528693,0.800846,0.581813,0.853238,0.662311,0.601374,0.59606,0.449622,0.517162,0.614398,0.730636,0.818376,0.476228,0.699574,0.561949,0.560107,0.450079,0.768867,0.652616,0.3118,0.667469,0.374898,0.590473,0.553037,0.653123,0.69684,0.801933,0.438792,0.777463,0.823736,0.634522,0.425316,0.159745,0.429837,1,0.584326,0.528809,0.373896,0.376712,0.644501,0.49868,0.53999,0.566685,0.536543
0.694702,0.510363,0.697253,0.525072,0.534471,0.406374,0.0408198,0.0489939,0.587191,0.549454,0.512421,0.404916,0.515776,0.489262,0.507733,0.305859,0.579571,0.557524,0.676935,0.688758,0.741913,0.556477,0.479303,0.527829,0.360304,0.154643,0.623467,0.353954,0.42189,0.337201,-0.133974,0.458346,0.610093,0.672574,0.49623,0.22543,0.417639,0.673036,0.600507,0.680452,0.525199,0.490629,0.753237,0.580444,0.725051,0.591645,0.555305,0.702393,0.249814,0.338284,0.474209,0.56948,0.618877,0.244242,0.49722,0.757148,0.372907,0.507197,0.542428,0.483017,0.0238444,0.577355,0.6823,0.751057,0.761378,0.428769,0.384234,0.570998,0.354145,0.616555,0.683774,0.625496,0.0118223,0.20595,0.487715,0.584326,1,0.472849,0.27681,0.527052,0.627943,0.708071,0.737368,0.15915,0.683051
0.635415,0.247432,0.549968,0.535003,0.463782,0.474031,0.223207,0.270451,0.526683,0.480237,0.641727,0.496787,0.577408,0.129529,0.534672,0.119297,0.635141,0.327744,0.427736,0.50974,0.616002,0.644641,0.524468,0.644884,0.459471,0.433274,0.634207,0.619118,0.220014,0.519034,0.261311,0.544311,0.641292,0.621106,0.386096,0.213432,0.339349,0.485307,0.315577,0.571916,0.469022,0.388926,0.645905,0.213014,0.593766,0.508278,0.44361,0.59192,0.401921,0.153014,0.47829,0.543331,0.610786,0.426254,0.639864,0.378406,0.336543,0.339618,0.588128,0.468751,-0.029633,0.439578,0.350073,0.506529,0.47068,0.502867,0.440399,0.542524,0.0865286,0.589009,0.556692,0.38737,0.290164,0.0128475,0.301163,0.528809,0.472849,1,0.22213,0.44924,0.566522,0.49582,0.317669,0.199079,0.474074
0.335026,0.0905563,0.422938,0.320601,0.214157,0.00267297,0.0805811,0.360853,0.248506,0.130277,0.132362,0.370213,0.221801,0.0540491,0.234442,0.0600592,0.202827,0.454737,0.0262054,0.339468,0.164163,0.0745301,0.521269,0.412233,0.249601,0.247161,0.213147,0.212014,0.235992,0.106667,0.245029,0.195825,0.427297,0.0984683,0.0945398,-0.0192695,0.102178,0.232101,0.0900832,0.208472,0.14493,0.0995486,0.366185,0.292875,0.484652,0.482623,0.280245,0.342617,0.175827,0.272741,0.366317,0.218071,0.434271,0.215261,0.29357,0.104098,0.279624,0.232941,0.319971,0.206294,0.191424,0.363402,0.0792104,0.297986,0.184605,-0.018089,0.410527,0.456172,0.150258,0.321852,0.401857,0.384487,0.0406349,0.174644,0.234957,0.373896,0.27681,0.22213,1,0.354831,0.2582,0.1354,0.0290205,0.285681,0.193524
0.51547,0.236194,0.298726,0.167624,0.266529,-0.0216023,0.0079691,0.126052,0.339176,0.0954408,0.175227,0.137644,0.206992,0.235903,0.301717,0.0505211,0.279843,0.29771,0.42089,0.376401,0.345387,0.38342,0.277371,0.386819,0.170343,0.259552,0.432026,0.504444,0.121435,0.335063,0.217461,0.361922,0.510975,0.287081,0.252667,0.349279,0.30729,0.546491,0.301207,0.471316,0.266546,0.161759,0.377263,0.274866,0.382935,0.216976,0.438896,0.556934,0.0940197,0.364177,0.455085,0.260047,0.373176,0.0213189,0.27785,0.346447,0.32789,0.246104,0.398115,0.222889,-0.172591,0.486562,0.374785,0.404131,0.409692,0.16759,0.440492,0.383603,0.213022,0.352197,0.413006,0.382556,-0.0651731,-0.0529495,0.215742,0.376712,0.527052,0.44924,0.354831,1,0.430757,0.368723,0.303745,-0.169341,0.417544
0.750426,0.515561,0.631184,0.414452,0.527366,0.465972,0.347422,0.383477,0.516426,0.577417,0.552749,0.54597,0.731481,0.324428,0.462185,0.308678,0.712357,0.446877,0.505681,0.651849,0.705779,0.537998,0.591905,0.679389,0.38938,0.244924,0.5841,0.526371,0.567362,0.446242,0.128561,0.575097,0.608371,0.710879,0.611574,0.162218,0.195066,0.642478,0.495463,0.736288,0.401731,0.400989,0.69063,0.573881,0.652959,0.484487,0.495678,0.62233,0.360253,0.374837,0.581358,0.614426,0.572967,0.500222,0.720976,0.543624,0.42122,0.518683,0.684721,0.48886,0.0777125,0.561976,0.48266,0.681281,0.592526,0.563046,0.587264,0.660106,0.211018,0.732595,0.705853,0.417808,0.166516,0.17576,0.449251,0.644501,0.627943,0.566522,0.2582,0.430757,1,0.598309,0.584596,0.293914,0.567074
0.650192,0.652309,0.546842,0.263224,0.346096,0.466105,0.250517,0.109134,0.40363,0.355374,0.391399,0.236019,0.522449,0.658555,0.602931,0.571852,0.557836,0.327137,0.732234,0.6976,0.891963,0.527652,0.516617,0.392666,0.172297,0.121967,0.796688,0.376159,0.430292,0.228202,-0.0601474,0.701432,0.555425,0.740413,0.475647,0.19228,0.404208,0.568351,0.839547,0.75796,0.599277,0.399234,0.666581,0.736497,0.551935,0.465389,0.544885,0.629898,0.332328,0.267906,0.423771,0.329548,0.393312,0.309312,0.543425,0.803366,0.471585,0.760395,0.449274,0.258482,-0.13853,0.559853,0.769714,0.891242,0.929044,0.35552,0.455964,0.423979,0.214226,0.546221,0.646651,0.579773,0.310324,0.408539,0.527588,0.49868,0.708071,0.49582,0.1354,0.368723,0.598309,1,0.792039,0.22004,0.608363
0.576123,0.621275,0.545261,0.370809,0.403483,0.434884,0.106926,0.0671142,0.380577,0.452997,0.394953,0.323032,0.480102,0.630787,0.495599,0.44962,0.556333,0.279641,0.723857,0.572205,0.750014,0.465277,0.357498,0.351637,0.18899,0.0922973,0.688704,0.233444,0.530481,0.170494,-0.198789,0.403476,0.496898,0.716584,0.544042,0.162196,0.385126,0.567656,0.70832,0.615069,0.441817,0.528267,0.628442,0.686357,0.534966,0.416141,0.388113,0.465462,0.306126,0.2343,0.282744,0.31028,0.411267,0.219905,0.395305,0.751478,0.276118,0.610852,0.397996,0.251217,-0.0683768,0.429026,0.739326,0.755778,0.787548,0.435571,0.291039,0.39059,0.302402,0.484784,0.639176,0.488628,0.208019,0.450912,0.467614,0.53999,0.737368,0.317669,0.0290205,0.303745,0.584596,0.792039,1,0.193501,0.506372
0.391086,0.203062,0.521222,0.515625,0.534607,0.535176,0.309177,0.389355,0.299871,0.544287,0.502754,0.406486,0.466292,0.128408,0.323074,0.207343,0.476846,0.5426,-0.128498,0.522829,0.385853,0.198082,0.494836,0.563096,0.243061,0.249106,0.25864,0.231466,0.268678,0.389787,0.205185,0.0489922,0.328053,0.305723,0.205465,0.172758,0.296372,0.0699157,-0.00233995,0.365325,0.181344,0.289332,0.39583,0.429615,0.574495,0.565987,0.383552,0.28446,0.275735,0.416255,0.471788,0.511753,0.505692,0.467771,0.511037,0.202992,0.499844,0.329759,0.542407,0.413864,0.259931,0.440689,-0.0628084,0.31318,0.2103,0.479175,0.424955,0.579668,0.290319,0.488567,0.53947,0.246655,0.239687,0.354576,0.218634,0.566685,0.15915,0.199079,0.285681,-0.169341,0.293914,0.22004,0.193501,1,0.253192
0.522472,0.388836,0.461362,0.326976,0.560492,0.442971,0.204015,0.0150346,0.447424,0.401839,0.470278,0.207939,0.489204,0.432769,0.470046,0.413535,0.49332,0.393143,0.51893,0.621104,0.66819,0.478533,0.436084,0.440131,0.293106,0.253163,0.693637,0.45924,0.319852,0.250107,0.0787112,0.515019,0.520269,0.642665,0.353973,0.371835,0.346585,0.352137,0.509319,0.643384,0.412693,0.199107,0.554819,0.458173,0.526697,0.412459,0.392393,0.672661,0.297641,0.375776,0.530647,0.426716,0.477881,0.218471,0.491809,0.586227,0.600427,0.610555,0.494174,0.448128,0.00923477,0.535713,0.590801,0.665831,0.704464,0.441301,0.485028,0.426779,0.305297,0.529223,0.556746,0.632959,-0.00415967,0.177518,0.539403,0.536543,0.683051,0.474074,0.193524,0.417544,0.567074,0.608363,0.506372,0.253192,1