1,0.928908,0.92525,0.842096,0.743993,0.80653,0.660906,0.382355,0.31756,0.608723,0.79401,0.679634,0.815785,0.802917,0.810998,0.803249,0.88374,0.773833,0.652627,0.8224,0.813908,0.393955,0.729855,0.885627,0.653259,0.841071,0.864036,0.620214,0.611039,0.425121,0.362411,0.39273,0.670582,0.72289,0.574777,0.4473,0.573241,0.676329,0.799736,0.829312,0.614694,0.630002,0.933209,0.91117,0.896588,0.783129,0.762943,0.728359,0.652176,0.672026,0.453538,0.723009,0.842336,0.766085,0.894352,0.86821,0.732697,0.841139,0.88701,0.693123,0.624194,0.74421,0.584908,0.817709,0.753461,0.466645,0.857175,0.889796,0.475347,0.819635,0.815239,0.830015,0.371287,0.296481,0.678048,0.744136,0.695889,0.369695,0.711144,0.271319,0.552268,0.768572,0.79247,0.551966,0.721582
0.928908,1,0.86422,0.789338,0.676252,0.731049,0.615776,0.337849,0.306375,0.592807,0.786763,0.612152,0.769101,0.785525,0.811509,0.822185,0.845489,0.718872,0.66532,0.834038,0.7827,0.362676,0.707583,0.839432,0.619349,0.822197,0.802336,0.64266,0.591108,0.423618,0.308768,0.43799,0.63875,0.703901,0.630323,0.311754,0.568496,0.702116,0.757491,0.78251,0.545892,0.540615,0.88745,0.923372,0.809833,0.731764,0.674617,0.707134,0.536567,0.603359,0.371711,0.704145,0.79089,0.732063,0.834879,0.863471,0.591976,0.829356,0.839289,0.674852,0.545188,0.689871,0.589318,0.785588,0.732585,0.360857,0.795776,0.812921,0.46785,0.777142,0.736675,0.774039,0.264802,0.358499,0.609776,0.70178,0.617774,0.311902,0.669483,0.252521,0.415849,0.695397,0.762629,0.480473,0.74487
0.92525,0.86422,1,0.908941,0.780635,0.702271,0.750485,0.415935,0.431699,0.724074,0.885055,0.71052,0.879654,0.822027,0.717492,0.759654,0.891058,0.737381,0.746478,0.874984,0.892814,0.477996,0.787046,0.919892,0.650816,0.87838,0.919749,0.673218,0.678894,0.475741,0.481453,0.378849,0.758919,0.736014,0.68083,0.434241,0.573808,0.792922,0.813626,0.833994,0.662545,0.673674,0.87892,0.792094,0.93544,0.843287,0.728276,0.656253,0.707113,0.765595,0.412207,0.777139,0.861297,0.77889,0.89192,0.827256,0.713991,0.815547,0.934918,0.723354,0.515577,0.755883,0.653417,0.869033,0.821723,0.560178,0.874403,0.919687,0.58826,0.817711,0.887042,0.854392,0.427537,0.336282,0.65211,0.782752,0.76752,0.31444,0.766906,0.309071,0.526682,0.814947,0.750661,0.573576,0.710176
0.842096,0.789338,0.908941,1,0.791715,0.736015,0.730904,0.458387,0.396605,0.709225,0.862035,0.756693,0.866487,0.78372,0.647859,0.660854,0.84769,0.6738,0.657925,0.828594,0.78084,0.530744,0.701692,0.815319,0.635985,0.828901,0.808753,0.596136,0.628547,0.47182,0.489794,0.439499,0.6392,0.599991,0.580822,0.540865,0.598835,0.729004,0.770148,0.784578,0.636261,0.642149,0.798934,0.721726,0.838261,0.718815,0.711606,0.691269,0.715552,0.644305,0.432138,0.709554,0.780375,0.734313,0.811921,0.795859,0.595838,0.670616,0.855425,0.663967,0.556653,0.654776,0.622308,0.765402,0.752858,0.562533,0.782374,0.835938,0.450347,0.829651,0.741032,0.754282,0.336423,0.331494,0.598892,0.679407,0.621494,0.40358,0.693787,0.362335,0.548493,0.657727,0.721736,0.538277,0.721243
0.743993,0.676252,0.780635,0.791715,1,0.797402,0.670048,0.507442,0.370622,0.642891,0.695017,0.698566,0.702493,0.715999,0.652993,0.623331,0.720258,0.622499,0.694155,0.800573,0.82881,0.501348,0.680559,0.710257,0.55175,0.768986,0.789464,0.643388,0.595486,0.42768,0.602033,0.399932,0.575384,0.740766,0.633616,0.366924,0.584335,0.718643,0.816846,0.688028,0.713949,0.639985,0.779449,0.643619,0.77547,0.708593,0.754214,0.711214,0.628274,0.647255,0.216874,0.619533,0.783107,0.738809,0.775739,0.760384,0.647617,0.723477,0.69492,0.604606,0.462563,0.563562,0.76794,0.819784,0.865637,0.5047,0.746428,0.759212,0.321482,0.748616,0.778231,0.675767,0.541646,0.434483,0.633871,0.784207,0.776345,0.498972,0.786445,0.476452,0.599993,0.778041,0.749072,0.526105,0.703437
0.80653,0.731049,0.702271,0.736015,0.797402,1,0.651671,0.368529,0.250465,0.509841,0.579625,0.783098,0.733771,0.703256,0.676289,0.699611,0.730621,0.667262,0.574393,0.720729,0.677889,0.462103,0.586488,0.682859,0.587589,0.735413,0.717503,0.612496,0.531788,0.273068,0.322809,0.560782,0.548668,0.646707,0.412727,0.472025,0.625308,0.604078,0.732735,0.729087,0.60175,0.556685,0.809599,0.791207,0.773333,0.64875,0.769694,0.665245,0.624502,0.60281,0.314548,0.610308,0.760433,0.75498,0.81319,0.732441,0.622373,0.71178,0.674863,0.524582,0.550344,0.635419,0.647375,0.711546,0.754265,0.477338,0.714928,0.718938,0.216852,0.738239,0.583806,0.640461,0.435068,0.334771,0.618959,0.676873,0.624751,0.518563,0.618861,0.382397,0.65775,0.692242,0.734043,0.568058,0.681987
0.660906,0.615776,0.750485,0.730904,0.670048,0.651671,1,0.588553,0.368134,0.685575,0.706544,0.728386,0.753565,0.734429,0.370126,0.551793,0.750987,0.693712,0.755282,0.754725,0.711659,0.587862,0.701147,0.809019,0.596343,0.751699,0.754144,0.651935,0.598895,0.119244,0.415784,0.451256,0.58331,0.699063,0.569521,0.386677,0.548521,0.732267,0.60061,0.693137,0.634719,0.558373,0.680093,0.579416,0.738954,0.725576,0.573436,0.546844,0.607413,0.690927,0.277497,0.695246,0.7607,0.671804,0.772764,0.623396,0.616817,0.618156,0.778836,0.644536,0.370078,0.736008,0.667005,0.772276,0.833365,0.594076,0.665465,0.784236,0.45979,0.715436,0.67636,0.627845,0.414875,0.266443,0.586197,0.650599,0.65575,0.352839,0.583171,0.351415,0.522296,0.742169,0.604567,0.558217,0.651492
0.382355,0.337849,0.415935,0.458387,0.507442,0.368529,0.588553,1,0.312193,0.346824,0.42815,0.373202,0.406184,0.395399,0.212081,0.339281,0.471459,0.458648,0.449794,0.352383,0.332174,0.256962,0.355195,0.496134,0.393468,0.433335,0.48669,0.204637,0.300661,0.269881,0.184031,0.416292,0.178562,0.414495,0.354387,0.370212,0.215673,0.342168,0.333434,0.273057,0.504107,0.325387,0.349654,0.289327,0.328333,0.30084,0.372203,0.54858,0.329589,0.484958,0.146106,0.346022,0.320447,0.353643,0.41595,0.405474,0.461186,0.338509,0.462154,0.474269,0.234839,0.437091,0.405635,0.410213,0.495307,0.330697,0.353285,0.500999,0.273551,0.538573,0.457513,0.361277,0.332732,0.364092,0.254127,0.464897,0.395633,0.0974636,0.298111,0.236304,0.382356,0.420979,0.451108,0.323028,0.401142
0.31756,0.306375,0.431699,0.396605,0.370622,0.250465,0.368134,0.312193,1,0.556182,0.452981,0.335964,0.443847,0.421065,0.337745,0.385903,0.293807,0.386638,0.442823,0.398101,0.433855,0.223034,0.370847,0.428462,0.311519,0.398187,0.503958,0.370858,0.284717,0.416269,0.10682,0.263257,0.284343,0.313556,0.432303,0.198683,0.4615,0.477569,0.423144,0.379045,0.269204,0.379191,0.436989,0.340968,0.479859,0.351111,0.41957,0.257315,0.278034,0.406107,-0.0615506,0.474494,0.355326,0.328435,0.410647,0.339193,0.318529,0.485873,0.483386,0.18179,0.107625,0.24283,0.293559,0.400535,0.467431,0.508171,0.33233,0.401499,0.182497,0.397801,0.432576,0.388678,0.162125,0.304304,0.29004,0.487584,0.345191,0.12427,0.377195,0.133012,0.0262219,0.517895,0.321103,0.0122449,0.315711
0.608723,0.592807,0.724074,0.709225,0.642891,0.509841,0.685575,0.346824,0.556182,1,0.739751,0.649564,0.728613,0.605377,0.447818,0.561091,0.644068,0.59253,0.611973,0.790612,0.734113,0.393786,0.541006,0.690395,0.406873,0.650528,0.692713,0.445162,0.544709,0.421189,0.433299,0.316408,0.635984,0.57667,0.570217,0.39909,0.503998,0.711779,0.651538,0.62235,0.536812,0.404903,0.687682,0.517307,0.718295,0.635732,0.549048,0.475359,0.569241,0.659049,0.083729,0.731893,0.676479,0.626589,0.700024,0.667947,0.503108,0.682809,0.783953,0.499031,0.337346,0.513855,0.601385,0.709977,0.78893,0.526411,0.614184,0.699887,0.511894,0.622368,0.658299,0.59214,0.349569,0.270005,0.655973,0.659111,0.602275,0.29761,0.6772,0.281708,0.322168,0.637962,0.485573,0.486437,0.490735
0.79401,0.786763,0.885055,0.862035,0.695017,0.579625,0.706544,0.42815,0.452981,0.739751,1,0.654202,0.850766,0.703774,0.554012,0.759041,0.85879,0.637732,0.738675,0.825248,0.759477,0.447583,0.687214,0.863275,0.591798,0.832537,0.799762,0.584581,0.760456,0.452634,0.484983,0.334421,0.638816,0.598792,0.629371,0.489519,0.516731,0.750162,0.683558,0.765243,0.650936,0.578327,0.797152,0.724669,0.810495,0.773389,0.693963,0.667018,0.679526,0.616901,0.380975,0.698457,0.778312,0.738771,0.817743,0.837339,0.47721,0.738774,0.874635,0.728661,0.468669,0.699483,0.567008,0.784883,0.75791,0.526937,0.714551,0.847685,0.537685,0.782635,0.776968,0.754319,0.262048,0.396039,0.48552,0.661402,0.671728,0.283933,0.723856,0.427188,0.41169,0.662718,0.720249,0.47541,0.689994
0.679634,0.612152,0.71052,0.756693,0.698566,0.783098,0.728386,0.373202,0.335964,0.649564,0.654202,1,0.823415,0.610916,0.504065,0.67249,0.724623,0.61393,0.615538,0.731606,0.680753,0.560016,0.606655,0.659156,0.527653,0.648213,0.691009,0.523134,0.450992,0.283802,0.288474,0.451501,0.683573,0.619628,0.470238,0.404663,0.694757,0.654459,0.66932,0.69867,0.502789,0.502309,0.723739,0.646691,0.752763,0.658507,0.714294,0.572749,0.69232,0.635267,0.250394,0.712687,0.714806,0.632753,0.788743,0.613706,0.644276,0.671918,0.725921,0.449406,0.521096,0.598618,0.655551,0.733011,0.742878,0.553522,0.702526,0.715647,0.292622,0.743729,0.607924,0.667009,0.299614,0.391563,0.573472,0.618987,0.628053,0.604163,0.540192,0.2993,0.555349,0.720205,0.67322,0.589749,0.552347
0.815785,0.769101,0.879654,0.866487,0.702493,0.733771,0.753565,0.406184,0.443847,0.728613,0.850766,0.823415,1,0.761242,0.567542,0.767716,0.920571,0.714167,0.750708,0.820385,0.761475,0.548319,0.736213,0.84595,0.540874,0.78499,0.791836,0.561573,0.60593,0.435669,0.333195,0.390371,0.726372,0.643725,0.610222,0.496704,0.537074,0.728175,0.726233,0.779239,0.630102,0.635529,0.847222,0.751467,0.85525,0.774711,0.698468,0.713924,0.767182,0.679127,0.360861,0.694218,0.770632,0.764326,0.891358,0.806159,0.618341,0.76854,0.89785,0.58754,0.414653,0.777421,0.655858,0.771057,0.787991,0.621102,0.761375,0.860922,0.54365,0.829986,0.745669,0.747904,0.318611,0.297167,0.57199,0.726218,0.692398,0.428997,0.663073,0.396174,0.41245,0.743399,0.668692,0.577483,0.658821
0.802917,0.785525,0.822027,0.78372,0.715999,0.703256,0.734429,0.395399,0.421065,0.605377,0.703774,0.610916,0.761242,1,0.705603,0.68022,0.797536,0.703785,0.778668,0.787137,0.799266,0.505489,0.739274,0.828004,0.632191,0.878943,0.770874,0.740557,0.690673,0.396531,0.397106,0.530413,0.559662,0.737712,0.637162,0.316934,0.61151,0.688019,0.731571,0.840438,0.680851,0.749642,0.807578,0.799679,0.779371,0.689351,0.562307,0.593917,0.581321,0.611626,0.387622,0.653015,0.800886,0.732393,0.808317,0.807572,0.698918,0.744971,0.752424,0.713616,0.34495,0.702486,0.731198,0.743889,0.781532,0.433269,0.726132,0.788182,0.454303,0.74783,0.752915,0.6593,0.383197,0.359893,0.485076,0.772911,0.639782,0.252214,0.632478,0.383822,0.458796,0.732315,0.699659,0.394375,0.732695
0.810998,0.811509,0.717492,0.647859,0.652993,0.676289,0.370126,0.212081,0.337745,0.447818,0.554012,0.504065,0.567542,0.705603,1,0.732229,0.648236,0.569549,0.486176,0.699114,0.721168,0.315326,0.560226,0.642677,0.537892,0.700484,0.690758,0.508228,0.464182,0.504057,0.308879,0.294973,0.541488,0.614004,0.559437,0.232905,0.584524,0.569034,0.786346,0.689721,0.485758,0.595103,0.801351,0.768962,0.734229,0.579491,0.626132,0.583862,0.367448,0.487265,0.309497,0.577597,0.664375,0.595658,0.658199,0.713062,0.597623,0.745354,0.615367,0.455655,0.459936,0.520455,0.487511,0.64082,0.608657,0.229469,0.722981,0.635148,0.218606,0.63273,0.658431,0.662283,0.260921,0.426612,0.510853,0.703611,0.572523,0.23456,0.595093,0.275027,0.369094,0.643861,0.669938,0.284019,0.566462
0.803249,0.822185,0.759654,0.660854,0.623331,0.699611,0.551793,0.339281,0.385903,0.561091,0.759041,0.67249,0.767716,0.68022,0.732229,1,0.791767,0.657512,0.675826,0.730701,0.731424,0.359285,0.622736,0.763566,0.54921,0.779183,0.69864,0.533223,0.610239,0.370029,0.285221,0.409777,0.676292,0.665642,0.635085,0.322697,0.545065,0.647872,0.734519,0.788891,0.61123,0.504652,0.848102,0.852705,0.754937,0.699412,0.610897,0.666404,0.553044,0.572844,0.325733,0.607195,0.731148,0.612974,0.814758,0.856566,0.594613,0.861155,0.762283,0.633092,0.399405,0.666388,0.567209,0.6885,0.716763,0.327675,0.695399,0.760978,0.408337,0.758988,0.688263,0.68623,0.318305,0.562502,0.460406,0.699149,0.689577,0.378329,0.641346,0.389307,0.31364,0.693521,0.708762,0.470191,0.625094
0.88374,0.845489,0.891058,0.84769,0.720258,0.730621,0.750987,0.471459,0.293807,0.644068,0.85879,0.724623,0.920571,0.797536,0.648236,0.791767,1,0.778796,0.730182,0.833678,0.753366,0.547662,0.777903,0.903788,0.645584,0.853406,0.794604,0.59366,0.636992,0.401813,0.409773,0.403198,0.687759,0.648903,0.626275,0.490368,0.512567,0.676324,0.715905,0.819611,0.716267,0.674964,0.870135,0.805439,0.849637,0.769828,0.687221,0.788383,0.738483,0.64746,0.523474,0.665754,0.810259,0.79169,0.894576,0.87361,0.661251,0.789562,0.893248,0.675028,0.507538,0.85314,0.638023,0.769366,0.760815,0.484079,0.768951,0.913572,0.509624,0.851959,0.771815,0.772535,0.276755,0.366785,0.534828,0.689244,0.701175,0.334678,0.672967,0.514349,0.495942,0.729861,0.736387,0.614808,0.718377
0.773833,0.718872,0.737381,0.6738,0.622499,0.667262,0.693712,0.458648,0.386638,0.59253,0.637732,0.61393,0.714167,0.703785,0.569549,0.657512,0.778796,1,0.568623,0.669645,0.663554,0.347909,0.57735,0.767061,0.62075,0.73677,0.698297,0.544811,0.454936,0.229225,0.210815,0.352137,0.552246,0.653965,0.394652,0.394565,0.613115,0.483794,0.590132,0.680894,0.680246,0.479963,0.749869,0.723922,0.696066,0.558384,0.5406,0.590058,0.590721,0.561692,0.41842,0.578302,0.698158,0.592141,0.748032,0.741299,0.635621,0.765548,0.740069,0.65572,0.492409,0.665686,0.539524,0.645113,0.670285,0.581888,0.646325,0.743646,0.413604,0.660828,0.599183,0.527934,0.472544,0.317546,0.531476,0.669602,0.584912,0.373492,0.496302,0.329629,0.476825,0.684069,0.744934,0.511093,0.607903
0.652627,0.66532,0.746478,0.657925,0.694155,0.574393,0.755282,0.449794,0.442823,0.611973,0.738675,0.615538,0.750708,0.778668,0.486176,0.675826,0.730182,0.568623,1,0.805224,0.816369,0.517313,0.793822,0.804697,0.431545,0.809085,0.777452,0.720502,0.736906,0.384572,0.406286,0.455403,0.539293,0.810706,0.66202,0.249943,0.49589,0.737415,0.744036,0.751041,0.595545,0.664035,0.723151,0.658412,0.72513,0.77331,0.58654,0.614877,0.650188,0.650619,0.225111,0.621726,0.776198,0.722283,0.799266,0.714447,0.604669,0.741097,0.740705,0.56038,0.227654,0.742299,0.830486,0.822017,0.869402,0.420959,0.703578,0.760035,0.514573,0.706421,0.794348,0.694079,0.407907,0.426937,0.503026,0.738476,0.751358,0.258316,0.656952,0.433055,0.454128,0.767444,0.654443,0.377445,0.756152
0.8224,0.834038,0.874984,0.828594,0.800573,0.720729,0.754725,0.352383,0.398101,0.790612,0.825248,0.731606,0.820385,0.787137,0.699114,0.730701,0.833678,0.669645,0.805224,1,0.910783,0.546981,0.784649,0.850489,0.600334,0.862215,0.883352,0.728145,0.717755,0.415271,0.55427,0.389094,0.699022,0.790905,0.676245,0.359998,0.675878,0.844041,0.867417,0.829774,0.617227,0.642993,0.8771,0.756923,0.893067,0.855345,0.722234,0.666584,0.67071,0.670179,0.282482,0.797628,0.904185,0.799559,0.864837,0.814122,0.594625,0.814032,0.874204,0.597193,0.453676,0.722325,0.821369,0.907549,0.910209,0.436327,0.790392,0.840261,0.468633,0.774628,0.829925,0.803728,0.39256,0.378017,0.638914,0.770128,0.810893,0.406193,0.771497,0.471057,0.520245,0.802526,0.731797,0.49663,0.802479
0.813908,0.7827,0.892814,0.78084,0.82881,0.677889,0.711659,0.332174,0.433855,0.734113,0.759477,0.680753,0.761475,0.799266,0.721168,0.731424,0.753366,0.663554,0.816369,0.910783,1,0.516637,0.767705,0.816001,0.5144,0.837748,0.888796,0.748427,0.667697,0.378048,0.598645,0.375832,0.766113,0.878038,0.760955,0.302153,0.64838,0.826021,0.89831,0.843916,0.636829,0.664485,0.852025,0.7088,0.884731,0.860114,0.697683,0.583855,0.618033,0.732222,0.239532,0.770479,0.886534,0.717331,0.846431,0.778335,0.703694,0.853409,0.820753,0.633789,0.392076,0.6458,0.780001,0.899145,0.915884,0.516599,0.831861,0.830599,0.541708,0.727995,0.888904,0.780907,0.564369,0.361637,0.68925,0.844821,0.851092,0.429428,0.7843,0.36354,0.530196,0.877482,0.74614,0.471769,0.747994
0.393955,0.362676,0.477996,0.530744,0.501348,0.462103,0.587862,0.256962,0.223034,0.393786,0.447583,0.560016,0.548319,0.505489,0.315326,0.359285,0.547662,0.347909,0.517313,0.546981,0.516637,1,0.60996,0.520247,0.424729,0.536345,0.457988,0.595508,0.379202,-0.011958,0.420177,0.329029,0.457598,0.379879,0.497458,0.183981,0.52263,0.499414,0.540272,0.488873,0.406628,0.484557,0.425923,0.33156,0.571935,0.571366,0.509772,0.478183,0.490776,0.337105,0.387431,0.551785,0.584218,0.601258,0.531053,0.36133,0.420517,0.309518,0.446962,0.264459,0.381734,0.450296,0.471328,0.541715,0.528016,0.35117,0.496399,0.516219,0.141431,0.480648,0.437971,0.512193,0.290922,0.21363,0.394184,0.379073,0.500586,0.375676,0.328386,0.469373,0.409737,0.537346,0.46392,0.41212,0.480149
0.729855,0.707583,0.787046,0.701692,0.680559,0.586488,0.701147,0.355195,0.370847,0.541006,0.687214,0.606655,0.736213,0.739274,0.560226,0.622736,0.777903,0.57735,0.793822,0.784649,0.767705,0.60996,1,0.861354,0.580541,0.785071,0.795098,0.688451,0.606263,0.298819,0.451333,0.454629,0.637799,0.679006,0.648609,0.22129,0.436129,0.700779,0.748334,0.737801,0.620311,0.666372,0.745455,0.654908,0.82683,0.780223,0.604925,0.62539,0.741828,0.590263,0.442749,0.720255,0.769512,0.730177,0.808416,0.648177,0.691254,0.624935,0.787303,0.504975,0.347043,0.735584,0.684756,0.779473,0.777012,0.381364,0.817918,0.85856,0.48768,0.820979,0.794138,0.795087,0.328919,0.280918,0.603543,0.702067,0.737071,0.320475,0.708735,0.46644,0.469525,0.764156,0.619784,0.485106,0.685097
0.885627,0.839432,0.919892,0.815319,0.710257,0.682859,0.809019,0.496134,0.428462,0.690395,0.863275,0.659156,0.84595,0.828004,0.642677,0.763566,0.903788,0.767061,0.804697,0.850489,0.816001,0.520247,0.861354,1,0.706205,0.914094,0.906155,0.697289,0.692758,0.357368,0.387654,0.479801,0.685529,0.752625,0.629479,0.468216,0.52713,0.767245,0.744054,0.819225,0.71314,0.6724,0.866882,0.804223,0.909875,0.83347,0.709344,0.683195,0.706036,0.73103,0.463358,0.793633,0.875909,0.813972,0.90428,0.815856,0.711249,0.795098,0.936519,0.71891,0.506311,0.858082,0.665655,0.869946,0.838859,0.504086,0.852163,0.945407,0.529712,0.865577,0.867636,0.831207,0.365592,0.317988,0.609775,0.776617,0.762677,0.2485,0.721867,0.394057,0.550372,0.818224,0.720739,0.577818,0.704279
0.653259,0.619349,0.650816,0.635985,0.55175,0.587589,0.596343,0.393468,0.311519,0.406873,0.591798,0.527653,0.540874,0.632191,0.537892,0.54921,0.645584,0.62075,0.431545,0.600334,0.5144,0.424729,0.580541,0.706205,1,0.777358,0.639762,0.592721,0.564279,0.282197,0.343777,0.404015,0.420742,0.447282,0.379556,0.37848,0.545978,0.544603,0.505962,0.636912,0.554465,0.523861,0.600771,0.612629,0.659661,0.464928,0.526351,0.437921,0.458475,0.404443,0.366377,0.564675,0.653267,0.521224,0.597411,0.635258,0.492626,0.49778,0.63121,0.615667,0.531963,0.55038,0.465767,0.606596,0.524544,0.299112,0.582927,0.607354,-0.00379639,0.683053,0.590844,0.587252,0.149814,0.450239,0.329619,0.458855,0.485282,0.189066,0.534692,0.317657,0.474652,0.557322,0.592855,0.496338,0.505696
0.841071,0.822197,0.87838,0.828901,0.768986,0.735413,0.751699,0.433335,0.398187,0.650528,0.832537,0.648213,0.78499,0.878943,0.700484,0.779183,0.853406,0.73677,0.809085,0.862215,0.837748,0.536345,0.785071,0.914094,0.777358,1,0.84151,0.772357,0.808144,0.415178,0.509159,0.521578,0.628797,0.735997,0.637212,0.456242,0.633568,0.752923,0.77108,0.87285,0.754719,0.745863,0.836493,0.808649,0.854712,0.763778,0.674574,0.636372,0.668987,0.642748,0.472614,0.705057,0.906182,0.803458,0.866862,0.865004,0.650056,0.787321,0.837556,0.754045,0.509822,0.794393,0.744717,0.8268,0.828825,0.448931,0.815849,0.849781,0.379043,0.81727,0.807218,0.745695,0.404678,0.476975,0.533266,0.740165,0.752413,0.238822,0.73507,0.455216,0.584422,0.750135,0.744803,0.506821,0.752397
0.864036,0.802336,0.919749,0.808753,0.789464,0.717503,0.754144,0.48669,0.503958,0.692713,0.799762,0.691009,0.791836,0.770874,0.690758,0.69864,0.794604,0.698297,0.777452,0.883352,0.888796,0.457988,0.795098,0.906155,0.639762,0.84151,1,0.725576,0.641488,0.435046,0.413602,0.482621,0.688118,0.810651,0.630381,0.379897,0.629619,0.775164,0.829688,0.788989,0.587915,0.641135,0.853108,0.754669,0.928927,0.838706,0.792072,0.632077,0.677702,0.828938,0.293222,0.853102,0.864321,0.772906,0.87037,0.732618,0.746501,0.808658,0.901741,0.623921,0.475002,0.749209,0.71927,0.924898,0.882362,0.532077,0.849645,0.889591,0.504164,0.805908,0.911122,0.883656,0.439346,0.347331,0.677666,0.82159,0.807264,0.311649,0.750688,0.321781,0.633464,0.900408,0.773321,0.523077,0.728421
0.620214,0.64266,0.673218,0.596136,0.643388,0.612496,0.651935,0.204637,0.370858,0.445162,0.584581,0.523134,0.561573,0.740557,0.508228,0.533223,0.59366,0.544811,0.720502,0.728145,0.748427,0.595508,0.688451,0.697289,0.592721,0.772357,0.725576,1,0.57445,0.148478,0.468371,0.465849,0.507084,0.711256,0.594496,0.171198,0.707997,0.642429,0.679985,0.751352,0.45816,0.590879,0.664364,0.660174,0.714451,0.742926,0.612205,0.437717,0.499462,0.518537,0.348587,0.610795,0.831483,0.743273,0.740614,0.577512,0.487871,0.656674,0.617644,0.466909,0.411954,0.574532,0.664683,0.743515,0.712778,0.402167,0.62403,0.664122,0.326835,0.515797,0.63926,0.61409,0.373477,0.320198,0.388586,0.581088,0.679227,0.286715,0.537791,0.423954,0.534824,0.731864,0.706778,0.315391,0.687451
0.611039,0.591108,0.678894,0.628547,0.595486,0.531788,0.598895,0.300661,0.284717,0.544709,0.760456,0.450992,0.60593,0.690673,0.464182,0.610239,0.636992,0.454936,0.736906,0.717755,0.667697,0.379202,0.606263,0.692758,0.564279,0.808144,0.641488,0.57445,1,0.420331,0.579689,0.314498,0.45967,0.517112,0.478835,0.354987,0.380119,0.629331,0.604014,0.696408,0.639879,0.584047,0.606162,0.5768,0.64203,0.621524,0.482153,0.458896,0.617246,0.439553,0.298646,0.491741,0.694328,0.690521,0.679267,0.73094,0.376794,0.549582,0.617793,0.710657,0.241524,0.609957,0.63319,0.669031,0.687835,0.296902,0.587529,0.641602,0.381182,0.579355,0.660059,0.60339,0.411696,0.421698,0.353358,0.557094,0.618933,0.083113,0.659782,0.437447,0.397159,0.521379,0.567171,0.326279,0.662374
0.425121,0.423618,0.475741,0.47182,0.42768,0.273068,0.119244,0.269881,0.416269,0.421189,0.452634,0.283802,0.435669,0.396531,0.504057,0.370029,0.401813,0.229225,0.384572,0.415271,0.378048,-0.011958,0.298819,0.357368,0.282197,0.415178,0.435046,0.148478,0.420331,1,0.22888,0.0934198,0.2029,0.177596,0.322368,0.157321,0.164312,0.252707,0.467122,0.35992,0.261164,0.366744,0.393586,0.370283,0.390036,0.177693,0.275863,0.39363,0.385593,0.376901,0.0738341,0.215033,0.308184,0.392877,0.362482,0.505143,0.316183,0.422392,0.440023,0.289862,0.193925,0.322039,0.377971,0.360141,0.341852,0.137607,0.412368,0.361552,0.164099,0.366762,0.48611,0.459348,-0.0129687,0.545456,0.278278,0.38727,0.246634,-0.179675,0.504646,0.116398,0.117213,0.297224,0.278258,0.258819,0.33209
0.362411,0.308768,0.481453,0.489794,0.602033,0.322809,0.415784,0.184031,0.10682,0.433299,0.484983,0.288474,0.333195,0.397106,0.308879,0.285221,0.409773,0.210815,0.406286,0.55427,0.598645,0.420177,0.451333,0.387654,0.343777,0.509159,0.413602,0.468371,0.579689,0.22888,1,0.0564821,0.418219,0.370659,0.553762,0.307592,0.322035,0.540406,0.528133,0.516965,0.546167,0.411275,0.408242,0.18232,0.48258,0.542009,0.36871,0.325422,0.384747,0.26084,0.219275,0.30672,0.5441,0.43626,0.409741,0.471106,0.217973,0.352305,0.385993,0.407315,0.161474,0.314538,0.495014,0.46426,0.536652,0.273608,0.386936,0.480487,0.214785,0.315246,0.510256,0.382412,0.403888,0.277421,0.304723,0.355806,0.554152,0.210982,0.603059,0.460185,0.288527,0.393723,0.337198,0.32205,0.470442
0.39273,0.43799,0.378849,0.439499,0.399932,0.560782,0.451256,0.416292,0.263257,0.316408,0.334421,0.451501,0.390371,0.530413,0.294973,0.409777,0.403198,0.352137,0.455403,0.389094,0.375832,0.329029,0.454629,0.479801,0.404015,0.521578,0.482621,0.465849,0.314498,0.0934198,0.0564821,1,0.341385,0.389483,0.224078,0.292839,0.391707,0.367646,0.374364,0.477399,0.387478,0.254615,0.361476,0.478189,0.415861,0.289375,0.411833,0.364703,0.439213,0.534672,0.287473,0.586457,0.412968,0.45863,0.477757,0.382111,0.463532,0.373723,0.409256,0.359887,0.291184,0.435666,0.472097,0.41515,0.496033,0.188083,0.445242,0.487629,0.253819,0.564161,0.327945,0.444455,0.226067,0.279547,0.376543,0.373409,0.229778,0.18111,0.271588,0.229949,0.560951,0.406365,0.466475,0.351559,0.501691
0.670582,0.63875,0.758919,0.6392,0.575384,0.548668,0.58331,0.178562,0.284343,0.635984,0.638816,0.683573,0.726372,0.559662,0.541488,0.676292,0.687759,0.552246,0.539293,0.699022,0.766113,0.457598,0.637799,0.685529,0.420742,0.628797,0.688118,0.507084,0.45967,0.2029,0.418219,0.341385,1,0.614296,0.587269,0.403707,0.472949,0.710374,0.635242,0.681947,0.586072,0.44568,0.666393,0.537406,0.783463,0.710908,0.57227,0.429085,0.599797,0.698453,0.34847,0.741217,0.682704,0.602346,0.743141,0.59517,0.602312,0.689842,0.710431,0.513169,0.340338,0.586849,0.477562,0.712219,0.689265,0.458325,0.758401,0.756405,0.583406,0.626799,0.670969,0.724612,0.414799,0.169603,0.5918,0.620772,0.65223,0.366444,0.626771,0.21626,0.417032,0.738903,0.497682,0.542437,0.401156
0.72289,0.703901,0.736014,0.599991,0.740766,0.646707,0.699063,0.414495,0.313556,0.57667,0.598792,0.619628,0.643725,0.737712,0.614004,0.665642,0.648903,0.653965,0.810706,0.790905,0.878038,0.379879,0.679006,0.752625,0.447282,0.735997,0.810651,0.711256,0.517112,0.177596,0.370659,0.389483,0.614296,1,0.65478,0.233456,0.591526,0.728049,0.766345,0.70512,0.547628,0.576218,0.791698,0.686522,0.741343,0.785251,0.64424,0.546885,0.480141,0.674141,0.113201,0.679191,0.79602,0.594983,0.758481,0.67421,0.686053,0.816267,0.709035,0.560126,0.315598,0.618507,0.792978,0.850531,0.874309,0.447029,0.733499,0.728343,0.483441,0.654641,0.811311,0.632251,0.547244,0.266774,0.581858,0.832771,0.823843,0.467395,0.6241,0.274642,0.528147,0.852226,0.715801,0.389716,0.665689
0.574777,0.630323,0.68083,0.580822,0.633616,0.412727,0.569521,0.354387,0.432303,0.570217,0.629371,0.470238,0.610222,0.637162,0.559437,0.635085,0.626275,0.394652,0.66202,0.676245,0.760955,0.497458,0.648609,0.629479,0.379556,0.637212,0.630381,0.594496,0.478835,0.322368,0.553762,0.224078,0.587269,0.65478,1,0.132593,0.410608,0.705214,0.66211,0.636614,0.456589,0.612867,0.684068,0.529281,0.647567,0.707976,0.529794,0.54986,0.360372,0.544702,0.0923296,0.517026,0.634564,0.525694,0.650564,0.632353,0.534217,0.681637,0.652005,0.469044,0.190849,0.472438,0.532631,0.631862,0.711273,0.434742,0.597331,0.663278,0.436889,0.592663,0.719694,0.584544,0.275118,0.378063,0.448844,0.650601,0.695704,0.273849,0.68181,0.331293,0.162919,0.712584,0.484147,0.355641,0.502411
0.4473,0.311754,0.434241,0.540865,0.366924,0.472025,0.386677,0.370212,0.198683,0.39909,0.489519,0.404663,0.496704,0.316934,0.232905,0.322697,0.490368,0.394565,0.249943,0.359998,0.302153,0.183981,0.22129,0.468216,0.37848,0.456242,0.379897,0.171198,0.354987,0.157321,0.307592,0.292839,0.403707,0.233456,0.132593,1,0.231972,0.420521,0.239874,0.438376,0.511325,0.379415,0.433962,0.302462,0.451575,0.409556,0.548159,0.391574,0.397144,0.347561,0.329706,0.335886,0.401783,0.447162,0.470984,0.438434,0.201998,0.356679,0.473044,0.314938,0.356996,0.475583,0.213118,0.347867,0.373525,0.474812,0.355626,0.501494,0.140304,0.461032,0.328476,0.337596,0.168074,-0.0661911,0.198524,0.302239,0.31899,0.113857,0.319382,0.187232,0.449346,0.294324,0.298752,0.280418,0.214982
0.573241,0.568496,0.573808,0.598835,0.584335,0.625308,0.548521,0.215673,0.4615,0.503998,0.516731,0.694757,0.537074,0.61151,0.584524,0.545065,0.512567,0.613115,0.49589,0.675878,0.64838,0.52263,0.436129,0.52713,0.545978,0.633568,0.629619,0.707997,0.380119,0.164312,0.322035,0.391707,0.472949,0.591526,0.410608,0.231972,1,0.54322,0.621515,0.672185,0.396639,0.497048,0.647027,0.638903,0.63817,0.567629,0.635762,0.388,0.381924,0.412177,0.293757,0.658231,0.702478,0.533427,0.614368,0.509385,0.46031,0.653626,0.533036,0.363021,0.494306,0.433094,0.590726,0.612834,0.615054,0.476745,0.528741,0.519311,0.0783988,0.498062,0.450702,0.486112,0.261488,0.410551,0.380942,0.516186,0.550405,0.469944,0.396841,0.26933,0.470215,0.647358,0.699212,0.207259,0.552048
0.676329,0.702116,0.792922,0.729004,0.718643,0.604078,0.732267,0.342168,0.477569,0.711779,0.750162,0.654459,0.728175,0.688019,0.569034,0.647872,0.676324,0.483794,0.737415,0.844041,0.826021,0.499414,0.700779,0.767245,0.544603,0.752923,0.775164,0.642429,0.629331,0.252707,0.540406,0.367646,0.710374,0.728049,0.705214,0.420521,0.54322,1,0.709717,0.684308,0.604338,0.579953,0.763383,0.599185,0.81254,0.832685,0.690102,0.526144,0.492407,0.65491,0.127842,0.735719,0.784889,0.67919,0.751347,0.661151,0.470743,0.706941,0.778695,0.535342,0.321207,0.60972,0.678966,0.843996,0.849933,0.492812,0.727348,0.745763,0.402693,0.699373,0.756073,0.707964,0.394283,0.238025,0.539081,0.705364,0.728583,0.382619,0.704387,0.26558,0.351313,0.74906,0.514608,0.394499,0.605871
0.799736,0.757491,0.813626,0.770148,0.816846,0.732735,0.60061,0.333434,0.423144,0.651538,0.683558,0.66932,0.726233,0.731571,0.786346,0.734519,0.715905,0.590132,0.744036,0.867417,0.89831,0.540272,0.748334,0.744054,0.505962,0.77108,0.829688,0.679985,0.604014,0.467122,0.528133,0.374364,0.635242,0.766345,0.66211,0.239874,0.621515,0.709717,1,0.807954,0.563573,0.594808,0.823748,0.71528,0.841834,0.778282,0.682925,0.677658,0.606613,0.618753,0.252145,0.698715,0.814173,0.732797,0.801867,0.758973,0.658911,0.773246,0.751409,0.480707,0.431156,0.588385,0.73841,0.831512,0.837302,0.344231,0.786756,0.767332,0.416884,0.723376,0.808796,0.774952,0.500822,0.43525,0.678486,0.799118,0.763802,0.423877,0.723363,0.446722,0.494558,0.771581,0.747179,0.454912,0.783595
0.829312,0.78251,0.833994,0.784578,0.688028,0.729087,0.693137,0.273057,0.379045,0.62235,0.765243,0.69867,0.779239,0.840438,0.689721,0.788891,0.819611,0.680894,0.751041,0.829774,0.843916,0.488873,0.737801,0.819225,0.636912,0.87285,0.788989,0.751352,0.696408,0.35992,0.516965,0.477399,0.681947,0.70512,0.636614,0.438376,0.672185,0.684308,0.807954,1,0.663444,0.717093,0.851804,0.809513,0.834472,0.790495,0.634341,0.578584,0.632148,0.595046,0.45192,0.680146,0.863764,0.723292,0.875442,0.834604,0.664809,0.827375,0.792295,0.63285,0.426219,0.730389,0.677383,0.753203,0.782287,0.4362,0.722787,0.827522,0.407472,0.771365,0.74757,0.717107,0.291006,0.420405,0.511949,0.702807,0.70086,0.322379,0.694148,0.464792,0.54215,0.743812,0.750517,0.44571,0.738866
0.614694,0.545892,0.662545,0.636261,0.713949,0.60175,0.634719,0.504107,0.269204,0.536812,0.650936,0.502789,0.630102,0.680851,0.485758,0.61123,0.716267,0.680246,0.595545,0.617227,0.636829,0.406628,0.620311,0.71314,0.554465,0.754719,0.587915,0.45816,0.639879,0.261164,0.546167,0.387478,0.586072,0.547628,0.456589,0.511325,0.396639,0.604338,0.563573,0.663444,1,0.543325,0.637946,0.506415,0.644344,0.573465,0.449412,0.551664,0.595956,0.531538,0.516357,0.464344,0.660764,0.626055,0.660672,0.721703,0.52393,0.612198,0.594637,0.701377,0.242172,0.650448,0.559937,0.579286,0.69788,0.480333,0.618809,0.741042,0.378424,0.680372,0.582367,0.463017,0.522496,0.385762,0.365841,0.657457,0.624561,0.22324,0.627667,0.519082,0.411788,0.552991,0.547208,0.493924,0.528816
0.630002,0.540615,0.673674,0.642149,0.639985,0.556685,0.558373,0.325387,0.379191,0.404903,0.578327,0.502309,0.635529,0.749642,0.595103,0.504652,0.674964,0.479963,0.664035,0.642993,0.664485,0.484557,0.666372,0.6724,0.523861,0.745863,0.641135,0.590879,0.584047,0.366744,0.411275,0.254615,0.44568,0.576218,0.612867,0.379415,0.497048,0.579953,0.594808,0.717093,0.543325,1,0.67866,0.591106,0.669106,0.625877,0.593665,0.486591,0.458117,0.398537,0.329923,0.460194,0.664025,0.62863,0.687336,0.589579,0.567081,0.583245,0.597536,0.46816,0.321271,0.636537,0.591573,0.597344,0.6213,0.405027,0.619684,0.620532,0.216189,0.672968,0.663704,0.549306,0.178918,0.227596,0.34924,0.643029,0.645565,0.186599,0.598933,0.419483,0.496142,0.654177,0.524175,0.146609,0.509644
0.933209,0.88745,0.87892,0.798934,0.779449,0.809599,0.680093,0.349654,0.436989,0.687682,0.797152,0.723739,0.847222,0.807578,0.801351,0.848102,0.870135,0.749869,0.723151,0.8771,0.852025,0.425923,0.745455,0.866882,0.600771,0.836493,0.853108,0.664364,0.606162,0.393586,0.408242,0.361476,0.666393,0.791698,0.684068,0.433962,0.647027,0.763383,0.823748,0.851804,0.637946,0.67866,1,0.8999,0.900175,0.845922,0.80288,0.751787,0.635602,0.651685,0.339489,0.712693,0.873148,0.758519,0.919241,0.884051,0.693574,0.918903,0.889007,0.597378,0.501431,0.744909,0.666505,0.828019,0.840814,0.528646,0.800345,0.88286,0.443014,0.823683,0.815376,0.773959,0.345345,0.331177,0.630246,0.807123,0.79299,0.474653,0.753127,0.392439,0.44725,0.825887,0.768424,0.469286,0.715124
0.91117,0.923372,0.792094,0.721726,0.643619,0.791207,0.579416,0.289327,0.340968,0.517307,0.724669,0.646691,0.751467,0.799679,0.768962,0.852705,0.805439,0.723922,0.658412,0.756923,0.7088,0.33156,0.654908,0.804223,0.612629,0.808649,0.754669,0.660174,0.5768,0.370283,0.18232,0.478189,0.537406,0.686522,0.529281,0.302462,0.638903,0.599185,0.71528,0.809513,0.506415,0.591106,0.8999,1,0.773863,0.690387,0.690953,0.693089,0.550237,0.534891,0.389323,0.649879,0.78964,0.72196,0.854585,0.85409,0.626441,0.847511,0.789728,0.639264,0.576697,0.698112,0.597874,0.73106,0.691291,0.353713,0.739292,0.767449,0.369317,0.761898,0.672087,0.710953,0.222776,0.369353,0.550401,0.673645,0.599533,0.37617,0.607206,0.259958,0.438921,0.69166,0.775228,0.407549,0.715359
0.896588,0.809833,0.93544,0.838261,0.77547,0.773333,0.738954,0.328333,0.479859,0.718295,0.810495,0.752763,0.85525,0.779371,0.734229,0.754937,0.849637,0.696066,0.72513,0.893067,0.884731,0.571935,0.82683,0.909875,0.659661,0.854712,0.928927,0.714451,0.64203,0.390036,0.48258,0.415861,0.783463,0.741343,0.647567,0.451575,0.63817,0.81254,0.841834,0.834472,0.644344,0.669106,0.900175,0.773863,1,0.873901,0.805749,0.631053,0.728956,0.766097,0.405666,0.846607,0.906138,0.815691,0.898861,0.764856,0.716317,0.812282,0.91579,0.595412,0.539929,0.765074,0.665552,0.88748,0.854642,0.575109,0.89572,0.917152,0.459096,0.819962,0.862168,0.878368,0.416804,0.304487,0.689149,0.79028,0.802736,0.387292,0.784057,0.380053,0.574848,0.87601,0.723179,0.590767,0.690324
0.783129,0.731764,0.843287,0.718815,0.708593,0.64875,0.725576,0.30084,0.351111,0.635732,0.773389,0.658507,0.774711,0.689351,0.579491,0.699412,0.769828,0.558384,0.77331,0.855345,0.860114,0.571366,0.780223,0.83347,0.464928,0.763778,0.838706,0.742926,0.621524,0.177693,0.542009,0.289375,0.710908,0.785251,0.707976,0.409556,0.567629,0.832685,0.778282,0.790495,0.573465,0.625877,0.845922,0.690387,0.873901,1,0.765841,0.609248,0.599378,0.649428,0.311155,0.732711,0.861491,0.778046,0.867121,0.680209,0.599207,0.769933,0.815511,0.500595,0.369112,0.707136,0.674188,0.856867,0.838512,0.493947,0.741551,0.853357,0.539782,0.691254,0.819911,0.777193,0.438474,0.175894,0.53988,0.726043,0.884322,0.375778,0.690566,0.388026,0.46042,0.817509,0.677408,0.425757,0.651248
0.762943,0.674617,0.728276,0.711606,0.754214,0.769694,0.573436,0.372203,0.41957,0.549048,0.693963,0.714294,0.698468,0.562307,0.626132,0.610897,0.687221,0.5406,0.58654,0.722234,0.697683,0.509772,0.604925,0.709344,0.526351,0.674574,0.792072,0.612205,0.482153,0.275863,0.36871,0.411833,0.57227,0.64424,0.529794,0.548159,0.635762,0.690102,0.682925,0.634341,0.449412,0.593665,0.80288,0.690953,0.805749,0.765841,1,0.720202,0.593067,0.637461,0.271833,0.723182,0.75253,0.750279,0.79089,0.619667,0.576472,0.71469,0.72845,0.371337,0.643386,0.614752,0.532073,0.801912,0.724378,0.545152,0.726927,0.75208,0.250318,0.697555,0.715455,0.781861,0.301569,0.192032,0.603245,0.617496,0.68764,0.459309,0.614892,0.287825,0.629222,0.774366,0.727637,0.388655,0.579732
0.728359,0.707134,0.656253,0.691269,0.711214,0.665245,0.546844,0.54858,0.257315,0.475359,0.667018,0.572749,0.713924,0.593917,0.583862,0.666404,0.788383,0.590058,0.614877,0.666584,0.583855,0.478183,0.62539,0.683195,0.437921,0.636372,0.632077,0.437717,0.458896,0.39363,0.325422,0.364703,0.429085,0.546885,0.54986,0.391574,0.388,0.526144,0.677658,0.578584,0.551664,0.486591,0.751787,0.693089,0.631053,0.609248,0.720202,1,0.64332,0.51999,0.42304,0.477872,0.631198,0.678823,0.734387,0.761295,0.547186,0.671262,0.693892,0.435463,0.532522,0.673757,0.549662,0.671391,0.650435,0.333572,0.631248,0.748686,0.378868,0.716787,0.650433,0.690914,0.280459,0.316694,0.548302,0.521528,0.572501,0.381455,0.556289,0.420527,0.354223,0.58897,0.646095,0.456366,0.694125
0.652176,0.536567,0.707113,0.715552,0.628274,0.624502,0.607413,0.329589,0.278034,0.569241,0.679526,0.69232,0.767182,0.581321,0.367448,0.553044,0.738483,0.590721,0.650188,0.67071,0.618033,0.490776,0.741828,0.706036,0.458475,0.668987,0.677702,0.499462,0.617246,0.385593,0.384747,0.439213,0.599797,0.480141,0.360372,0.397144,0.381924,0.492407,0.606613,0.632148,0.595956,0.458117,0.635602,0.550237,0.728956,0.599378,0.593067,0.64332,1,0.618101,0.551156,0.606767,0.670904,0.681049,0.754752,0.635498,0.623372,0.548321,0.731544,0.481421,0.437397,0.659478,0.58992,0.65678,0.657518,0.495874,0.718551,0.802128,0.54292,0.698934,0.648798,0.726727,0.403949,0.27787,0.5726,0.493994,0.61068,0.408989,0.614881,0.435759,0.525128,0.60861,0.591942,0.604424,0.606556
0.672026,0.603359,0.765595,0.644305,0.647255,0.60281,0.690927,0.484958,0.406107,0.659049,0.616901,0.635267,0.679127,0.611626,0.487265,0.572844,0.64746,0.561692,0.650619,0.670179,0.732222,0.337105,0.590263,0.73103,0.404443,0.642748,0.828938,0.518537,0.439553,0.376901,0.26084,0.534672,0.698453,0.674141,0.544702,0.347561,0.412177,0.65491,0.618753,0.595046,0.531538,0.398537,0.651685,0.534891,0.766097,0.649428,0.637461,0.51999,0.618101,1,0.25892,0.720831,0.698747,0.627013,0.724907,0.554902,0.744875,0.701973,0.773314,0.49227,0.359346,0.682302,0.54928,0.763448,0.764746,0.534455,0.756581,0.784114,0.554704,0.641168,0.745116,0.753906,0.447881,0.317964,0.654331,0.667931,0.620246,0.168553,0.610745,0.142971,0.563119,0.77726,0.529499,0.61964,0.495628
0.453538,0.371711,0.412207,0.432138,0.216874,0.314548,0.277497,0.146106,-0.0615506,0.083729,0.380975,0.250394,0.360861,0.387622,0.309497,0.325733,0.523474,0.41842,0.225111,0.282482,0.239532,0.387431,0.442749,0.463358,0.366377,0.472614,0.293222,0.348587,0.298646,0.0738341,0.219275,0.287473,0.34847,0.113201,0.0923296,0.329706,0.293757,0.127842,0.252145,0.45192,0.516357,0.329923,0.339489,0.389323,0.405666,0.311155,0.271833,0.42304,0.551156,0.25892,1,0.254677,0.443277,0.459533,0.422173,0.354305,0.319443,0.259987,0.372414,0.30104,0.493953,0.546884,0.117527,0.22366,0.157339,0.2316,0.483036,0.531867,0.27746,0.384835,0.209706,0.370307,0.142437,0.125164,0.166343,0.0725729,0.236948,0.00582634,0.164453,0.27399,0.334234,0.166965,0.348563,0.296272,0.318209
0.723009,0.704145,0.777139,0.709554,0.619533,0.610308,0.695246,0.346022,0.474494,0.731893,0.698457,0.712687,0.694218,0.653015,0.577597,0.607195,0.665754,0.578302,0.621726,0.797628,0.770479,0.551785,0.720255,0.793633,0.564675,0.705057,0.853102,0.610795,0.491741,0.215033,0.30672,0.586457,0.741217,0.679191,0.517026,0.335886,0.658231,0.735719,0.698715,0.680146,0.464344,0.460194,0.712693,0.649879,0.846607,0.732711,0.723182,0.477872,0.606767,0.720831,0.254677,1,0.747742,0.662276,0.742177,0.57111,0.677327,0.658647,0.792438,0.521752,0.502213,0.586324,0.604022,0.834871,0.781891,0.431794,0.776892,0.777891,0.447876,0.745207,0.746225,0.823842,0.312886,0.196888,0.700154,0.682805,0.632935,0.392346,0.619066,0.211814,0.586686,0.799194,0.659354,0.489094,0.576614
0.842336,0.79089,0.861297,0.780375,0.783107,0.760433,0.7607,0.320447,0.355326,0.676479,0.778312,0.714806,0.770632,0.800886,0.664375,0.731148,0.810259,0.698158,0.776198,0.904185,0.886534,0.584218,0.769512,0.875909,0.653267,0.906182,0.864321,0.831483,0.694328,0.308184,0.5441,0.412968,0.682704,0.79602,0.634564,0.401783,0.702478,0.784889,0.814173,0.863764,0.660764,0.664025,0.873148,0.78964,0.906138,0.861491,0.75253,0.631198,0.670904,0.698747,0.443277,0.747742,1,0.838663,0.901766,0.795197,0.661593,0.834498,0.857824,0.631121,0.595719,0.78075,0.742873,0.89511,0.862158,0.509566,0.836551,0.862627,0.388408,0.731018,0.808783,0.779532,0.435759,0.364175,0.620595,0.727245,0.805526,0.381173,0.725042,0.416049,0.609995,0.82404,0.732471,0.53714,0.7568
0.766085,0.732063,0.77889,0.734313,0.738809,0.75498,0.671804,0.353643,0.328435,0.626589,0.738771,0.632753,0.764326,0.732393,0.595658,0.612974,0.79169,0.592141,0.722283,0.799559,0.717331,0.601258,0.730177,0.813972,0.521224,0.803458,0.772906,0.743273,0.690521,0.392877,0.43626,0.45863,0.602346,0.594983,0.525694,0.447162,0.533427,0.67919,0.732797,0.723292,0.626055,0.62863,0.758519,0.72196,0.815691,0.778046,0.750279,0.678823,0.681049,0.627013,0.459533,0.662276,0.838663,1,0.874742,0.7049,0.526665,0.687559,0.757714,0.506555,0.540372,0.767096,0.649156,0.799528,0.769644,0.435882,0.767979,0.811975,0.443906,0.662365,0.677986,0.745466,0.387727,0.250282,0.558433,0.652602,0.673339,0.174041,0.632771,0.457584,0.578312,0.696523,0.668428,0.474652,0.667336
0.894352,0.834879,0.89192,0.811921,0.775739,0.81319,0.772764,0.41595,0.410647,0.700024,0.817743,0.788743,0.891358,0.808317,0.658199,0.814758,0.894576,0.748032,0.799266,0.864837,0.846431,0.531053,0.808416,0.90428,0.597411,0.866862,0.87037,0.740614,0.679267,0.362482,0.409741,0.477757,0.743141,0.758481,0.650564,0.470984,0.614368,0.751347,0.801867,0.875442,0.660672,0.687336,0.919241,0.854585,0.898861,0.867121,0.79089,0.734387,0.754752,0.724907,0.422173,0.742177,0.901766,0.874742,1,0.841146,0.732705,0.866765,0.905189,0.618813,0.522372,0.817051,0.693154,0.861273,0.860605,0.544727,0.832756,0.928963,0.549136,0.832097,0.813021,0.824826,0.412934,0.320494,0.640496,0.768018,0.800467,0.399759,0.723347,0.425342,0.568464,0.846485,0.776681,0.528426,0.714803
0.86821,0.863471,0.827256,0.795859,0.760384,0.732441,0.623396,0.405474,0.339193,0.667947,0.837339,0.613706,0.806159,0.807572,0.713062,0.856566,0.87361,0.741299,0.714447,0.814122,0.778335,0.36133,0.648177,0.815856,0.635258,0.865004,0.732618,0.577512,0.73094,0.505143,0.471106,0.382111,0.59517,0.67421,0.632353,0.438434,0.509385,0.661151,0.758973,0.834604,0.721703,0.589579,0.884051,0.85409,0.764856,0.680209,0.619667,0.761295,0.635498,0.554902,0.354305,0.57111,0.795197,0.7049,0.841146,1,0.595411,0.853695,0.812779,0.774787,0.449853,0.689011,0.654177,0.739067,0.77186,0.405591,0.698149,0.813022,0.433799,0.787914,0.759856,0.687041,0.331723,0.492032,0.535748,0.710504,0.660895,0.361514,0.76343,0.459368,0.38616,0.671023,0.736412,0.535794,0.755097
0.732697,0.591976,0.713991,0.595838,0.647617,0.622373,0.616817,0.461186,0.318529,0.503108,0.47721,0.644276,0.618341,0.698918,0.597623,0.594613,0.661251,0.635621,0.604669,0.594625,0.703694,0.420517,0.691254,0.711249,0.492626,0.650056,0.746501,0.487871,0.376794,0.316183,0.217973,0.463532,0.602312,0.686053,0.534217,0.201998,0.46031,0.470743,0.658911,0.664809,0.52393,0.567081,0.693574,0.626441,0.716317,0.599207,0.576472,0.547186,0.623372,0.744875,0.319443,0.677327,0.661593,0.526665,0.732705,0.595411,1,0.676623,0.679441,0.522944,0.388116,0.591045,0.552315,0.683723,0.674248,0.365101,0.725042,0.759103,0.422204,0.719184,0.768795,0.737701,0.380726,0.336292,0.649139,0.682086,0.642235,0.321403,0.600791,0.209493,0.576015,0.803715,0.609734,0.538457,0.47595
0.841139,0.829356,0.815547,0.670616,0.723477,0.71178,0.618156,0.338509,0.485873,0.682809,0.738774,0.671918,0.76854,0.744971,0.745354,0.861155,0.789562,0.765548,0.741097,0.814032,0.853409,0.309518,0.624935,0.795098,0.49778,0.787321,0.808658,0.656674,0.549582,0.422392,0.352305,0.373723,0.689842,0.816267,0.681637,0.356679,0.653626,0.706941,0.773246,0.827375,0.612198,0.583245,0.918903,0.847511,0.812282,0.769933,0.71469,0.671262,0.548321,0.701973,0.259987,0.658647,0.834498,0.687559,0.866765,0.853695,0.676623,1,0.820684,0.589696,0.447785,0.716018,0.668414,0.802138,0.824584,0.509535,0.733879,0.811293,0.471259,0.693208,0.782579,0.707669,0.372447,0.446386,0.586761,0.77097,0.751631,0.381288,0.694166,0.320347,0.412627,0.838674,0.735544,0.450777,0.674794
0.88701,0.839289,0.934918,0.855425,0.69492,0.674863,0.778836,0.462154,0.483386,0.783953,0.874635,0.725921,0.89785,0.752424,0.615367,0.762283,0.893248,0.740069,0.740705,0.874204,0.820753,0.446962,0.787303,0.936519,0.63121,0.837556,0.901741,0.617644,0.617793,0.440023,0.385993,0.409256,0.710431,0.709035,0.652005,0.473044,0.533036,0.778695,0.751409,0.792295,0.594637,0.597536,0.889007,0.789728,0.91579,0.815511,0.72845,0.693892,0.731544,0.773314,0.372414,0.792438,0.857824,0.757714,0.905189,0.812779,0.679441,0.820684,1,0.636371,0.536493,0.808065,0.635136,0.851579,0.824116,0.575738,0.836774,0.931198,0.568677,0.841433,0.849982,0.840897,0.327177,0.297411,0.672746,0.740337,0.731067,0.345977,0.722721,0.307392,0.4775,0.799431,0.676316,0.59833,0.693354
0.693123,0.674852,0.723354,0.663967,0.604606,0.524582,0.644536,0.474269,0.18179,0.499031,0.728661,0.449406,0.58754,0.713616,0.455655,0.633092,0.675028,0.65572,0.56038,0.597193,0.633789,0.264459,0.504975,0.71891,0.615667,0.754045,0.623921,0.466909,0.710657,0.289862,0.407315,0.359887,0.513169,0.560126,0.469044,0.314938,0.363021,0.535342,0.480707,0.63285,0.701377,0.46816,0.597378,0.639264,0.595412,0.500595,0.371337,0.435463,0.481421,0.49227,0.30104,0.521752,0.631121,0.506555,0.618813,0.774787,0.522944,0.589696,0.636371,1,0.358773,0.518018,0.501892,0.616798,0.624143,0.37866,0.586877,0.655737,0.439316,0.638439,0.652018,0.533093,0.413385,0.393335,0.413783,0.596542,0.504678,0.225292,0.649124,0.25093,0.421605,0.550785,0.613061,0.522276,0.59377
0.624194,0.545188,0.515577,0.556653,0.462563,0.550344,0.370078,0.234839,0.107625,0.337346,0.468669,0.521096,0.414653,0.34495,0.459936,0.399405,0.507538,0.492409,0.227654,0.453676,0.392076,0.381734,0.347043,0.506311,0.531963,0.509822,0.475002,0.411954,0.241524,0.193925,0.161474,0.291184,0.340338,0.315598,0.190849,0.356996,0.494306,0.321207,0.431156,0.426219,0.242172,0.321271,0.501431,0.576697,0.539929,0.369112,0.643386,0.532522,0.437397,0.359346,0.493953,0.502213,0.595719,0.540372,0.522372,0.449853,0.388116,0.447785,0.536493,0.358773,1,0.423264,0.251981,0.536403,0.343384,0.301075,0.627462,0.500894,0.0435264,0.466455,0.403992,0.546381,0.144468,0.165487,0.544034,0.209614,0.288267,0.335223,0.310953,0.0334148,0.572874,0.391808,0.534625,0.466613,0.428152
0.74421,0.689871,0.755883,0.654776,0.563562,0.635419,0.736008,0.437091,0.24283,0.513855,0.699483,0.598618,0.777421,0.702486,0.520455,0.666388,0.85314,0.665686,0.742299,0.722325,0.6458,0.450296,0.735584,0.858082,0.55038,0.794393,0.749209,0.574532,0.609957,0.322039,0.314538,0.435666,0.586849,0.618507,0.472438,0.475583,0.433094,0.60972,0.588385,0.730389,0.650448,0.636537,0.744909,0.698112,0.765074,0.707136,0.614752,0.673757,0.659478,0.682302,0.546884,0.586324,0.78075,0.767096,0.817051,0.689011,0.591045,0.716018,0.808065,0.518018,0.423264,1,0.630833,0.721572,0.712931,0.426404,0.738885,0.827621,0.435106,0.70682,0.678257,0.700111,0.240806,0.290425,0.497592,0.594345,0.63233,0.0986434,0.532577,0.383452,0.516488,0.681615,0.549392,0.505743,0.630765
0.584908,0.589318,0.653417,0.622308,0.76794,0.647375,0.667005,0.405635,0.293559,0.601385,0.567008,0.655551,0.655858,0.731198,0.487511,0.567209,0.638023,0.539524,0.830486,0.821369,0.780001,0.471328,0.684756,0.665655,0.465767,0.744717,0.71927,0.664683,0.63319,0.377971,0.495014,0.472097,0.477562,0.792978,0.532631,0.213118,0.590726,0.678966,0.73841,0.677383,0.559937,0.591573,0.666505,0.597874,0.665552,0.674188,0.532073,0.549662,0.58992,0.54928,0.117527,0.604022,0.742873,0.649156,0.693154,0.654177,0.552315,0.668414,0.635136,0.501892,0.251981,0.630833,1,0.785687,0.857215,0.303094,0.631228,0.634236,0.32709,0.6256,0.715256,0.578158,0.475202,0.430178,0.500821,0.701038,0.754232,0.380756,0.617243,0.418379,0.510974,0.70817,0.605134,0.440691,0.731896
0.817709,0.785588,0.869033,0.765402,0.819784,0.711546,0.772276,0.410213,0.400535,0.709977,0.784883,0.733011,0.771057,0.743889,0.64082,0.6885,0.769366,0.645113,0.822017,0.907549,0.899145,0.541715,0.779473,0.869946,0.606596,0.8268,0.924898,0.743515,0.669031,0.360141,0.46426,0.41515,0.712219,0.850531,0.631862,0.347867,0.612834,0.843996,0.831512,0.753203,0.579286,0.597344,0.828019,0.73106,0.88748,0.856867,0.801912,0.671391,0.65678,0.763448,0.22366,0.834871,0.89511,0.799528,0.861273,0.739067,0.683723,0.802138,0.851579,0.616798,0.536403,0.721572,0.785687,1,0.91221,0.451613,0.847548,0.840095,0.455655,0.75131,0.908533,0.874893,0.466331,0.311242,0.711404,0.775183,0.805934,0.403068,0.73387,0.299233,0.608494,0.890002,0.735927,0.552895,0.740465
0.753461,0.732585,0.821723,0.752858,0.865637,0.754265,0.833365,0.495307,0.467431,0.78893,0.75791,0.742878,0.787991,0.781532,0.608657,0.716763,0.760815,0.670285,0.869402,0.910209,0.915884,0.528016,0.777012,0.838859,0.524544,0.828825,0.882362,0.712778,0.687835,0.341852,0.536652,0.496033,0.689265,0.874309,0.711273,0.373525,0.615054,0.849933,0.837302,0.782287,0.69788,0.6213,0.840814,0.691291,0.854642,0.838512,0.724378,0.650435,0.657518,0.764746,0.157339,0.781891,0.862158,0.769644,0.860605,0.77186,0.674248,0.824584,0.824116,0.624143,0.343384,0.712931,0.857215,0.91221,1,0.553443,0.78936,0.840612,0.49298,0.779339,0.843779,0.739889,0.54474,0.382885,0.697215,0.86139,0.847843,0.445508,0.791272,0.435857,0.551479,0.881953,0.710534,0.542072,0.746459
0.466645,0.360857,0.560178,0.562533,0.5047,0.477338,0.594076,0.330697,0.508171,0.526411,0.526937,0.553522,0.621102,0.433269,0.229469,0.327675,0.484079,0.581888,0.420959,0.436327,0.516599,0.35117,0.381364,0.504086,0.299112,0.448931,0.532077,0.402167,0.296902,0.137607,0.273608,0.188083,0.458325,0.447029,0.434742,0.474812,0.476745,0.492812,0.344231,0.4362,0.480333,0.405027,0.528646,0.353713,0.575109,0.493947,0.545152,0.333572,0.495874,0.534455,0.2316,0.431794,0.509566,0.435882,0.544727,0.405591,0.365101,0.509535,0.575738,0.37866,0.301075,0.426404,0.303094,0.451613,0.553443,1,0.527112,0.564138,0.325919,0.461313,0.410366,0.332377,0.395987,0.0559033,0.449787,0.485425,0.465278,0.417428,0.423535,0.0657175,0.27432,0.565691,0.427992,0.371719,0.327018
0.857175,0.795776,0.874403,0.782374,0.746428,0.714928,0.665465,0.353285,0.33233,0.614184,0.714551,0.702526,0.761375,0.726132,0.722981,0.695399,0.768951,0.646325,0.703578,0.790392,0.831861,0.496399,0.817918,0.852163,0.582927,0.815849,0.849645,0.62403,0.587529,0.412368,0.386936,0.445242,0.758401,0.733499,0.597331,0.355626,0.528741,0.727348,0.786756,0.722787,0.618809,0.619684,0.800345,0.739292,0.89572,0.741551,0.726927,0.631248,0.718551,0.756581,0.483036,0.776892,0.836551,0.767979,0.832756,0.698149,0.725042,0.733879,0.836774,0.586877,0.627462,0.738885,0.631228,0.847548,0.78936,0.527112,1,0.857819,0.475339,0.795389,0.805279,0.831113,0.461711,0.28075,0.774663,0.731203,0.708523,0.341698,0.718578,0.170675,0.578285,0.783711,0.654968,0.597016,0.617381
0.889796,0.812921,0.919687,0.835938,0.759212,0.718938,0.784236,0.500999,0.401499,0.699887,0.847685,0.715647,0.860922,0.788182,0.635148,0.760978,0.913572,0.743646,0.760035,0.840261,0.830599,0.516219,0.85856,0.945407,0.607354,0.849781,0.889591,0.664122,0.641602,0.361552,0.480487,0.487629,0.756405,0.728343,0.663278,0.501494,0.519311,0.745763,0.767332,0.827522,0.741042,0.620532,0.88286,0.767449,0.917152,0.853357,0.75208,0.748686,0.802128,0.784114,0.531867,0.777891,0.862627,0.811975,0.928963,0.813022,0.759103,0.811293,0.931198,0.655737,0.500894,0.827621,0.634236,0.840095,0.840612,0.564138,0.857819,1,0.624158,0.858288,0.85629,0.85703,0.420846,0.310187,0.645677,0.748491,0.784871,0.34263,0.740788,0.43169,0.548044,0.823884,0.735367,0.620042,0.705647
0.475347,0.46785,0.58826,0.450347,0.321482,0.216852,0.45979,0.273551,0.182497,0.511894,0.537685,0.292622,0.54365,0.454303,0.218606,0.408337,0.509624,0.413604,0.514573,0.468633,0.541708,0.141431,0.48768,0.529712,-0.00379639,0.379043,0.504164,0.326835,0.381182,0.164099,0.214785,0.253819,0.583406,0.483441,0.436889,0.140304,0.0783988,0.402693,0.416884,0.407472,0.378424,0.216189,0.443014,0.369317,0.459096,0.539782,0.250318,0.378868,0.54292,0.554704,0.27746,0.447876,0.388408,0.443906,0.549136,0.433799,0.422204,0.471259,0.568677,0.439316,0.0435264,0.435106,0.32709,0.455655,0.49298,0.325919,0.475339,0.624158,1,0.371953,0.522471,0.484269,0.464556,-0.05671,0.421568,0.473423,0.467512,0.141734,0.381959,0.154693,0.16192,0.436858,0.38472,0.273746,0.403308
0.819635,0.777142,0.817711,0.829651,0.748616,0.738239,0.715436,0.538573,0.397801,0.622368,0.782635,0.743729,0.829986,0.74783,0.63273,0.758988,0.851959,0.660828,0.706421,0.774628,0.727995,0.480648,0.820979,0.865577,0.683053,0.81727,0.805908,0.515797,0.579355,0.366762,0.315246,0.564161,0.626799,0.654641,0.592663,0.461032,0.498062,0.699373,0.723376,0.771365,0.680372,0.672968,0.823683,0.761898,0.819962,0.691254,0.697555,0.716787,0.698934,0.641168,0.384835,0.745207,0.731018,0.662365,0.832097,0.787914,0.719184,0.693208,0.841433,0.638439,0.466455,0.70682,0.6256,0.75131,0.779339,0.461313,0.795389,0.858288,0.371953,1,0.768672,0.770276,0.252382,0.366931,0.597159,0.737957,0.670554,0.431044,0.737613,0.426795,0.53368,0.727021,0.706417,0.539638,0.656681
0.815239,0.736675,0.887042,0.741032,0.778231,0.583806,0.67636,0.457513,0.432576,0.658299,0.776968,0.607924,0.745669,0.752915,0.658431,0.688263,0.771815,0.599183,0.794348,0.829925,0.888904,0.437971,0.794138,0.867636,0.590844,0.807218,0.911122,0.63926,0.660059,0.48611,0.510256,0.327945,0.670969,0.811311,0.719694,0.328476,0.450702,0.756073,0.808796,0.74757,0.582367,0.663704,0.815376,0.672087,0.862168,0.819911,0.715455,0.650433,0.648798,0.745116,0.209706,0.746225,0.808783,0.677986,0.813021,0.759856,0.768795,0.782579,0.849982,0.652018,0.403992,0.678257,0.715256,0.908533,0.843779,0.410366,0.805279,0.85629,0.522471,0.768672,1,0.874351,0.436695,0.353167,0.632342,0.798785,0.830456,0.296229,0.788433,0.328996,0.517429,0.877473,0.691989,0.530212,0.675737
0.830015,0.774039,0.854392,0.754282,0.675767,0.640461,0.627845,0.361277,0.388678,0.59214,0.754319,0.667009,0.747904,0.6593,0.662283,0.68623,0.772535,0.527934,0.694079,0.803728,0.780907,0.512193,0.795087,0.831207,0.587252,0.745695,0.883656,0.61409,0.60339,0.459348,0.382412,0.444455,0.724612,0.632251,0.584544,0.337596,0.486112,0.707964,0.774952,0.717107,0.463017,0.549306,0.773959,0.710953,0.878368,0.777193,0.781861,0.690914,0.726727,0.753906,0.370307,0.823842,0.779532,0.745466,0.824826,0.687041,0.737701,0.707669,0.840897,0.533093,0.546381,0.700111,0.578158,0.874893,0.739889,0.332377,0.831113,0.85703,0.484269,0.770276,0.874351,1,0.277896,0.321518,0.690317,0.61652,0.677164,0.276618,0.718037,0.272066,0.557905,0.812808,0.666447,0.54771,0.678737
0.371287,0.264802,0.427537,0.336423,0.541646,0.435068,0.414875,0.332732,0.162125,0.349569,0.262048,0.299614,0.318611,0.383197,0.260921,0.318305,0.276755,0.472544,0.407907,0.39256,0.564369,0.290922,0.328919,0.365592,0.149814,0.404678,0.439346,0.373477,0.411696,-0.0129687,0.403888,0.226067,0.414799,0.547244,0.275118,0.168074,0.261488,0.394283,0.500822,0.291006,0.522496,0.178918,0.345345,0.222776,0.416804,0.438474,0.301569,0.280459,0.403949,0.447881,0.142437,0.312886,0.435759,0.387727,0.412934,0.331723,0.380726,0.372447,0.327177,0.413385,0.144468,0.240806,0.475202,0.466331,0.54474,0.395987,0.461711,0.420846,0.464556,0.252382,0.436695,0.277896,1,0.0807634,0.430298,0.525882,0.579882,0.345313,0.305967,0.157092,0.338455,0.449734,0.425324,0.335814,0.404475
0.296481,0.358499,0.336282,0.331494,0.434483,0.334771,0.266443,0.364092,0.304304,0.270005,0.396039,0.391563,0.297167,0.359893,0.426612,0.562502,0.366785,0.317546,0.426937,0.378017,0.361637,0.21363,0.280918,0.317988,0.450239,0.476975,0.347331,0.320198,0.421698,0.545456,0.277421,0.279547,0.169603,0.266774,0.378063,-0.0661911,0.410551,0.238025,0.43525,0.420405,0.385762,0.227596,0.331177,0.369353,0.304487,0.175894,0.192032,0.316694,0.27787,0.317964,0.125164,0.196888,0.364175,0.250282,0.320494,0.492032,0.336292,0.446386,0.297411,0.393335,0.165487,0.290425,0.430178,0.311242,0.382885,0.0559033,0.28075,0.310187,-0.05671,0.366931,0.353167,0.321518,0.0807634,1,0.0907824,0.330279,0.33611,0.0398059,0.390985,0.406412,0.189458,0.33503,0.448949,0.377976,0.426314
0.678048,0.609776,0.65211,0.598892,0.633871,0.618959,0.586197,0.254127,0.29004,0.655973,0.48552,0.573472,0.57199,0.485076,0.510853,0.460406,0.534828,0.531476,0.503026,0.638914,0.68925,0.394184,0.603543,0.609775,0.329619,0.533266,0.677666,0.388586,0.353358,0.278278,0.304723,0.376543,0.5918,0.581858,0.448844,0.198524,0.380942,0.539081,0.678486,0.511949,0.365841,0.34924,0.630246,0.550401,0.689149,0.53988,0.603245,0.548302,0.5726,0.654331,0.166343,0.700154,0.620595,0.558433,0.640496,0.535748,0.649139,0.586761,0.672746,0.413783,0.544034,0.497592,0.500821,0.711404,0.697215,0.449787,0.774663,0.645677,0.421568,0.597159,0.632342,0.690317,0.430298,0.0907824,1,0.557275,0.481813,0.435556,0.629229,0.000246779,0.488289,0.657791,0.454994,0.586763,0.547707
0.744136,0.70178,0.782752,0.679407,0.784207,0.676873,0.650599,0.464897,0.487584,0.659111,0.661402,0.618987,0.726218,0.772911,0.703611,0.699149,0.689244,0.669602,0.738476,0.770128,0.844821,0.379073,0.702067,0.776617,0.458855,0.740165,0.82159,0.581088,0.557094,0.38727,0.355806,0.373409,0.620772,0.832771,0.650601,0.302239,0.516186,0.705364,0.799118,0.702807,0.657457,0.643029,0.807123,0.673645,0.79028,0.726043,0.617496,0.521528,0.493994,0.667931,0.0725729,0.682805,0.727245,0.652602,0.768018,0.710504,0.682086,0.77097,0.740337,0.596542,0.209614,0.594345,0.701038,0.775183,0.86139,0.485425,0.731203,0.748491,0.473423,0.737957,0.798785,0.61652,0.525882,0.330279,0.557275,1,0.77961,0.369853,0.694016,0.393096,0.474194,0.825051,0.711833,0.393991,0.596578
0.695889,0.617774,0.76752,0.621494,0.776345,0.624751,0.65575,0.395633,0.345191,0.602275,0.671728,0.628053,0.692398,0.639782,0.572523,0.689577,0.701175,0.584912,0.751358,0.810893,0.851092,0.500586,0.737071,0.762677,0.485282,0.752413,0.807264,0.679227,0.618933,0.246634,0.554152,0.229778,0.65223,0.823843,0.695704,0.31899,0.550405,0.728583,0.763802,0.70086,0.624561,0.645565,0.79299,0.599533,0.802736,0.884322,0.68764,0.572501,0.61068,0.620246,0.236948,0.632935,0.805526,0.673339,0.800467,0.660895,0.642235,0.751631,0.731067,0.504678,0.288267,0.63233,0.754232,0.805934,0.847843,0.465278,0.708523,0.784871,0.467512,0.670554,0.830456,0.677164,0.579882,0.33611,0.481813,0.77961,1,0.407234,0.716158,0.477226,0.474394,0.834786,0.680877,0.440477,0.573897
0.369695,0.311902,0.31444,0.40358,0.498972,0.518563,0.352839,0.0974636,0.12427,0.29761,0.283933,0.604163,0.428997,0.252214,0.23456,0.378329,0.334678,0.373492,0.258316,0.406193,0.429428,0.375676,0.320475,0.2485,0.189066,0.238822,0.311649,0.286715,0.083113,-0.179675,0.210982,0.18111,0.366444,0.467395,0.273849,0.113857,0.469944,0.382619,0.423877,0.322379,0.22324,0.186599,0.474653,0.37617,0.387292,0.375778,0.459309,0.381455,0.408989,0.168553,0.00582634,0.392346,0.381173,0.174041,0.399759,0.361514,0.321403,0.381288,0.345977,0.225292,0.335223,0.0986434,0.380756,0.403068,0.445508,0.417428,0.341698,0.34263,0.141734,0.431044,0.296229,0.276618,0.345313,0.0398059,0.435556,0.369853,0.407234,1,0.293893,0.227994,0.267776,0.440061,0.467374,0.307352,0.41074
0.711144,0.669483,0.766906,0.693787,0.786445,0.618861,0.583171,0.298111,0.377195,0.6772,0.723856,0.540192,0.663073,0.632478,0.595093,0.641346,0.672967,0.496302,0.656952,0.771497,0.7843,0.328386,0.708735,0.721867,0.534692,0.73507,0.750688,0.537791,0.659782,0.504646,0.603059,0.271588,0.626771,0.6241,0.68181,0.319382,0.396841,0.704387,0.723363,0.694148,0.627667,0.598933,0.753127,0.607206,0.784057,0.690566,0.614892,0.556289,0.614881,0.610745,0.164453,0.619066,0.725042,0.632771,0.723347,0.76343,0.600791,0.694166,0.722721,0.649124,0.310953,0.532577,0.617243,0.73387,0.791272,0.423535,0.718578,0.740788,0.381959,0.737613,0.788433,0.718037,0.305967,0.390985,0.629229,0.694016,0.716158,0.293893,1,0.403391,0.411686,0.727823,0.546548,0.51718,0.564579
0.271319,0.252521,0.309071,0.362335,0.476452,0.382397,0.351415,0.236304,0.133012,0.281708,0.427188,0.2993,0.396174,0.383822,0.275027,0.389307,0.514349,0.329629,0.433055,0.471057,0.36354,0.469373,0.46644,0.394057,0.317657,0.455216,0.321781,0.423954,0.437447,0.116398,0.460185,0.229949,0.21626,0.274642,0.331293,0.187232,0.26933,0.26558,0.446722,0.464792,0.519082,0.419483,0.392439,0.259958,0.380053,0.388026,0.287825,0.420527,0.435759,0.142971,0.27399,0.211814,0.416049,0.457584,0.425342,0.459368,0.209493,0.320347,0.307392,0.25093,0.0334148,0.383452,0.418379,0.299233,0.435857,0.0657175,0.170675,0.43169,0.154693,0.426795,0.328996,0.272066,0.157092,0.406412,0.000246779,0.393096,0.477226,0.227994,0.403391,1,0.33099,0.33482,0.4911,0.20897,0.491063
0.552268,0.415849,0.526682,0.548493,0.599993,0.65775,0.522296,0.382356,0.0262219,0.322168,0.41169,0.555349,0.41245,0.458796,0.369094,0.31364,0.495942,0.476825,0.454128,0.520245,0.530196,0.409737,0.469525,0.550372,0.474652,0.584422,0.633464,0.534824,0.397159,0.117213,0.288527,0.560951,0.417032,0.528147,0.162919,0.449346,0.470215,0.351313,0.494558,0.54215,0.411788,0.496142,0.44725,0.438921,0.574848,0.46042,0.629222,0.354223,0.525128,0.563119,0.334234,0.586686,0.609995,0.578312,0.568464,0.38616,0.576015,0.412627,0.4775,0.421605,0.572874,0.516488,0.510974,0.608494,0.551479,0.27432,0.578285,0.548044,0.16192,0.53368,0.517429,0.557905,0.338455,0.189458,0.488289,0.474194,0.474394,0.267776,0.411686,0.33099,1,0.568202,0.637155,0.4532,0.494311
0.768572,0.695397,0.814947,0.657727,0.778041,0.692242,0.742169,0.420979,0.517895,0.637962,0.662718,0.720205,0.743399,0.732315,0.643861,0.693521,0.729861,0.684069,0.767444,0.802526,0.877482,0.537346,0.764156,0.818224,0.557322,0.750135,0.900408,0.731864,0.521379,0.297224,0.393723,0.406365,0.738903,0.852226,0.712584,0.294324,0.647358,0.74906,0.771581,0.743812,0.552991,0.654177,0.825887,0.69166,0.87601,0.817509,0.774366,0.58897,0.60861,0.77726,0.166965,0.799194,0.82404,0.696523,0.846485,0.671023,0.803715,0.838674,0.799431,0.550785,0.391808,0.681615,0.70817,0.890002,0.881953,0.565691,0.783711,0.823884,0.436858,0.727021,0.877473,0.812808,0.449734,0.33503,0.657791,0.825051,0.834786,0.440061,0.727823,0.33482,0.568202,1,0.721027,0.505237,0.617493
0.79247,0.762629,0.750661,0.721736,0.749072,0.734043,0.604567,0.451108,0.321103,0.485573,0.720249,0.67322,0.668692,0.699659,0.669938,0.708762,0.736387,0.744934,0.654443,0.731797,0.74614,0.46392,0.619784,0.720739,0.592855,0.744803,0.773321,0.706778,0.567171,0.278258,0.337198,0.466475,0.497682,0.715801,0.484147,0.298752,0.699212,0.514608,0.747179,0.750517,0.547208,0.524175,0.768424,0.775228,0.723179,0.677408,0.727637,0.646095,0.591942,0.529499,0.348563,0.659354,0.732471,0.668428,0.776681,0.736412,0.609734,0.735544,0.676316,0.613061,0.534625,0.549392,0.605134,0.735927,0.710534,0.427992,0.654968,0.735367,0.38472,0.706417,0.691989,0.666447,0.425324,0.448949,0.454994,0.711833,0.680877,0.467374,0.546548,0.4911,0.637155,0.721027,1,0.384671,0.75725
0.551966,0.480473,0.573576,0.538277,0.526105,0.568058,0.558217,0.323028,0.0122449,0.486437,0.47541,0.589749,0.577483,0.394375,0.284019,0.470191,0.614808,0.511093,0.377445,0.49663,0.471769,0.41212,0.485106,0.577818,0.496338,0.506821,0.523077,0.315391,0.326279,0.258819,0.32205,0.351559,0.542437,0.389716,0.355641,0.280418,0.207259,0.394499,0.454912,0.44571,0.493924,0.146609,0.469286,0.407549,0.590767,0.425757,0.388655,0.456366,0.604424,0.61964,0.296272,0.489094,0.53714,0.474652,0.528426,0.535794,0.538457,0.450777,0.59833,0.522276,0.466613,0.505743,0.440691,0.552895,0.542072,0.371719,0.597016,0.620042,0.273746,0.539638,0.530212,0.54771,0.335814,0.377976,0.586763,0.393991,0.440477,0.307352,0.51718,0.20897,0.4532,0.505237,0.384671,1,0.406008
0.721582,0.74487,0.710176,0.721243,0.703437,0.681987,0.651492,0.401142,0.315711,0.490735,0.689994,0.552347,0.658821,0.732695,0.566462,0.625094,0.718377,0.607903,0.756152,0.802479,0.747994,0.480149,0.685097,0.704279,0.505696,0.752397,0.728421,0.687451,0.662374,0.33209,0.470442,0.501691,0.401156,0.665689,0.502411,0.214982,0.552048,0.605871,0.783595,0.738866,0.528816,0.509644,0.715124,0.715359,0.690324,0.651248,0.579732,0.694125,0.606556,0.495628,0.318209,0.576614,0.7568,0.667336,0.714803,0.755097,0.47595,0.674794,0.693354,0.59377,0.428152,0.630765,0.731896,0.740465,0.746459,0.327018,0.617381,0.705647,0.403308,0.656681,0.675737,0.678737,0.404475,0.426314,0.547707,0.596578,0.573897,0.41074,0.564579,0.491063,0.494311,0.617493,0.75725,0.406008,1